speaker_id,utterance_count,valid_readable_wav_count,invalid_wav_count,zero_frame_count,duration_seconds,provenance_classes,exact_duplicate_file_count,candidate_source_group_count,positive_pair_support_status
1,141,141,0,0,423.0,train,0,141,at_least_two_nonzero_readable
2,166,166,0,0,498.0,train,0,166,at_least_two_nonzero_readable
3,153,153,0,0,459.0,train,0,153,at_least_two_nonzero_readable
4,12,12,0,0,36.0,train,0,12,at_least_two_nonzero_readable
5,12,12,0,0,36.0,train,0,12,at_least_two_nonzero_readable
6,109,109,0,0,327.0,train,0,109,at_least_two_nonzero_readable
7,159,159,0,0,477.0,train,0,159,at_least_two_nonzero_readable
8,10,10,0,0,30.0,train,0,10,at_least_two_nonzero_readable
9,46,46,0,0,138.0,train,0,46,at_least_two_nonzero_readable
10,45,45,0,0,135.0,train,0,45,at_least_two_nonzero_readable
11,414,414,0,0,1242.0,train,0,414,at_least_two_nonzero_readable
12,154,154,0,0,462.0,train,0,154,at_least_two_nonzero_readable
13,442,442,0,0,1326.0,train,0,442,at_least_two_nonzero_readable
14,7,7,0,0,21.0,train,0,7,at_least_two_nonzero_readable
15,469,469,0,0,1407.0,train,0,469,at_least_two_nonzero_readable
16,109,109,0,0,327.0,train,0,109,at_least_two_nonzero_readable
17,6,6,0,0,18.0,train,0,6,at_least_two_nonzero_readable
18,92,92,0,0,276.0,train,0,92,at_least_two_nonzero_readable
19,12,12,0,0,36.0,train,0,12,at_least_two_nonzero_readable
20,24,24,0,0,72.0,train,0,24,at_least_two_nonzero_readable
21,127,127,0,0,381.0,train,0,127,at_least_two_nonzero_readable
22,56,56,0,0,168.0,train,0,56,at_least_two_nonzero_readable
23,18,18,0,0,54.0,train,0,18,at_least_two_nonzero_readable
24,101,101,0,0,303.0,train,0,101,at_least_two_nonzero_readable
25,76,76,0,0,228.0,train,0,76,at_least_two_nonzero_readable
26,226,226,0,0,678.0,train,0,226,at_least_two_nonzero_readable
27,14,14,0,0,42.0,train,0,14,at_least_two_nonzero_readable
28,187,187,0,0,561.0,train,0,187,at_least_two_nonzero_readable
29,186,186,0,0,558.0,train,0,186,at_least_two_nonzero_readable
30,110,110,0,0,330.0,train,0,110,at_least_two_nonzero_readable
31,196,196,0,0,588.0,train,0,196,at_least_two_nonzero_readable
32,16,16,0,0,48.0,train,0,16,at_least_two_nonzero_readable
33,72,72,0,0,216.0,train,0,72,at_least_two_nonzero_readable
34,99,99,0,0,297.0,train,0,99,at_least_two_nonzero_readable
35,76,76,0,0,228.0,train,0,76,at_least_two_nonzero_readable
36,23,23,0,0,69.0,train,0,23,at_least_two_nonzero_readable
37,175,175,0,0,525.0,train,0,175,at_least_two_nonzero_readable
38,30,30,0,0,90.0,train,0,30,at_least_two_nonzero_readable
39,37,37,0,0,111.0,train,0,37,at_least_two_nonzero_readable
40,44,44,0,0,132.0,train,0,44,at_least_two_nonzero_readable
41,128,128,0,0,384.0,train,0,128,at_least_two_nonzero_readable
42,51,51,0,0,153.0,train,0,51,at_least_two_nonzero_readable
43,116,116,0,0,348.0,train,0,116,at_least_two_nonzero_readable
44,153,153,0,0,459.0,train,0,153,at_least_two_nonzero_readable
45,35,35,0,0,105.0,train,0,35,at_least_two_nonzero_readable
46,32,32,0,0,96.0,train,0,32,at_least_two_nonzero_readable
47,181,181,0,0,543.0,train,0,181,at_least_two_nonzero_readable
48,46,46,0,0,138.0,train,0,46,at_least_two_nonzero_readable
49,386,386,0,0,1158.0,train,0,386,at_least_two_nonzero_readable
50,146,146,0,0,438.0,train,0,146,at_least_two_nonzero_readable
51,26,26,0,0,78.0,train,0,26,at_least_two_nonzero_readable
52,5,5,0,0,15.0,train,0,5,at_least_two_nonzero_readable
53,102,102,0,0,306.0,train,0,102,at_least_two_nonzero_readable
54,13,13,0,0,39.0,train,0,13,at_least_two_nonzero_readable
55,74,74,0,0,222.0,train,0,74,at_least_two_nonzero_readable
56,277,277,0,0,831.0,train,0,277,at_least_two_nonzero_readable
57,319,319,0,0,957.0,train,0,319,at_least_two_nonzero_readable
58,122,122,0,0,366.0,train,0,122,at_least_two_nonzero_readable
59,12,12,0,0,36.0,train,0,12,at_least_two_nonzero_readable
60,235,235,0,0,705.0,train,0,235,at_least_two_nonzero_readable
61,66,66,0,0,198.0,train,0,66,at_least_two_nonzero_readable
62,90,90,0,0,270.0,train,0,90,at_least_two_nonzero_readable
63,38,38,0,0,114.0,train,0,38,at_least_two_nonzero_readable
64,169,169,0,0,507.0,train,0,169,at_least_two_nonzero_readable
65,130,130,0,0,390.0,train,0,130,at_least_two_nonzero_readable
66,21,21,0,0,63.0,train,0,21,at_least_two_nonzero_readable
67,4,4,0,0,12.0,train,0,4,at_least_two_nonzero_readable
68,414,414,0,0,1242.0,train,0,414,at_least_two_nonzero_readable
69,116,116,0,0,348.0,train,0,116,at_least_two_nonzero_readable
70,184,184,0,0,552.0,train,0,184,at_least_two_nonzero_readable
71,57,57,0,0,171.0,train,0,57,at_least_two_nonzero_readable
72,55,55,0,0,165.0,train,0,55,at_least_two_nonzero_readable
73,5,5,0,0,15.0,train,0,5,at_least_two_nonzero_readable
74,173,173,0,0,519.0,train,0,173,at_least_two_nonzero_readable
75,80,80,0,0,240.0,train,0,80,at_least_two_nonzero_readable
76,90,90,0,0,270.0,train,0,90,at_least_two_nonzero_readable
77,283,283,0,0,849.0,train,0,283,at_least_two_nonzero_readable
78,108,108,0,0,324.0,train,0,108,at_least_two_nonzero_readable
79,170,170,0,0,510.0,train,0,170,at_least_two_nonzero_readable
80,7,7,0,0,21.0,train,0,7,at_least_two_nonzero_readable
81,371,371,0,0,1113.0,train,0,371,at_least_two_nonzero_readable
82,48,48,0,0,144.0,train,0,48,at_least_two_nonzero_readable
83,60,60,0,0,180.0,train,0,60,at_least_two_nonzero_readable
84,31,31,0,0,93.0,train,0,31,at_least_two_nonzero_readable
85,363,363,0,0,1089.0,train,0,363,at_least_two_nonzero_readable
86,512,512,0,0,1536.0,train,0,512,at_least_two_nonzero_readable
87,5,5,0,0,15.0,train,0,5,at_least_two_nonzero_readable
88,4,4,0,0,12.0,train,0,4,at_least_two_nonzero_readable
89,131,131,0,0,393.0,train,0,131,at_least_two_nonzero_readable
90,114,114,0,0,342.0,train,0,114,at_least_two_nonzero_readable
91,260,260,0,0,780.0,train,0,260,at_least_two_nonzero_readable
92,87,87,0,0,261.0,train,0,87,at_least_two_nonzero_readable
93,413,413,0,0,1239.0,train,0,413,at_least_two_nonzero_readable
94,4,4,0,0,12.0,train,0,4,at_least_two_nonzero_readable
95,59,59,0,0,177.0,train,0,59,at_least_two_nonzero_readable
96,44,44,0,0,132.0,train,0,44,at_least_two_nonzero_readable
97,10,10,0,0,30.0,train,0,10,at_least_two_nonzero_readable
98,107,107,0,0,321.0,train,0,107,at_least_two_nonzero_readable
99,116,116,0,0,348.0,train,0,116,at_least_two_nonzero_readable
100,456,456,0,0,1368.0,train,0,456,at_least_two_nonzero_readable
101,319,319,0,0,957.0,train,0,319,at_least_two_nonzero_readable
102,345,345,0,0,1035.0,train,0,345,at_least_two_nonzero_readable
103,26,26,0,0,78.0,train,0,26,at_least_two_nonzero_readable
104,123,123,0,0,369.0,train,0,123,at_least_two_nonzero_readable
105,527,527,0,0,1581.0,train,0,527,at_least_two_nonzero_readable
106,380,380,0,0,1140.0,train,0,380,at_least_two_nonzero_readable
107,140,140,0,0,420.0,train,0,140,at_least_two_nonzero_readable
108,34,34,0,0,102.0,train,0,34,at_least_two_nonzero_readable
109,225,225,0,0,675.0,train,0,225,at_least_two_nonzero_readable
110,108,108,0,0,324.0,train,0,108,at_least_two_nonzero_readable
111,66,66,0,0,198.0,train,0,66,at_least_two_nonzero_readable
112,172,172,0,0,516.0,train,0,172,at_least_two_nonzero_readable
113,66,66,0,0,198.0,train,0,66,at_least_two_nonzero_readable
114,108,108,0,0,324.0,train,0,108,at_least_two_nonzero_readable
115,49,49,0,0,147.0,train,0,49,at_least_two_nonzero_readable
116,151,151,0,0,453.0,train,0,151,at_least_two_nonzero_readable
117,27,27,0,0,81.0,train,0,27,at_least_two_nonzero_readable
119,13,13,0,0,39.0,train,0,13,at_least_two_nonzero_readable
120,123,123,0,0,369.0,train,0,123,at_least_two_nonzero_readable
121,72,72,0,0,216.0,train,0,72,at_least_two_nonzero_readable
122,154,154,0,0,462.0,train,0,154,at_least_two_nonzero_readable
123,116,116,0,0,348.0,train,0,116,at_least_two_nonzero_readable
124,71,71,0,0,213.0,train,0,71,at_least_two_nonzero_readable
125,274,274,0,0,822.0,train,0,274,at_least_two_nonzero_readable
126,237,237,0,0,711.0,train,0,237,at_least_two_nonzero_readable
127,303,303,0,0,909.0,train,0,303,at_least_two_nonzero_readable
128,24,24,0,0,72.0,train,0,24,at_least_two_nonzero_readable
129,66,66,0,0,198.0,train,0,66,at_least_two_nonzero_readable
130,26,26,0,0,78.0,train,0,26,at_least_two_nonzero_readable
131,215,215,0,0,645.0,train,0,215,at_least_two_nonzero_readable
132,140,140,0,0,420.0,train,0,140,at_least_two_nonzero_readable
133,44,44,0,0,132.0,train,0,44,at_least_two_nonzero_readable
134,112,112,0,0,336.0,train,0,112,at_least_two_nonzero_readable
135,155,155,0,0,465.0,train,0,155,at_least_two_nonzero_readable
136,426,426,0,0,1278.0,train,0,426,at_least_two_nonzero_readable
137,92,92,0,0,276.0,train,0,92,at_least_two_nonzero_readable
138,64,64,0,0,192.0,train,0,64,at_least_two_nonzero_readable
139,55,55,0,0,165.0,train,0,55,at_least_two_nonzero_readable
140,22,22,0,0,66.0,train,0,22,at_least_two_nonzero_readable
141,35,35,0,0,105.0,train,0,35,at_least_two_nonzero_readable
142,10,10,0,0,30.0,train,0,10,at_least_two_nonzero_readable
143,419,419,0,0,1257.0,train,0,419,at_least_two_nonzero_readable
144,338,338,0,0,1014.0,train,0,338,at_least_two_nonzero_readable
145,58,58,0,0,174.0,train,0,58,at_least_two_nonzero_readable
146,26,26,0,0,78.0,train,0,26,at_least_two_nonzero_readable
147,189,189,0,0,567.0,train,0,189,at_least_two_nonzero_readable
148,108,108,0,0,324.0,train,0,108,at_least_two_nonzero_readable
149,122,122,0,0,366.0,train,0,122,at_least_two_nonzero_readable
150,59,59,0,0,177.0,train,0,59,at_least_two_nonzero_readable
151,76,76,0,0,228.0,train,0,76,at_least_two_nonzero_readable
152,18,18,0,0,54.0,train,0,18,at_least_two_nonzero_readable
153,44,44,0,0,132.0,train,0,44,at_least_two_nonzero_readable
154,302,302,0,0,906.0,train,0,302,at_least_two_nonzero_readable
155,227,227,0,0,681.0,train,0,227,at_least_two_nonzero_readable
156,143,143,0,0,429.0,train,0,143,at_least_two_nonzero_readable
157,54,54,0,0,162.0,train,0,54,at_least_two_nonzero_readable
158,190,190,0,0,570.0,train,0,190,at_least_two_nonzero_readable
159,179,179,0,0,537.0,train,0,179,at_least_two_nonzero_readable
160,10,10,0,0,30.0,train,0,10,at_least_two_nonzero_readable
161,25,25,0,0,75.0,train,0,25,at_least_two_nonzero_readable
162,175,175,0,0,525.0,train,0,175,at_least_two_nonzero_readable
163,56,56,0,0,168.0,train,0,56,at_least_two_nonzero_readable
164,298,298,0,0,894.0,train,0,298,at_least_two_nonzero_readable
165,314,314,0,0,942.0,train,0,314,at_least_two_nonzero_readable
166,9,9,0,0,27.0,train,0,9,at_least_two_nonzero_readable
167,73,73,0,0,219.0,train,0,73,at_least_two_nonzero_readable
168,180,180,0,0,540.0,train,0,180,at_least_two_nonzero_readable
169,468,468,0,0,1404.0,train,0,468,at_least_two_nonzero_readable
170,473,473,0,0,1419.0,train,0,473,at_least_two_nonzero_readable
171,44,44,0,0,132.0,train,0,44,at_least_two_nonzero_readable
172,46,46,0,0,138.0,train,0,46,at_least_two_nonzero_readable
173,339,339,0,0,1017.0,train,0,339,at_least_two_nonzero_readable
174,123,123,0,0,369.0,train,0,123,at_least_two_nonzero_readable
175,37,37,0,0,111.0,train,0,37,at_least_two_nonzero_readable
176,107,107,0,0,321.0,train,0,107,at_least_two_nonzero_readable
177,125,125,0,0,375.0,train,0,125,at_least_two_nonzero_readable
178,24,24,0,0,72.0,train,0,24,at_least_two_nonzero_readable
179,84,84,0,0,252.0,train,0,84,at_least_two_nonzero_readable
180,195,195,0,0,585.0,train,0,195,at_least_two_nonzero_readable
181,61,61,0,0,183.0,train,0,61,at_least_two_nonzero_readable
182,52,52,0,0,156.0,train,0,52,at_least_two_nonzero_readable
183,163,163,0,0,489.0,train,0,163,at_least_two_nonzero_readable
184,199,199,0,0,597.0,train,0,199,at_least_two_nonzero_readable
185,98,98,0,0,294.0,train,0,98,at_least_two_nonzero_readable
186,76,76,0,0,228.0,train,0,76,at_least_two_nonzero_readable
187,51,51,0,0,153.0,train,0,51,at_least_two_nonzero_readable
188,469,469,0,0,1407.0,train,0,469,at_least_two_nonzero_readable
189,38,38,0,0,114.0,train,0,38,at_least_two_nonzero_readable
190,522,522,0,0,1566.0,train,0,522,at_least_two_nonzero_readable
191,35,35,0,0,105.0,train,0,35,at_least_two_nonzero_readable
192,3,3,0,0,9.0,train,0,3,at_least_two_nonzero_readable
193,18,18,0,0,54.0,train,0,18,at_least_two_nonzero_readable
194,13,13,0,0,39.0,train,0,13,at_least_two_nonzero_readable
195,8,8,0,0,24.0,train,0,8,at_least_two_nonzero_readable
196,59,59,0,0,177.0,train,0,59,at_least_two_nonzero_readable
197,142,142,0,0,426.0,train,0,142,at_least_two_nonzero_readable
198,149,149,0,0,447.0,train,0,149,at_least_two_nonzero_readable
199,73,73,0,0,219.0,train,0,73,at_least_two_nonzero_readable
200,91,91,0,0,273.0,train,0,91,at_least_two_nonzero_readable
201,80,80,0,0,240.0,train,0,80,at_least_two_nonzero_readable
202,28,28,0,0,84.0,train,0,28,at_least_two_nonzero_readable
203,95,95,0,0,285.0,train,0,95,at_least_two_nonzero_readable
204,135,135,0,0,405.0,train,0,135,at_least_two_nonzero_readable
205,180,180,0,0,540.0,train,0,180,at_least_two_nonzero_readable
206,77,77,0,0,231.0,train,0,77,at_least_two_nonzero_readable
207,5,5,0,0,15.0,train,0,5,at_least_two_nonzero_readable
208,106,106,0,0,318.0,train,0,106,at_least_two_nonzero_readable
209,10,10,0,0,30.0,train,0,10,at_least_two_nonzero_readable
210,140,140,0,0,420.0,train,0,140,at_least_two_nonzero_readable
211,8,8,0,0,24.0,train,0,8,at_least_two_nonzero_readable
212,385,385,0,0,1155.0,train,0,385,at_least_two_nonzero_readable
213,72,72,0,0,216.0,train,0,72,at_least_two_nonzero_readable
214,6,6,0,0,18.0,train,0,6,at_least_two_nonzero_readable
215,19,19,0,0,57.0,train,0,19,at_least_two_nonzero_readable
216,68,68,0,0,204.0,train,0,68,at_least_two_nonzero_readable
217,152,152,0,0,456.0,train,0,152,at_least_two_nonzero_readable
218,35,35,0,0,105.0,train,0,35,at_least_two_nonzero_readable
219,52,52,0,0,156.0,train,0,52,at_least_two_nonzero_readable
220,24,24,0,0,72.0,train,0,24,at_least_two_nonzero_readable
221,75,75,0,0,225.0,train,0,75,at_least_two_nonzero_readable
222,22,22,0,0,66.0,train,0,22,at_least_two_nonzero_readable
223,186,186,0,0,558.0,train,0,186,at_least_two_nonzero_readable
224,63,63,0,0,189.0,train,0,63,at_least_two_nonzero_readable
225,67,67,0,0,201.0,train,0,67,at_least_two_nonzero_readable
226,28,28,0,0,84.0,train,0,28,at_least_two_nonzero_readable
227,35,35,0,0,105.0,train,0,35,at_least_two_nonzero_readable
228,142,142,0,0,426.0,train,0,142,at_least_two_nonzero_readable
229,146,146,0,0,438.0,train,0,146,at_least_two_nonzero_readable
230,223,223,0,0,669.0,train,0,223,at_least_two_nonzero_readable
231,271,271,0,0,813.0,train,0,271,at_least_two_nonzero_readable
232,8,8,0,0,24.0,train,0,8,at_least_two_nonzero_readable
233,161,161,0,0,483.0,train,0,161,at_least_two_nonzero_readable
234,58,58,0,0,174.0,train,0,58,at_least_two_nonzero_readable
235,122,122,0,0,366.0,train,0,122,at_least_two_nonzero_readable
236,8,8,0,0,24.0,train,0,8,at_least_two_nonzero_readable
237,321,321,0,0,963.0,train,0,321,at_least_two_nonzero_readable
238,25,25,0,0,75.0,train,0,25,at_least_two_nonzero_readable
239,70,70,0,0,210.0,train,0,70,at_least_two_nonzero_readable
240,90,90,0,0,270.0,train,0,90,at_least_two_nonzero_readable
241,21,21,0,0,63.0,train,0,21,at_least_two_nonzero_readable
242,46,46,0,0,138.0,train,0,46,at_least_two_nonzero_readable
243,167,167,0,0,501.0,train,0,167,at_least_two_nonzero_readable
244,15,15,0,0,45.0,train,0,15,at_least_two_nonzero_readable
245,147,147,0,0,441.0,train,0,147,at_least_two_nonzero_readable
246,110,110,0,0,330.0,train,0,110,at_least_two_nonzero_readable
247,37,37,0,0,111.0,train,0,37,at_least_two_nonzero_readable
248,346,346,0,0,1038.0,train,0,346,at_least_two_nonzero_readable
249,73,73,0,0,219.0,train,0,73,at_least_two_nonzero_readable
250,58,58,0,0,174.0,train,0,58,at_least_two_nonzero_readable
251,23,23,0,0,69.0,train,0,23,at_least_two_nonzero_readable
252,181,181,0,0,543.0,train,0,181,at_least_two_nonzero_readable
253,113,113,0,0,339.0,train,0,113,at_least_two_nonzero_readable
254,44,44,0,0,132.0,train,0,44,at_least_two_nonzero_readable
255,103,103,0,0,309.0,train,0,103,at_least_two_nonzero_readable
256,82,82,0,0,246.0,train,0,82,at_least_two_nonzero_readable
257,65,65,0,0,195.0,train,0,65,at_least_two_nonzero_readable
258,41,41,0,0,123.0,train,0,41,at_least_two_nonzero_readable
259,349,349,0,0,1047.0,train,0,349,at_least_two_nonzero_readable
260,20,20,0,0,60.0,train,0,20,at_least_two_nonzero_readable
261,40,40,0,0,120.0,train,0,40,at_least_two_nonzero_readable
262,142,142,0,0,426.0,train,0,142,at_least_two_nonzero_readable
263,260,260,0,0,780.0,train,0,260,at_least_two_nonzero_readable
264,157,157,0,0,471.0,train,0,157,at_least_two_nonzero_readable
265,111,111,0,0,333.0,train,0,111,at_least_two_nonzero_readable
266,21,21,0,0,63.0,train,0,21,at_least_two_nonzero_readable
267,58,58,0,0,174.0,train,0,58,at_least_two_nonzero_readable
268,252,252,0,0,756.0,train,0,252,at_least_two_nonzero_readable
269,97,97,0,0,291.0,train,0,97,at_least_two_nonzero_readable
270,75,75,0,0,225.0,train,0,75,at_least_two_nonzero_readable
271,196,196,0,0,588.0,train,0,196,at_least_two_nonzero_readable
272,65,65,0,0,195.0,train,0,65,at_least_two_nonzero_readable
273,38,38,0,0,114.0,train,0,38,at_least_two_nonzero_readable
274,121,121,0,0,363.0,train,0,121,at_least_two_nonzero_readable
275,377,377,0,0,1131.0,train,0,377,at_least_two_nonzero_readable
276,104,104,0,0,312.0,train,0,104,at_least_two_nonzero_readable
277,279,279,0,0,837.0,train,0,279,at_least_two_nonzero_readable
278,61,61,0,0,183.0,train,0,61,at_least_two_nonzero_readable
279,176,176,0,0,528.0,train,0,176,at_least_two_nonzero_readable
280,37,37,0,0,111.0,train,0,37,at_least_two_nonzero_readable
281,35,35,0,0,105.0,train,0,35,at_least_two_nonzero_readable
282,27,27,0,0,81.0,train,0,27,at_least_two_nonzero_readable
283,107,107,0,0,321.0,train,0,107,at_least_two_nonzero_readable
284,22,22,0,0,66.0,train,0,22,at_least_two_nonzero_readable
285,6,6,0,0,18.0,train,0,6,at_least_two_nonzero_readable
286,236,236,0,0,708.0,train,0,236,at_least_two_nonzero_readable
287,31,31,0,0,93.0,train,0,31,at_least_two_nonzero_readable
288,42,42,0,0,126.0,train,0,42,at_least_two_nonzero_readable
289,222,222,0,0,666.0,train,0,222,at_least_two_nonzero_readable
290,124,124,0,0,372.0,train,0,124,at_least_two_nonzero_readable
291,7,7,0,0,21.0,train,0,7,at_least_two_nonzero_readable
292,331,331,0,0,993.0,train,0,331,at_least_two_nonzero_readable
293,266,266,0,0,798.0,train,0,266,at_least_two_nonzero_readable
294,230,230,0,0,690.0,train,0,230,at_least_two_nonzero_readable
295,263,263,0,0,789.0,train,0,263,at_least_two_nonzero_readable
296,42,42,0,0,126.0,train,0,42,at_least_two_nonzero_readable
297,50,50,0,0,150.0,train,0,50,at_least_two_nonzero_readable
298,70,70,0,0,210.0,train,0,70,at_least_two_nonzero_readable
299,19,19,0,0,57.0,train,0,19,at_least_two_nonzero_readable
300,311,311,0,0,933.0,train,0,311,at_least_two_nonzero_readable
301,9,9,0,0,27.0,train,0,9,at_least_two_nonzero_readable
302,87,87,0,0,261.0,train,0,87,at_least_two_nonzero_readable
303,64,64,0,0,192.0,train,0,64,at_least_two_nonzero_readable
304,299,299,0,0,897.0,train,0,299,at_least_two_nonzero_readable
305,117,117,0,0,351.0,train,0,117,at_least_two_nonzero_readable
306,26,26,0,0,78.0,train,0,26,at_least_two_nonzero_readable
307,20,20,0,0,60.0,train,0,20,at_least_two_nonzero_readable
308,18,18,0,0,54.0,train,0,18,at_least_two_nonzero_readable
309,59,59,0,0,177.0,train,0,59,at_least_two_nonzero_readable
310,67,67,0,0,201.0,train,0,67,at_least_two_nonzero_readable
311,187,187,0,0,561.0,train,0,187,at_least_two_nonzero_readable
312,172,172,0,0,516.0,train,0,172,at_least_two_nonzero_readable
313,5,5,0,0,15.0,train,0,5,at_least_two_nonzero_readable
314,160,160,0,0,480.0,train,0,160,at_least_two_nonzero_readable
315,87,87,0,0,261.0,train,0,87,at_least_two_nonzero_readable
316,92,92,0,0,276.0,train,0,92,at_least_two_nonzero_readable
317,92,92,0,0,276.0,train,0,92,at_least_two_nonzero_readable
318,254,254,0,0,762.0,train,0,254,at_least_two_nonzero_readable
319,35,35,0,0,105.0,train,0,35,at_least_two_nonzero_readable
320,79,79,0,0,237.0,train,0,79,at_least_two_nonzero_readable
321,71,71,0,0,213.0,train,0,71,at_least_two_nonzero_readable
322,15,15,0,0,45.0,train,0,15,at_least_two_nonzero_readable
323,373,373,0,0,1119.0,train,0,373,at_least_two_nonzero_readable
324,164,164,0,0,492.0,train,0,164,at_least_two_nonzero_readable
325,234,234,0,0,702.0,train,0,234,at_least_two_nonzero_readable
326,135,135,0,0,405.0,train,0,135,at_least_two_nonzero_readable
327,43,43,0,0,129.0,train,0,43,at_least_two_nonzero_readable
328,14,14,0,0,42.0,train,0,14,at_least_two_nonzero_readable
329,94,94,0,0,282.0,train,0,94,at_least_two_nonzero_readable
330,97,97,0,0,291.0,train,0,97,at_least_two_nonzero_readable
331,57,57,0,0,171.0,train,0,57,at_least_two_nonzero_readable
332,96,96,0,0,288.0,train,0,96,at_least_two_nonzero_readable
333,107,107,0,0,321.0,train,0,107,at_least_two_nonzero_readable
334,58,58,0,0,174.0,train,0,58,at_least_two_nonzero_readable
335,154,154,0,0,462.0,train,0,154,at_least_two_nonzero_readable
336,332,332,0,0,996.0,train,0,332,at_least_two_nonzero_readable
337,141,141,0,0,423.0,train,0,141,at_least_two_nonzero_readable
338,8,8,0,0,24.0,train,0,8,at_least_two_nonzero_readable
339,29,29,0,0,87.0,train,0,29,at_least_two_nonzero_readable
340,56,56,0,0,168.0,train,0,56,at_least_two_nonzero_readable
341,138,138,0,0,414.0,train,0,138,at_least_two_nonzero_readable
342,28,28,0,0,84.0,train,0,28,at_least_two_nonzero_readable
343,129,129,0,0,387.0,train,0,129,at_least_two_nonzero_readable
344,107,107,0,0,321.0,train,0,107,at_least_two_nonzero_readable
345,265,265,0,0,795.0,train,0,265,at_least_two_nonzero_readable
346,266,266,0,0,798.0,train,0,266,at_least_two_nonzero_readable
347,7,7,0,0,21.0,train,0,7,at_least_two_nonzero_readable
348,238,238,0,0,714.0,train,0,238,at_least_two_nonzero_readable
349,504,504,0,0,1512.0,train,0,504,at_least_two_nonzero_readable
350,444,444,0,0,1332.0,train,0,444,at_least_two_nonzero_readable
351,164,164,0,0,492.0,train,0,164,at_least_two_nonzero_readable
352,15,15,0,0,45.0,train,0,15,at_least_two_nonzero_readable
353,16,16,0,0,48.0,train,0,16,at_least_two_nonzero_readable
354,61,61,0,0,183.0,train,0,61,at_least_two_nonzero_readable
355,37,37,0,0,111.0,train,0,37,at_least_two_nonzero_readable
356,233,233,0,0,699.0,train,0,233,at_least_two_nonzero_readable
357,33,33,0,0,99.0,train,0,33,at_least_two_nonzero_readable
358,22,22,0,0,66.0,train,0,22,at_least_two_nonzero_readable
359,53,53,0,0,159.0,train,0,53,at_least_two_nonzero_readable
360,9,9,0,0,27.0,train,0,9,at_least_two_nonzero_readable
361,449,449,0,0,1347.0,train,0,449,at_least_two_nonzero_readable
362,46,46,0,0,138.0,train,0,46,at_least_two_nonzero_readable
363,76,76,0,0,228.0,train,0,76,at_least_two_nonzero_readable
364,6,6,0,0,18.0,train,0,6,at_least_two_nonzero_readable
365,150,150,0,0,450.0,train,0,150,at_least_two_nonzero_readable
366,125,125,0,0,375.0,train,0,125,at_least_two_nonzero_readable
367,312,312,0,0,936.0,train,0,312,at_least_two_nonzero_readable
368,5,5,0,0,15.0,train,0,5,at_least_two_nonzero_readable
369,87,87,0,0,261.0,train,0,87,at_least_two_nonzero_readable
370,77,77,0,0,231.0,train,0,77,at_least_two_nonzero_readable
371,85,85,0,0,255.0,train,0,85,at_least_two_nonzero_readable
372,85,85,0,0,255.0,train,0,85,at_least_two_nonzero_readable
373,386,386,0,0,1158.0,train,0,386,at_least_two_nonzero_readable
374,216,216,0,0,648.0,train,0,216,at_least_two_nonzero_readable
375,30,30,0,0,90.0,train,0,30,at_least_two_nonzero_readable
376,116,116,0,0,348.0,train,0,116,at_least_two_nonzero_readable
377,36,36,0,0,108.0,train,0,36,at_least_two_nonzero_readable
378,75,75,0,0,225.0,train,0,75,at_least_two_nonzero_readable
379,185,185,0,0,555.0,train,0,185,at_least_two_nonzero_readable
380,10,10,0,0,30.0,train,0,10,at_least_two_nonzero_readable
381,58,58,0,0,174.0,train,0,58,at_least_two_nonzero_readable
382,11,11,0,0,33.0,train,0,11,at_least_two_nonzero_readable
383,141,141,0,0,423.0,train,0,141,at_least_two_nonzero_readable
384,59,59,0,0,177.0,train,0,59,at_least_two_nonzero_readable
385,332,332,0,0,996.0,train,0,332,at_least_two_nonzero_readable
386,520,520,0,0,1560.0,train,0,520,at_least_two_nonzero_readable
387,119,119,0,0,357.0,train,0,119,at_least_two_nonzero_readable
388,23,23,0,0,69.0,train,0,23,at_least_two_nonzero_readable
389,70,70,0,0,210.0,train,0,70,at_least_two_nonzero_readable
390,152,152,0,0,456.0,train,0,152,at_least_two_nonzero_readable
391,29,29,0,0,87.0,train,0,29,at_least_two_nonzero_readable
392,46,46,0,0,138.0,train,0,46,at_least_two_nonzero_readable
393,61,61,0,0,183.0,train,0,61,at_least_two_nonzero_readable
394,82,82,0,0,246.0,train,0,82,at_least_two_nonzero_readable
395,118,118,0,0,354.0,train,0,118,at_least_two_nonzero_readable
396,175,175,0,0,525.0,train,0,175,at_least_two_nonzero_readable
397,51,51,0,0,153.0,train,0,51,at_least_two_nonzero_readable
398,124,124,0,0,372.0,train,0,124,at_least_two_nonzero_readable
399,489,489,0,0,1467.0,train,0,489,at_least_two_nonzero_readable
400,515,515,0,0,1545.0,train,0,515,at_least_two_nonzero_readable
401,60,60,0,0,180.0,train,0,60,at_least_two_nonzero_readable
402,86,86,0,0,258.0,train,0,86,at_least_two_nonzero_readable
403,4,4,0,0,12.0,train,0,4,at_least_two_nonzero_readable
404,36,36,0,0,108.0,train,0,36,at_least_two_nonzero_readable
405,289,289,0,0,867.0,train,0,289,at_least_two_nonzero_readable
406,8,8,0,0,24.0,train,0,8,at_least_two_nonzero_readable
407,401,401,0,0,1203.0,train,0,401,at_least_two_nonzero_readable
408,309,309,0,0,927.0,train,0,309,at_least_two_nonzero_readable
409,26,26,0,0,78.0,train,0,26,at_least_two_nonzero_readable
410,39,39,0,0,117.0,train,0,39,at_least_two_nonzero_readable
411,8,8,0,0,24.0,train,0,8,at_least_two_nonzero_readable
412,11,11,0,0,33.0,train,0,11,at_least_two_nonzero_readable
413,98,98,0,0,294.0,train,0,98,at_least_two_nonzero_readable
414,69,69,0,0,207.0,train,0,69,at_least_two_nonzero_readable
415,172,172,0,0,516.0,train,0,172,at_least_two_nonzero_readable
416,167,167,0,0,501.0,train,0,167,at_least_two_nonzero_readable
417,109,109,0,0,327.0,train,0,109,at_least_two_nonzero_readable
418,14,14,0,0,42.0,train,0,14,at_least_two_nonzero_readable
419,426,426,0,0,1278.0,train,0,426,at_least_two_nonzero_readable
420,517,517,0,0,1551.0,train,0,517,at_least_two_nonzero_readable
421,139,139,0,0,417.0,train,0,139,at_least_two_nonzero_readable
422,461,461,0,0,1383.0,train,0,461,at_least_two_nonzero_readable
423,42,42,0,0,126.0,train,0,42,at_least_two_nonzero_readable
424,162,162,0,0,486.0,train,0,162,at_least_two_nonzero_readable
425,82,82,0,0,246.0,train,0,82,at_least_two_nonzero_readable
426,152,152,0,0,456.0,train,0,152,at_least_two_nonzero_readable
427,193,193,0,0,579.0,train,0,193,at_least_two_nonzero_readable
1000,1,1,0,0,3.0,train,0,1,fewer_than_two_nonzero_readable
1001,3,3,0,0,9.0,train|train_small,0,3,at_least_two_nonzero_readable
1003,1,1,0,0,3.0,train,0,1,fewer_than_two_nonzero_readable
1004,4,4,0,0,12.0,train|train_small,0,4,at_least_two_nonzero_readable
1005,1,1,0,0,3.0,train,0,1,fewer_than_two_nonzero_readable
1006,217,217,0,0,651.0,train|train_small,0,217,at_least_two_nonzero_readable
1007,13,13,0,0,39.0,train|train_small,0,13,at_least_two_nonzero_readable
1008,1,1,0,0,3.0,test,0,1,fewer_than_two_nonzero_readable
1009,18,18,0,0,54.0,train|train_small,0,18,at_least_two_nonzero_readable
1010,2,2,0,0,6.0,test,0,2,at_least_two_nonzero_readable
1011,5,5,0,0,15.0,train|train_small,0,5,at_least_two_nonzero_readable
1012,2,2,0,0,6.0,train|train_small,0,2,at_least_two_nonzero_readable
1013,1,1,0,0,3.0,train,0,1,fewer_than_two_nonzero_readable
1014,6,6,0,0,18.0,train|train_small,0,6,at_least_two_nonzero_readable
1016,3,3,0,0,9.0,train|train_small,0,3,at_least_two_nonzero_readable
1017,4,4,0,0,12.0,train,0,4,at_least_two_nonzero_readable
1018,11,11,0,0,33.0,train|train_small,0,11,at_least_two_nonzero_readable
1019,2,2,0,0,6.0,train_small,0,2,at_least_two_nonzero_readable
1020,28,28,0,0,84.0,train,0,28,at_least_two_nonzero_readable
1022,9,9,0,0,27.0,train|train_small,0,9,at_least_two_nonzero_readable
1024,26,26,0,0,78.0,test,0,26,at_least_two_nonzero_readable
1025,47,47,0,0,141.0,train|train_small,0,47,at_least_two_nonzero_readable
1026,11,11,0,0,33.0,train|train_small,0,11,at_least_two_nonzero_readable
1027,272,272,0,0,816.0,test,0,272,at_least_two_nonzero_readable
1028,108,108,0,0,324.0,train|train_small,0,108,at_least_two_nonzero_readable
1029,533,533,0,0,1599.0,train|train_small,0,533,at_least_two_nonzero_readable
1030,293,293,0,0,879.0,train|train_small,0,293,at_least_two_nonzero_readable
1031,51,51,0,0,153.0,train,0,51,at_least_two_nonzero_readable
1032,90,90,0,0,270.0,train,0,90,at_least_two_nonzero_readable
1033,102,102,0,0,306.0,train|train_small,0,102,at_least_two_nonzero_readable
1034,26,26,0,0,78.0,train,0,26,at_least_two_nonzero_readable
1035,30,30,0,0,90.0,test,0,30,at_least_two_nonzero_readable
1036,41,41,0,0,123.0,train|train_small,0,41,at_least_two_nonzero_readable
1037,13,13,0,0,39.0,train|train_small,0,13,at_least_two_nonzero_readable
1038,33,33,0,0,99.0,train,0,33,at_least_two_nonzero_readable
1039,47,47,0,0,141.0,test,0,47,at_least_two_nonzero_readable
1040,1,1,0,0,3.0,train,0,1,fewer_than_two_nonzero_readable
1041,44,44,0,0,132.0,train|train_small,0,44,at_least_two_nonzero_readable
1042,70,70,0,0,210.0,train|train_small,0,70,at_least_two_nonzero_readable
1043,14,14,0,0,42.0,train,0,14,at_least_two_nonzero_readable
1044,26,26,0,0,78.0,train|train_small,0,26,at_least_two_nonzero_readable
1045,23,23,0,0,69.0,train|train_small,0,23,at_least_two_nonzero_readable
1046,21,21,0,0,63.0,train|train_small,0,21,at_least_two_nonzero_readable
1047,28,28,0,0,84.0,train|train_small,0,28,at_least_two_nonzero_readable
1048,5,5,0,0,15.0,test,0,5,at_least_two_nonzero_readable
1049,8,8,0,0,24.0,train,0,8,at_least_two_nonzero_readable
1050,8,8,0,0,24.0,train,0,8,at_least_two_nonzero_readable
1051,15,15,0,0,45.0,train|train_small,0,15,at_least_two_nonzero_readable
1052,9,9,0,0,27.0,train|train_small,0,9,at_least_two_nonzero_readable
1053,4,4,0,0,12.0,test,0,4,at_least_two_nonzero_readable
1054,3,3,0,0,9.0,train,0,3,at_least_two_nonzero_readable
1055,5,5,0,0,15.0,train|train_small,0,5,at_least_two_nonzero_readable
1056,6,6,0,0,18.0,train|train_small,0,6,at_least_two_nonzero_readable
1057,194,194,0,0,582.0,train,0,194,at_least_two_nonzero_readable
1058,212,212,0,0,636.0,test,0,212,at_least_two_nonzero_readable
1059,192,192,0,0,576.0,test,0,192,at_least_two_nonzero_readable
1060,196,196,0,0,588.0,train,0,196,at_least_two_nonzero_readable
1061,390,390,0,0,1170.0,train|train_small,0,390,at_least_two_nonzero_readable
1062,203,203,0,0,609.0,train,0,203,at_least_two_nonzero_readable
1063,174,174,0,0,522.0,train,0,174,at_least_two_nonzero_readable
1064,170,170,0,0,510.0,train,0,170,at_least_two_nonzero_readable
1065,110,110,0,0,330.0,train,0,110,at_least_two_nonzero_readable
1066,4,4,0,0,12.0,train,0,4,at_least_two_nonzero_readable
1067,8,8,0,0,24.0,train|train_small,0,8,at_least_two_nonzero_readable
1068,156,156,0,0,468.0,test,0,156,at_least_two_nonzero_readable
1069,154,154,0,0,462.0,test,0,154,at_least_two_nonzero_readable
1070,4,4,0,0,12.0,train,0,4,at_least_two_nonzero_readable
1071,2,2,0,0,6.0,train_small,0,2,at_least_two_nonzero_readable
1072,3,3,0,0,9.0,train|train_small,0,3,at_least_two_nonzero_readable
1073,68,68,0,0,204.0,train|train_small,0,68,at_least_two_nonzero_readable
1074,243,243,0,0,729.0,test,0,243,at_least_two_nonzero_readable
1075,93,93,0,0,279.0,test,0,93,at_least_two_nonzero_readable
1076,31,31,0,0,93.0,train,0,31,at_least_two_nonzero_readable
1077,8,8,0,0,24.0,train|train_small,0,8,at_least_two_nonzero_readable
1078,4,4,0,0,12.0,test,0,4,at_least_two_nonzero_readable
1079,3,3,0,0,9.0,train,0,3,at_least_two_nonzero_readable
1080,3,3,0,0,9.0,train|train_small,0,3,at_least_two_nonzero_readable
1081,5,5,0,0,15.0,train|train_small,0,5,at_least_two_nonzero_readable
1082,55,55,0,0,165.0,train,0,55,at_least_two_nonzero_readable
1083,13,13,0,0,39.0,train|train_small,0,13,at_least_two_nonzero_readable
1084,14,14,0,0,42.0,train|train_small,0,14,at_least_two_nonzero_readable
1085,3,3,0,0,9.0,train,0,3,at_least_two_nonzero_readable
1086,6,6,0,0,18.0,train|train_small,0,6,at_least_two_nonzero_readable
1087,1,1,0,0,3.0,train,0,1,fewer_than_two_nonzero_readable
1088,6,6,0,0,18.0,train|train_small,0,6,at_least_two_nonzero_readable
1089,6,6,0,0,18.0,train|train_small,0,6,at_least_two_nonzero_readable
1090,38,38,0,0,114.0,train,0,38,at_least_two_nonzero_readable
1091,51,51,0,0,153.0,train|train_small,0,51,at_least_two_nonzero_readable
1092,5,5,0,0,15.0,test,0,5,at_least_two_nonzero_readable
1093,5,5,0,0,15.0,train|train_small,0,5,at_least_two_nonzero_readable
1094,12,12,0,0,36.0,test,0,12,at_least_two_nonzero_readable
1095,6,6,0,0,18.0,train|train_small,0,6,at_least_two_nonzero_readable
1096,14,14,0,0,42.0,train|train_small,0,14,at_least_two_nonzero_readable
1097,1,1,0,0,3.0,train,0,1,fewer_than_two_nonzero_readable
1098,5,5,0,0,15.0,train_small,0,5,at_least_two_nonzero_readable
1099,3,3,0,0,9.0,train_small,0,3,at_least_two_nonzero_readable
1100,2,2,0,0,6.0,train_small,0,2,at_least_two_nonzero_readable
1101,2,2,0,0,6.0,train_small,0,2,at_least_two_nonzero_readable
1103,3,3,0,0,9.0,train|train_small,0,3,at_least_two_nonzero_readable
1104,5,5,0,0,15.0,train_small,0,5,at_least_two_nonzero_readable
1105,3,3,0,0,9.0,train_small,0,3,at_least_two_nonzero_readable
1106,27,27,0,0,81.0,test,0,27,at_least_two_nonzero_readable
1107,2,2,0,0,6.0,test,0,2,at_least_two_nonzero_readable
1108,3,3,0,0,9.0,train_small,0,3,at_least_two_nonzero_readable
1109,92,92,0,0,276.0,train_small,0,92,at_least_two_nonzero_readable
1110,344,344,0,0,1032.0,train|train_small,0,344,at_least_two_nonzero_readable
1111,120,120,0,0,360.0,train|train_small,0,120,at_least_two_nonzero_readable
1112,121,121,0,0,363.0,train|train_small,0,121,at_least_two_nonzero_readable
1113,8,8,0,0,24.0,train|train_small,0,8,at_least_two_nonzero_readable
1114,70,70,0,0,210.0,train|train_small,0,70,at_least_two_nonzero_readable
1115,40,40,0,0,120.0,train_small,0,40,at_least_two_nonzero_readable
1116,9,9,0,0,27.0,train|train_small,0,9,at_least_two_nonzero_readable
1117,34,34,0,0,102.0,train_small,0,34,at_least_two_nonzero_readable
1118,39,39,0,0,117.0,train_small,0,39,at_least_two_nonzero_readable
1119,17,17,0,0,51.0,train_small,0,17,at_least_two_nonzero_readable
1120,15,15,0,0,45.0,test,0,15,at_least_two_nonzero_readable
1121,7,7,0,0,21.0,train_small,0,7,at_least_two_nonzero_readable
1122,8,8,0,0,24.0,train_small,0,8,at_least_two_nonzero_readable
1123,7,7,0,0,21.0,test,0,7,at_least_two_nonzero_readable
1124,6,6,0,0,18.0,train|train_small,0,6,at_least_two_nonzero_readable
1125,5,5,0,0,15.0,train|train_small,0,5,at_least_two_nonzero_readable
1126,16,16,0,0,48.0,train_small,0,16,at_least_two_nonzero_readable
1127,14,14,0,0,42.0,train_small,0,14,at_least_two_nonzero_readable
1128,28,28,0,0,84.0,train,0,28,at_least_two_nonzero_readable
1129,11,11,0,0,33.0,test,0,11,at_least_two_nonzero_readable
1130,4,4,0,0,12.0,train_small,0,4,at_least_two_nonzero_readable
1131,7,7,0,0,21.0,train|train_small,0,7,at_least_two_nonzero_readable
1132,45,45,0,0,135.0,train|train_small,0,45,at_least_two_nonzero_readable
1133,32,32,0,0,96.0,train,0,32,at_least_two_nonzero_readable
1134,80,80,0,0,240.0,train|train_small,0,80,at_least_two_nonzero_readable
1135,36,36,0,0,108.0,train|train_small,0,36,at_least_two_nonzero_readable
1136,11,11,0,0,33.0,train|train_small,0,11,at_least_two_nonzero_readable
1137,4,4,0,0,12.0,test,0,4,at_least_two_nonzero_readable
1138,138,138,0,0,414.0,train|train_small,0,138,at_least_two_nonzero_readable
1139,7,7,0,0,21.0,train,0,7,at_least_two_nonzero_readable
1140,4,4,0,0,12.0,train,0,4,at_least_two_nonzero_readable
1141,5,5,0,0,15.0,train|train_small,0,5,at_least_two_nonzero_readable
1142,4,4,0,0,12.0,train|train_small,0,4,at_least_two_nonzero_readable
1143,4,4,0,0,12.0,train|train_small,0,4,at_least_two_nonzero_readable
1144,12,12,0,0,36.0,train,0,12,at_least_two_nonzero_readable
1145,5,5,0,0,15.0,train|train_small,0,5,at_least_two_nonzero_readable
1146,2,2,0,0,6.0,train,0,2,at_least_two_nonzero_readable
1147,5,5,0,0,15.0,train|train_small,0,5,at_least_two_nonzero_readable
1148,2686,2686,0,0,8058.0,train,0,2686,at_least_two_nonzero_readable
1149,3,3,0,0,9.0,train|train_small,0,3,at_least_two_nonzero_readable
1150,4,4,0,0,12.0,train,0,4,at_least_two_nonzero_readable
1151,2,2,0,0,6.0,train,0,2,at_least_two_nonzero_readable
1152,3,3,0,0,9.0,train,0,3,at_least_two_nonzero_readable
1153,1,1,0,0,3.0,test,0,1,fewer_than_two_nonzero_readable
1154,5,5,0,0,15.0,train|train_small,0,5,at_least_two_nonzero_readable
1155,3,3,0,0,9.0,train,0,3,at_least_two_nonzero_readable
1156,15,15,0,0,45.0,train|train_small,0,15,at_least_two_nonzero_readable
1157,25,25,0,0,75.0,train|train_small,0,25,at_least_two_nonzero_readable
1158,1613,1613,0,0,4839.0,train|train_small,0,1613,at_least_two_nonzero_readable
1159,3,3,0,0,9.0,test,0,3,at_least_two_nonzero_readable
1160,368,368,0,0,1104.0,train,0,368,at_least_two_nonzero_readable
1161,4,4,0,0,12.0,train,0,4,at_least_two_nonzero_readable
1162,17,17,0,0,51.0,train|train_small,0,17,at_least_two_nonzero_readable
1163,9,9,0,0,27.0,train|train_small,0,9,at_least_two_nonzero_readable
1164,5,5,0,0,15.0,train,0,5,at_least_two_nonzero_readable
1165,2,2,0,0,6.0,train_small,0,2,at_least_two_nonzero_readable
1166,7,7,0,0,21.0,train|train_small,0,7,at_least_two_nonzero_readable
1167,218,218,0,0,654.0,train|train_small,0,218,at_least_two_nonzero_readable
1168,20,20,0,0,60.0,train|train_small,0,20,at_least_two_nonzero_readable
1169,3,3,0,0,9.0,train|train_small,0,3,at_least_two_nonzero_readable
1170,6,6,0,0,18.0,train,0,6,at_least_two_nonzero_readable
1171,162,162,0,0,486.0,train|train_small,0,162,at_least_two_nonzero_readable
1172,75,75,0,0,225.0,train,0,75,at_least_two_nonzero_readable
1173,33,33,0,0,99.0,test,0,33,at_least_two_nonzero_readable
1174,23,23,0,0,69.0,train,0,23,at_least_two_nonzero_readable
1175,6,6,0,0,18.0,test,0,6,at_least_two_nonzero_readable
1176,12,12,0,0,36.0,train|train_small,0,12,at_least_two_nonzero_readable
1177,7,7,0,0,21.0,train|train_small,0,7,at_least_two_nonzero_readable
1178,6,6,0,0,18.0,train|train_small,0,6,at_least_two_nonzero_readable
1179,21,21,0,0,63.0,test,0,21,at_least_two_nonzero_readable
1180,21,21,0,0,63.0,train|train_small,0,21,at_least_two_nonzero_readable
1181,9,9,0,0,27.0,train,0,9,at_least_two_nonzero_readable
1182,10,10,0,0,30.0,train|train_small,0,10,at_least_two_nonzero_readable
1183,1,1,0,0,3.0,train_small,0,1,fewer_than_two_nonzero_readable
1184,52,52,0,0,156.0,test,0,52,at_least_two_nonzero_readable
1185,14,14,0,0,42.0,train,0,14,at_least_two_nonzero_readable
1186,32,32,0,0,96.0,train|train_small,0,32,at_least_two_nonzero_readable
1187,4,4,0,0,12.0,train|train_small,0,4,at_least_two_nonzero_readable
1188,2,2,0,0,6.0,test,0,2,at_least_two_nonzero_readable
1189,86,86,0,0,258.0,train|train_small,0,86,at_least_two_nonzero_readable
1190,46,46,0,0,138.0,test,0,46,at_least_two_nonzero_readable
1191,9,9,0,0,27.0,train,0,9,at_least_two_nonzero_readable
1192,3,3,0,0,9.0,train|train_small,0,3,at_least_two_nonzero_readable
1193,97,97,0,0,291.0,train|train_small,0,97,at_least_two_nonzero_readable
1194,4,4,0,0,12.0,train,0,4,at_least_two_nonzero_readable
1195,69,69,0,0,207.0,train|train_small,0,69,at_least_two_nonzero_readable
1196,22,22,0,0,66.0,train,0,22,at_least_two_nonzero_readable
1197,6,6,0,0,18.0,train|train_small,0,6,at_least_two_nonzero_readable
1198,52,52,0,0,156.0,train,0,52,at_least_two_nonzero_readable
1199,18,18,0,0,54.0,train|train_small,0,18,at_least_two_nonzero_readable
1200,10,10,0,0,30.0,train|train_small,0,10,at_least_two_nonzero_readable
1201,32,32,0,0,96.0,train,0,32,at_least_two_nonzero_readable
1202,11,11,0,0,33.0,train|train_small,0,11,at_least_two_nonzero_readable
1203,6,6,0,0,18.0,train|train_small,0,6,at_least_two_nonzero_readable
1204,5,5,0,0,15.0,train,0,5,at_least_two_nonzero_readable
1205,1,1,0,0,3.0,train_small,0,1,fewer_than_two_nonzero_readable
1206,75,75,0,0,225.0,train|train_small,0,75,at_least_two_nonzero_readable
1207,12,12,0,0,36.0,train|train_small,0,12,at_least_two_nonzero_readable
1208,2,2,0,0,6.0,train,0,2,at_least_two_nonzero_readable
1209,9,9,0,0,27.0,train|train_small,0,9,at_least_two_nonzero_readable
1210,1,1,0,0,3.0,train,0,1,fewer_than_two_nonzero_readable
1211,104,104,0,0,312.0,train|train_small,0,104,at_least_two_nonzero_readable
1212,27,27,0,0,81.0,train,0,27,at_least_two_nonzero_readable
1213,4,4,0,0,12.0,train,0,4,at_least_two_nonzero_readable
1214,44,44,0,0,132.0,train|train_small,0,44,at_least_two_nonzero_readable
1215,63,63,0,0,189.0,train|train_small,0,63,at_least_two_nonzero_readable
1216,17,17,0,0,51.0,train|train_small,0,17,at_least_two_nonzero_readable
1217,13,13,0,0,39.0,train|train_small,0,13,at_least_two_nonzero_readable
1218,6,6,0,0,18.0,train|train_small,0,6,at_least_two_nonzero_readable
1219,3,3,0,0,9.0,train,0,3,at_least_two_nonzero_readable
1220,33,33,0,0,99.0,test,0,33,at_least_two_nonzero_readable
1221,6,6,0,0,18.0,train,0,6,at_least_two_nonzero_readable
1222,63,63,0,0,189.0,train,0,63,at_least_two_nonzero_readable
1223,9,9,0,0,27.0,train,0,9,at_least_two_nonzero_readable
1224,51,51,0,0,153.0,train|train_small,0,51,at_least_two_nonzero_readable
1225,15,15,0,0,45.0,train,0,15,at_least_two_nonzero_readable
1226,26,26,0,0,78.0,train,0,26,at_least_two_nonzero_readable
1227,8,8,0,0,24.0,test,0,8,at_least_two_nonzero_readable
1228,78,78,0,0,234.0,train|train_small,0,78,at_least_two_nonzero_readable
1229,5,5,0,0,15.0,train,0,5,at_least_two_nonzero_readable
1230,12,12,0,0,36.0,test,0,12,at_least_two_nonzero_readable
1231,3,3,0,0,9.0,train,0,3,at_least_two_nonzero_readable
1232,52,52,0,0,156.0,train|train_small,0,52,at_least_two_nonzero_readable
1233,5,5,0,0,15.0,train|train_small,0,5,at_least_two_nonzero_readable
1234,2,2,0,0,6.0,train,0,2,at_least_two_nonzero_readable
1235,5,5,0,0,15.0,train,0,5,at_least_two_nonzero_readable
1236,11,11,0,0,33.0,train,0,11,at_least_two_nonzero_readable
1237,4,4,0,0,12.0,train|train_small,0,4,at_least_two_nonzero_readable
1238,62,62,0,0,186.0,train|train_small,0,62,at_least_two_nonzero_readable
1239,2,2,0,0,6.0,train,0,2,at_least_two_nonzero_readable
1240,5,5,0,0,15.0,train|train_small,0,5,at_least_two_nonzero_readable
1241,7,7,0,0,21.0,train|train_small,0,7,at_least_two_nonzero_readable
1242,29,29,0,0,87.0,train|train_small,0,29,at_least_two_nonzero_readable
1243,59,59,0,0,177.0,train|train_small,0,59,at_least_two_nonzero_readable
1244,3,3,0,0,9.0,train,0,3,at_least_two_nonzero_readable
1245,5,5,0,0,15.0,train,0,5,at_least_two_nonzero_readable
1246,35,35,0,0,105.0,train|train_small,0,35,at_least_two_nonzero_readable
1247,7,7,0,0,21.0,train,0,7,at_least_two_nonzero_readable
1248,5,5,0,0,15.0,train,0,5,at_least_two_nonzero_readable
1249,32,32,0,0,96.0,train|train_small,0,32,at_least_two_nonzero_readable
1250,2,2,0,0,6.0,train,0,2,at_least_two_nonzero_readable
1251,16,16,0,0,48.0,train|train_small,0,16,at_least_two_nonzero_readable
1252,29,29,0,0,87.0,train|train_small,0,29,at_least_two_nonzero_readable
1253,12,12,0,0,36.0,train|train_small,0,12,at_least_two_nonzero_readable
1254,18,18,0,0,54.0,train,0,18,at_least_two_nonzero_readable
1255,9,9,0,0,27.0,train|train_small,0,9,at_least_two_nonzero_readable
1256,2,2,0,0,6.0,train|train_small,0,2,at_least_two_nonzero_readable
1257,14,14,0,0,42.0,train|train_small,0,14,at_least_two_nonzero_readable
1258,12,12,0,0,36.0,train,0,12,at_least_two_nonzero_readable
1259,1,1,0,0,3.0,train,0,1,fewer_than_two_nonzero_readable
1260,3,3,0,0,9.0,train_small,0,3,at_least_two_nonzero_readable
1261,17,17,0,0,51.0,train,0,17,at_least_two_nonzero_readable
1262,8,8,0,0,24.0,train|train_small,0,8,at_least_two_nonzero_readable
1263,21,21,0,0,63.0,train|train_small,0,21,at_least_two_nonzero_readable
1264,20,20,0,0,60.0,train|train_small,0,20,at_least_two_nonzero_readable
1265,6,6,0,0,18.0,train,0,6,at_least_two_nonzero_readable
1266,5,5,0,0,15.0,train|train_small,0,5,at_least_two_nonzero_readable
1267,6,6,0,0,18.0,train|train_small,0,6,at_least_two_nonzero_readable
1268,10,10,0,0,30.0,train|train_small,0,10,at_least_two_nonzero_readable
1269,8,8,0,0,24.0,train|train_small,0,8,at_least_two_nonzero_readable
1270,166,166,0,0,498.0,train|train_small,0,166,at_least_two_nonzero_readable
1271,19,19,0,0,57.0,train,0,19,at_least_two_nonzero_readable
1272,10,10,0,0,30.0,train|train_small,0,10,at_least_two_nonzero_readable
1273,5,5,0,0,15.0,test,0,5,at_least_two_nonzero_readable
1274,11,11,0,0,33.0,train|train_small,0,11,at_least_two_nonzero_readable
1275,7,7,0,0,21.0,train|train_small,0,7,at_least_two_nonzero_readable
1276,2,2,0,0,6.0,train|train_small,0,2,at_least_two_nonzero_readable
1277,27,27,0,0,81.0,train|train_small,0,27,at_least_two_nonzero_readable
1278,20,20,0,0,60.0,train|train_small,0,20,at_least_two_nonzero_readable
1279,3,3,0,0,9.0,train|train_small,0,3,at_least_two_nonzero_readable
1280,7,7,0,0,21.0,train,0,7,at_least_two_nonzero_readable
1281,38,38,0,0,114.0,train|train_small,0,38,at_least_two_nonzero_readable
1282,21,21,0,0,63.0,train|train_small,0,21,at_least_two_nonzero_readable
1283,36,36,0,0,108.0,train|train_small,0,36,at_least_two_nonzero_readable
1284,29,29,0,0,87.0,train|train_small,0,29,at_least_two_nonzero_readable
1285,19,19,0,0,57.0,train,0,19,at_least_two_nonzero_readable
1287,30,30,0,0,90.0,train|train_small,0,30,at_least_two_nonzero_readable
1288,28,28,0,0,84.0,train|train_small,0,28,at_least_two_nonzero_readable
1289,31,31,0,0,93.0,train|train_small,0,31,at_least_two_nonzero_readable
1290,32,32,0,0,96.0,train|train_small,0,32,at_least_two_nonzero_readable
1291,18,18,0,0,54.0,train|train_small,0,18,at_least_two_nonzero_readable
1292,79,79,0,0,237.0,train|train_small,0,79,at_least_two_nonzero_readable
1293,4,4,0,0,12.0,train|train_small,0,4,at_least_two_nonzero_readable
1294,69,69,0,0,207.0,train|train_small,0,69,at_least_two_nonzero_readable
1295,81,81,0,0,243.0,train,0,81,at_least_two_nonzero_readable
1296,12,12,0,0,36.0,train|train_small,0,12,at_least_two_nonzero_readable
1297,3,3,0,0,9.0,train,0,3,at_least_two_nonzero_readable
1298,1,1,0,0,3.0,train,0,1,fewer_than_two_nonzero_readable
1299,1921,1921,0,0,5763.0,train|train_small,0,1921,at_least_two_nonzero_readable
1300,2,2,0,0,6.0,train|train_small,0,2,at_least_two_nonzero_readable
1301,38,38,0,0,114.0,train|train_small,0,38,at_least_two_nonzero_readable
1302,3,3,0,0,9.0,train|train_small,0,3,at_least_two_nonzero_readable
1303,1,1,0,0,3.0,train_small,0,1,fewer_than_two_nonzero_readable
1304,24,24,0,0,72.0,train,0,24,at_least_two_nonzero_readable
1305,367,367,0,0,1101.0,train|train_small,0,367,at_least_two_nonzero_readable
1306,12,12,0,0,36.0,train|train_small,0,12,at_least_two_nonzero_readable
1307,14,14,0,0,42.0,train|train_small,0,14,at_least_two_nonzero_readable
1308,128,128,0,0,384.0,train|train_small,0,128,at_least_two_nonzero_readable
1309,112,112,0,0,336.0,train|train_small,0,112,at_least_two_nonzero_readable
1311,6,6,0,0,18.0,train,0,6,at_least_two_nonzero_readable
1313,3037,3037,0,0,9111.0,train,0,3037,at_least_two_nonzero_readable
1314,2,2,0,0,6.0,train,0,2,at_least_two_nonzero_readable
1315,25,25,0,0,75.0,train|train_small,0,25,at_least_two_nonzero_readable
1316,3,3,0,0,9.0,train|train_small,0,3,at_least_two_nonzero_readable
1317,296,296,0,0,888.0,train|train_small,0,296,at_least_two_nonzero_readable
1319,4,4,0,0,12.0,train|train_small,0,4,at_least_two_nonzero_readable
1320,11,11,0,0,33.0,train|train_small,0,11,at_least_two_nonzero_readable
1321,63,63,0,0,189.0,train,0,63,at_least_two_nonzero_readable
1322,95,95,0,0,285.0,train|train_small,0,95,at_least_two_nonzero_readable
1323,13,13,0,0,39.0,train|train_small,0,13,at_least_two_nonzero_readable
1324,4,4,0,0,12.0,train|train_small,0,4,at_least_two_nonzero_readable
1325,73,73,0,0,219.0,train|train_small,0,73,at_least_two_nonzero_readable
1326,6,6,0,0,18.0,train,0,6,at_least_two_nonzero_readable
1327,6,6,0,0,18.0,train|train_small,0,6,at_least_two_nonzero_readable
1328,2,2,0,0,6.0,train_small,0,2,at_least_two_nonzero_readable
1329,4,4,0,0,12.0,train|train_small,0,4,at_least_two_nonzero_readable
1330,7,7,0,0,21.0,train|train_small,0,7,at_least_two_nonzero_readable
1331,25,25,0,0,75.0,train|train_small,0,25,at_least_two_nonzero_readable
1332,1,1,0,0,3.0,train,0,1,fewer_than_two_nonzero_readable
1333,1,1,0,0,3.0,train,0,1,fewer_than_two_nonzero_readable
1334,10,10,0,0,30.0,train|train_small,0,10,at_least_two_nonzero_readable
1335,3,3,0,0,9.0,train|train_small,0,3,at_least_two_nonzero_readable
1336,2,2,0,0,6.0,train_small,0,2,at_least_two_nonzero_readable
1337,7,7,0,0,21.0,train,0,7,at_least_two_nonzero_readable
1338,5,5,0,0,15.0,train|train_small,0,5,at_least_two_nonzero_readable
1339,54,54,0,0,162.0,train|train_small,0,54,at_least_two_nonzero_readable
1340,37,37,0,0,111.0,train,0,37,at_least_two_nonzero_readable
1341,51,51,0,0,153.0,train|train_small,0,51,at_least_two_nonzero_readable
1342,36,36,0,0,108.0,train|train_small,0,36,at_least_two_nonzero_readable
1343,10,10,0,0,30.0,train|train_small,0,10,at_least_two_nonzero_readable
1344,4,4,0,0,12.0,train|train_small,0,4,at_least_two_nonzero_readable
1345,6,6,0,0,18.0,train|train_small,0,6,at_least_two_nonzero_readable
1346,10,10,0,0,30.0,train|train_small,0,10,at_least_two_nonzero_readable
1347,2,2,0,0,6.0,train|train_small,0,2,at_least_two_nonzero_readable
1348,9,9,0,0,27.0,train|train_small,0,9,at_least_two_nonzero_readable
1349,5,5,0,0,15.0,train,0,5,at_least_two_nonzero_readable
1350,7,7,0,0,21.0,train,0,7,at_least_two_nonzero_readable
1351,1,1,0,0,3.0,train_small,0,1,fewer_than_two_nonzero_readable
1352,4,4,0,0,12.0,train|train_small,0,4,at_least_two_nonzero_readable
1353,8,8,0,0,24.0,train|train_small,0,8,at_least_two_nonzero_readable
1354,2,2,0,0,6.0,train,0,2,at_least_two_nonzero_readable
1355,1,1,0,0,3.0,train,0,1,fewer_than_two_nonzero_readable
1356,1,1,0,0,3.0,train,0,1,fewer_than_two_nonzero_readable
1357,1,1,0,0,3.0,train,0,1,fewer_than_two_nonzero_readable
1358,1,1,0,0,3.0,train,0,1,fewer_than_two_nonzero_readable
1359,1,1,0,0,3.0,train,0,1,fewer_than_two_nonzero_readable
1360,205,205,0,0,615.0,train|train_small,0,205,at_least_two_nonzero_readable
1361,3,3,0,0,9.0,train|train_small,0,3,at_least_two_nonzero_readable
1362,91,91,0,0,273.0,train|train_small,0,91,at_least_two_nonzero_readable
1363,130,130,0,0,390.0,train|train_small,0,130,at_least_two_nonzero_readable
1364,32,32,0,0,96.0,train|train_small,0,32,at_least_two_nonzero_readable
1365,74,74,0,0,222.0,train|train_small,0,74,at_least_two_nonzero_readable
1366,116,116,0,0,348.0,train|train_small,0,116,at_least_two_nonzero_readable
1367,122,122,0,0,366.0,train|train_small,0,122,at_least_two_nonzero_readable
1368,64,64,0,0,192.0,train|train_small,0,64,at_least_two_nonzero_readable
1369,16,16,0,0,48.0,train|train_small,0,16,at_least_two_nonzero_readable
1370,934,934,0,0,2802.0,train|train_small,0,934,at_least_two_nonzero_readable
1372,403,403,0,0,1209.0,train|train_small,0,403,at_least_two_nonzero_readable
1373,30,30,0,0,90.0,train,0,30,at_least_two_nonzero_readable
1374,4,4,0,0,12.0,train|train_small,0,4,at_least_two_nonzero_readable
1375,10,10,0,0,30.0,train,0,10,at_least_two_nonzero_readable
1376,139,139,0,0,417.0,test,0,139,at_least_two_nonzero_readable
1377,1,1,0,0,3.0,train_small,0,1,fewer_than_two_nonzero_readable
1378,1,1,0,0,3.0,train,0,1,fewer_than_two_nonzero_readable
1380,3,3,0,0,9.0,train,0,3,at_least_two_nonzero_readable
1381,11,11,0,0,33.0,train|train_small,0,11,at_least_two_nonzero_readable
1382,14,14,0,0,42.0,train|train_small,0,14,at_least_two_nonzero_readable
1383,2,2,0,0,6.0,train,0,2,at_least_two_nonzero_readable
1384,8,8,0,0,24.0,train,0,8,at_least_two_nonzero_readable
1385,4,4,0,0,12.0,train,0,4,at_least_two_nonzero_readable
1386,11,11,0,0,33.0,train|train_small,0,11,at_least_two_nonzero_readable
1387,816,816,0,0,2448.0,train|train_small,4,816,at_least_two_nonzero_readable
1388,6,6,0,0,18.0,train|train_small,0,6,at_least_two_nonzero_readable
1389,1,1,0,0,3.0,train,0,1,fewer_than_two_nonzero_readable
1390,2,2,0,0,6.0,train|train_small,0,2,at_least_two_nonzero_readable
1391,1,1,0,0,3.0,train_small,0,1,fewer_than_two_nonzero_readable
1392,40,40,0,0,120.0,train|train_small,0,40,at_least_two_nonzero_readable
1393,17,17,0,0,51.0,train|train_small,0,17,at_least_two_nonzero_readable
1394,114,114,0,0,342.0,train|train_small,0,114,at_least_two_nonzero_readable
1395,106,106,0,0,318.0,train|train_small,0,106,at_least_two_nonzero_readable
1396,63,63,0,0,189.0,train|train_small,2,63,at_least_two_nonzero_readable
1397,11,11,0,0,33.0,train|train_small,0,11,at_least_two_nonzero_readable
1398,6,6,0,0,18.0,train|train_small,0,6,at_least_two_nonzero_readable
1399,228,228,0,0,684.0,train,0,228,at_least_two_nonzero_readable
1400,158,158,0,0,474.0,train,0,158,at_least_two_nonzero_readable
1401,1,1,0,0,3.0,train,0,1,fewer_than_two_nonzero_readable
1402,2,2,0,0,6.0,train,0,2,at_least_two_nonzero_readable
1403,3,3,0,0,9.0,train|train_small,0,3,at_least_two_nonzero_readable
1404,47,47,0,0,141.0,train,0,47,at_least_two_nonzero_readable
1405,84,84,0,0,252.0,train|train_small,0,84,at_least_two_nonzero_readable
1406,67,67,0,0,201.0,train|train_small,0,67,at_least_two_nonzero_readable
1407,6,6,0,0,18.0,train|train_small,0,6,at_least_two_nonzero_readable
1408,88,88,0,0,264.0,train|train_small,0,88,at_least_two_nonzero_readable
1409,17,17,0,0,51.0,train,0,17,at_least_two_nonzero_readable
1410,2,2,0,0,6.0,train,0,2,at_least_two_nonzero_readable
1411,147,147,0,0,441.0,train|train_small,0,147,at_least_two_nonzero_readable
1412,112,112,0,0,336.0,train|train_small,0,112,at_least_two_nonzero_readable
1413,3,3,0,0,9.0,train_small,0,3,at_least_two_nonzero_readable
1414,69,69,0,0,207.0,train|train_small,0,69,at_least_two_nonzero_readable
1416,6,6,0,0,18.0,train|train_small,0,6,at_least_two_nonzero_readable
1417,2,2,0,0,6.0,train|train_small,0,2,at_least_two_nonzero_readable
1418,1,1,0,0,3.0,train_small,0,1,fewer_than_two_nonzero_readable
1419,1,1,0,0,3.0,train,0,1,fewer_than_two_nonzero_readable
1420,1,1,0,0,3.0,train,0,1,fewer_than_two_nonzero_readable
1421,28,28,0,0,84.0,train|train_small,0,28,at_least_two_nonzero_readable
1422,2,2,0,0,6.0,train,0,2,at_least_two_nonzero_readable
1423,18,18,0,0,54.0,train,0,18,at_least_two_nonzero_readable
1424,27,27,0,0,81.0,train|train_small,0,27,at_least_two_nonzero_readable
1425,1,1,0,0,3.0,train,0,1,fewer_than_two_nonzero_readable
1426,34,34,0,0,102.0,train|train_small,0,34,at_least_two_nonzero_readable
1427,3,3,0,0,9.0,train|train_small,0,3,at_least_two_nonzero_readable
1428,4,4,0,0,12.0,train|train_small,0,4,at_least_two_nonzero_readable
1430,9,9,0,0,27.0,train,0,9,at_least_two_nonzero_readable
1431,2,2,0,0,6.0,train_small,0,2,at_least_two_nonzero_readable
1433,12,12,0,0,36.0,train|train_small,0,12,at_least_two_nonzero_readable
1434,3,3,0,0,9.0,train,0,3,at_least_two_nonzero_readable
1435,25,25,0,0,75.0,train,0,25,at_least_two_nonzero_readable
1436,85,85,0,0,255.0,train|train_small,0,85,at_least_two_nonzero_readable
1437,30,30,0,0,90.0,train|train_small,0,30,at_least_two_nonzero_readable
1438,449,449,0,0,1347.0,train,0,449,at_least_two_nonzero_readable
1439,223,223,0,0,669.0,test,0,223,at_least_two_nonzero_readable
1440,9,9,0,0,27.0,train|train_small,0,9,at_least_two_nonzero_readable
1441,244,244,0,0,732.0,train,0,244,at_least_two_nonzero_readable
1442,3,3,0,0,9.0,train|train_small,0,3,at_least_two_nonzero_readable
1443,2,2,0,0,6.0,train|train_small,0,2,at_least_two_nonzero_readable
1445,30,30,0,0,90.0,train|train_small,0,30,at_least_two_nonzero_readable
1446,122,122,0,0,366.0,train|train_small,2,122,at_least_two_nonzero_readable
1447,105,105,0,0,315.0,test,0,105,at_least_two_nonzero_readable
1448,18,18,0,0,54.0,train,0,18,at_least_two_nonzero_readable
1449,60,60,0,0,180.0,train,0,60,at_least_two_nonzero_readable
1450,329,329,0,0,987.0,train|train_small,0,329,at_least_two_nonzero_readable
1451,6,6,0,0,18.0,train|train_small,0,6,at_least_two_nonzero_readable
1452,87,87,0,0,261.0,train,0,87,at_least_two_nonzero_readable
1453,5,5,0,0,15.0,train|train_small,0,5,at_least_two_nonzero_readable
1454,18,18,0,0,54.0,train|train_small,0,18,at_least_two_nonzero_readable
1455,20,20,0,0,60.0,train|train_small,0,20,at_least_two_nonzero_readable
1456,28,28,0,0,84.0,train,0,28,at_least_two_nonzero_readable
1457,14,14,0,0,42.0,train|train_small,0,14,at_least_two_nonzero_readable
1458,5,5,0,0,15.0,train,0,5,at_least_two_nonzero_readable
1459,91,91,0,0,273.0,train|train_small,0,91,at_least_two_nonzero_readable
1460,7,7,0,0,21.0,train|train_small,0,7,at_least_two_nonzero_readable
1461,4,4,0,0,12.0,train,0,4,at_least_two_nonzero_readable
1463,27,27,0,0,81.0,train|train_small,0,27,at_least_two_nonzero_readable
1464,4,4,0,0,12.0,train|train_small,0,4,at_least_two_nonzero_readable
1465,57,57,0,0,171.0,train|train_small,0,57,at_least_two_nonzero_readable
1466,107,107,0,0,321.0,test,0,107,at_least_two_nonzero_readable
1467,6,6,0,0,18.0,train|train_small,0,6,at_least_two_nonzero_readable
1468,2,2,0,0,6.0,train,0,2,at_least_two_nonzero_readable
1469,217,217,0,0,651.0,train|train_small,0,217,at_least_two_nonzero_readable
1470,29,29,0,0,87.0,train|train_small,0,29,at_least_two_nonzero_readable
1471,29,29,0,0,87.0,train|train_small,0,29,at_least_two_nonzero_readable
1472,5,5,0,0,15.0,train,0,5,at_least_two_nonzero_readable
1473,22,22,0,0,66.0,train|train_small,0,22,at_least_two_nonzero_readable
1475,1,1,0,0,3.0,train_small,0,1,fewer_than_two_nonzero_readable
1476,1,1,0,0,3.0,train,0,1,fewer_than_two_nonzero_readable
1477,2,2,0,0,6.0,train,0,2,at_least_two_nonzero_readable
1478,40,40,0,0,120.0,train|train_small,0,40,at_least_two_nonzero_readable
1479,55,55,0,0,165.0,train|train_small,0,55,at_least_two_nonzero_readable
1481,22,22,0,0,66.0,train|train_small,0,22,at_least_two_nonzero_readable
1482,12,12,0,0,36.0,test,0,12,at_least_two_nonzero_readable
1483,17,17,0,0,51.0,train|train_small,0,17,at_least_two_nonzero_readable
1484,4,4,0,0,12.0,train|train_small,0,4,at_least_two_nonzero_readable
1485,9,9,0,0,27.0,train|train_small,0,9,at_least_two_nonzero_readable
1486,2,2,0,0,6.0,train_small,0,2,at_least_two_nonzero_readable
1487,32,32,0,0,96.0,train|train_small,0,32,at_least_two_nonzero_readable
1488,1,1,0,0,3.0,train,0,1,fewer_than_two_nonzero_readable
1489,5,5,0,0,15.0,test,0,5,at_least_two_nonzero_readable
1490,7,7,0,0,21.0,train|train_small,0,7,at_least_two_nonzero_readable
1491,1,1,0,0,3.0,train_small,0,1,fewer_than_two_nonzero_readable
1492,37,37,0,0,111.0,train,0,37,at_least_two_nonzero_readable
1493,1,1,0,0,3.0,train,0,1,fewer_than_two_nonzero_readable
1494,25,25,0,0,75.0,train|train_small,0,25,at_least_two_nonzero_readable
1495,4,4,0,0,12.0,test,0,4,at_least_two_nonzero_readable
1497,12,12,0,0,36.0,train|train_small,0,12,at_least_two_nonzero_readable
1498,2,2,0,0,6.0,train,0,2,at_least_two_nonzero_readable
1499,4,4,0,0,12.0,train|train_small,0,4,at_least_two_nonzero_readable
1500,3,3,0,0,9.0,train|train_small,0,3,at_least_two_nonzero_readable
1502,4,4,0,0,12.0,train|train_small,0,4,at_least_two_nonzero_readable
1503,9,9,0,0,27.0,train,0,9,at_least_two_nonzero_readable
1504,6,6,0,0,18.0,train|train_small,0,6,at_least_two_nonzero_readable
1505,5,5,0,0,15.0,test,0,5,at_least_two_nonzero_readable
1506,3,3,0,0,9.0,train|train_small,0,3,at_least_two_nonzero_readable
1507,1,1,0,0,3.0,train_small,0,1,fewer_than_two_nonzero_readable
1508,1,1,0,0,3.0,test,0,1,fewer_than_two_nonzero_readable
1509,37,37,0,0,111.0,train|train_small,0,37,at_least_two_nonzero_readable
1510,5,5,0,0,15.0,train|train_small,0,5,at_least_two_nonzero_readable
1511,17,17,0,0,51.0,train|train_small,0,17,at_least_two_nonzero_readable
1512,3,3,0,0,9.0,train|train_small,0,3,at_least_two_nonzero_readable
1513,8,8,0,0,24.0,train|train_small,0,8,at_least_two_nonzero_readable
1514,16,16,0,0,48.0,train,0,16,at_least_two_nonzero_readable
1515,3,3,0,0,9.0,train|train_small,0,3,at_least_two_nonzero_readable
1516,2,2,0,0,6.0,test,0,2,at_least_two_nonzero_readable
1517,2,2,0,0,6.0,train,0,2,at_least_two_nonzero_readable
1518,3,3,0,0,9.0,test,0,3,at_least_two_nonzero_readable
1519,3,3,0,0,9.0,train|train_small,0,3,at_least_two_nonzero_readable
1520,12,12,0,0,36.0,test,0,12,at_least_two_nonzero_readable
1521,435,435,0,0,1305.0,train|train_small,0,435,at_least_two_nonzero_readable
1522,502,502,0,0,1506.0,test,0,502,at_least_two_nonzero_readable
1523,55,55,0,0,165.0,train,0,55,at_least_two_nonzero_readable
1524,4,4,0,0,12.0,train,0,4,at_least_two_nonzero_readable
1525,15,15,0,0,45.0,train,0,15,at_least_two_nonzero_readable
1526,5,5,0,0,15.0,train|train_small,0,5,at_least_two_nonzero_readable
1527,3,3,0,0,9.0,test,0,3,at_least_two_nonzero_readable
1528,1,1,0,0,3.0,train,0,1,fewer_than_two_nonzero_readable
1529,32,32,0,0,96.0,train|train_small,0,32,at_least_two_nonzero_readable
1530,115,115,0,0,345.0,train|train_small,0,115,at_least_two_nonzero_readable
1531,82,82,0,0,246.0,test,0,82,at_least_two_nonzero_readable
1532,30,30,0,0,90.0,train|train_small,0,30,at_least_two_nonzero_readable
1533,14,14,0,0,42.0,train,0,14,at_least_two_nonzero_readable
1534,85,85,0,0,255.0,train|train_small,0,85,at_least_two_nonzero_readable
1535,156,156,0,0,468.0,train|train_small,0,156,at_least_two_nonzero_readable
1536,18,18,0,0,54.0,train,0,18,at_least_two_nonzero_readable
1537,7,7,0,0,21.0,train,0,7,at_least_two_nonzero_readable
1538,7,7,0,0,21.0,train,0,7,at_least_two_nonzero_readable
1540,432,432,0,0,1296.0,train|train_small,0,432,at_least_two_nonzero_readable
1542,87,87,0,0,261.0,train|train_small,0,87,at_least_two_nonzero_readable
1543,2,2,0,0,6.0,train|train_small,0,2,at_least_two_nonzero_readable
1544,4,4,0,0,12.0,train,0,4,at_least_two_nonzero_readable
1545,8,8,0,0,24.0,train|train_small,0,8,at_least_two_nonzero_readable
1546,2,2,0,0,6.0,train,0,2,at_least_two_nonzero_readable
1547,218,218,0,0,654.0,train|train_small,0,218,at_least_two_nonzero_readable
1548,321,321,0,0,963.0,train|train_small,0,321,at_least_two_nonzero_readable
1549,197,197,0,0,591.0,train|train_small,0,197,at_least_two_nonzero_readable
1550,446,446,0,0,1338.0,train,0,446,at_least_two_nonzero_readable
1551,10,10,0,0,30.0,train,0,10,at_least_two_nonzero_readable
1552,1,1,0,0,3.0,train,0,1,fewer_than_two_nonzero_readable
1553,50,50,0,0,150.0,train|train_small,0,50,at_least_two_nonzero_readable
1554,106,106,0,0,318.0,train|train_small,0,106,at_least_two_nonzero_readable
1555,37,37,0,0,111.0,test,0,37,at_least_two_nonzero_readable
1556,23,23,0,0,69.0,train|train_small,0,23,at_least_two_nonzero_readable
1557,7,7,0,0,21.0,train,0,7,at_least_two_nonzero_readable
1558,1,1,0,0,3.0,train_small,0,1,fewer_than_two_nonzero_readable
1559,1,1,0,0,3.0,train_small,0,1,fewer_than_two_nonzero_readable
1560,8,8,0,0,24.0,train|train_small,0,8,at_least_two_nonzero_readable
1561,23,23,0,0,69.0,train|train_small,0,23,at_least_two_nonzero_readable
1563,4,4,0,0,12.0,train|train_small,0,4,at_least_two_nonzero_readable
1565,4,4,0,0,12.0,train|train_small,0,4,at_least_two_nonzero_readable
1566,8,8,0,0,24.0,train|train_small,0,8,at_least_two_nonzero_readable
1567,5,5,0,0,15.0,train,0,5,at_least_two_nonzero_readable
1568,27,27,0,0,81.0,train,0,27,at_least_two_nonzero_readable
1569,28,28,0,0,84.0,train,0,28,at_least_two_nonzero_readable
1570,2,2,0,0,6.0,train,0,2,at_least_two_nonzero_readable
1571,36,36,0,0,108.0,train|train_small,0,36,at_least_two_nonzero_readable
1572,6,6,0,0,18.0,train,0,6,at_least_two_nonzero_readable
1573,9,9,0,0,27.0,train|train_small,0,9,at_least_two_nonzero_readable
1574,11,11,0,0,33.0,train|train_small,0,11,at_least_two_nonzero_readable
1575,2,2,0,0,6.0,train,0,2,at_least_two_nonzero_readable
1576,3,3,0,0,9.0,train|train_small,0,3,at_least_two_nonzero_readable
1577,3,3,0,0,9.0,train|train_small,0,3,at_least_two_nonzero_readable
1578,28,28,0,0,84.0,train,0,28,at_least_two_nonzero_readable
1579,16,16,0,0,48.0,train|train_small,0,16,at_least_two_nonzero_readable
1580,9,9,0,0,27.0,train|train_small,0,9,at_least_two_nonzero_readable
1581,49,49,0,0,147.0,train|train_small,0,49,at_least_two_nonzero_readable
1582,8,8,0,0,24.0,train|train_small,0,8,at_least_two_nonzero_readable
1583,6,6,0,0,18.0,train|train_small,0,6,at_least_two_nonzero_readable
1584,2,2,0,0,6.0,train|train_small,0,2,at_least_two_nonzero_readable
1585,4,4,0,0,12.0,train|train_small,0,4,at_least_two_nonzero_readable
1586,5,5,0,0,15.0,train|train_small,0,5,at_least_two_nonzero_readable
1587,1,1,0,0,3.0,train,0,1,fewer_than_two_nonzero_readable
1589,48,48,0,0,144.0,train|train_small,0,48,at_least_two_nonzero_readable
1590,3,3,0,0,9.0,train,0,3,at_least_two_nonzero_readable
1591,12,12,0,0,36.0,train|train_small,0,12,at_least_two_nonzero_readable
1592,1,1,0,0,3.0,train,0,1,fewer_than_two_nonzero_readable
1593,28,28,0,0,84.0,train|train_small,0,28,at_least_two_nonzero_readable
1594,1,1,0,0,3.0,train,0,1,fewer_than_two_nonzero_readable
1595,10,10,0,0,30.0,train|train_small,0,10,at_least_two_nonzero_readable
1597,7,7,0,0,21.0,train|train_small,0,7,at_least_two_nonzero_readable
1598,42,42,0,0,126.0,train,0,42,at_least_two_nonzero_readable
1599,5,5,0,0,15.0,train|train_small,0,5,at_least_two_nonzero_readable
1600,1,1,0,0,3.0,test,0,1,fewer_than_two_nonzero_readable
1601,4,4,0,0,12.0,train,0,4,at_least_two_nonzero_readable
1602,66,66,0,0,198.0,train|train_small,0,66,at_least_two_nonzero_readable
1603,1,1,0,0,3.0,train,0,1,fewer_than_two_nonzero_readable
1604,7,7,0,0,21.0,train|train_small,0,7,at_least_two_nonzero_readable
1605,1,1,0,0,3.0,train,0,1,fewer_than_two_nonzero_readable
1606,55,55,0,0,165.0,train|train_small,0,55,at_least_two_nonzero_readable
1607,1,1,0,0,3.0,train_small,0,1,fewer_than_two_nonzero_readable
1608,21,21,0,0,63.0,train|train_small,0,21,at_least_two_nonzero_readable
1609,1,1,0,0,3.0,train_small,0,1,fewer_than_two_nonzero_readable
1610,7,7,0,0,21.0,train|train_small,0,7,at_least_two_nonzero_readable
1611,8,8,0,0,24.0,train|train_small,0,8,at_least_two_nonzero_readable
1612,4,4,0,0,12.0,train|train_small,0,4,at_least_two_nonzero_readable
1613,206,206,0,0,618.0,train|train_small,0,206,at_least_two_nonzero_readable
1614,1,1,0,0,3.0,train_small,0,1,fewer_than_two_nonzero_readable
1615,300,300,0,0,900.0,test,0,300,at_least_two_nonzero_readable
1616,1,1,0,0,3.0,train,0,1,fewer_than_two_nonzero_readable
1618,2,2,0,0,6.0,train,0,2,at_least_two_nonzero_readable
1619,5,5,0,0,15.0,train,0,5,at_least_two_nonzero_readable
1620,37,37,0,0,111.0,train|train_small,0,37,at_least_two_nonzero_readable
1621,19,19,0,0,57.0,train|train_small,0,19,at_least_two_nonzero_readable
1622,320,320,0,0,960.0,train|train_small,0,320,at_least_two_nonzero_readable
1623,3,3,0,0,9.0,train|train_small,0,3,at_least_two_nonzero_readable
1624,2,2,0,0,6.0,train,0,2,at_least_two_nonzero_readable
1625,164,164,0,0,492.0,train,0,164,at_least_two_nonzero_readable
1626,133,133,0,0,399.0,test,0,133,at_least_two_nonzero_readable
1627,108,108,0,0,324.0,test,0,108,at_least_two_nonzero_readable
1628,40,40,0,0,120.0,train|train_small,0,40,at_least_two_nonzero_readable
1629,22,22,0,0,66.0,train|train_small,0,22,at_least_two_nonzero_readable
1630,11,11,0,0,33.0,train|train_small,0,11,at_least_two_nonzero_readable
1631,837,837,0,0,2511.0,train|train_small,0,837,at_least_two_nonzero_readable
1632,33,33,0,0,99.0,test,0,33,at_least_two_nonzero_readable
1633,2,2,0,0,6.0,train,0,2,at_least_two_nonzero_readable
1634,14,14,0,0,42.0,train|train_small,0,14,at_least_two_nonzero_readable
1635,54,54,0,0,162.0,train,0,54,at_least_two_nonzero_readable
1636,20,20,0,0,60.0,train|train_small,0,20,at_least_two_nonzero_readable
1637,4,4,0,0,12.0,train,0,4,at_least_two_nonzero_readable
1638,20,20,0,0,60.0,train|train_small,0,20,at_least_two_nonzero_readable
1639,1450,1450,0,0,4350.0,train|train_small,0,1450,at_least_two_nonzero_readable
1640,1265,1265,0,0,3795.0,train|train_small,0,1265,at_least_two_nonzero_readable
1641,2,2,0,0,6.0,train|train_small,0,2,at_least_two_nonzero_readable
1642,1045,1045,0,0,3135.0,train|train_small,0,1045,at_least_two_nonzero_readable
1643,602,602,0,0,1806.0,train|train_small,0,602,at_least_two_nonzero_readable
1644,109,109,0,0,327.0,train|train_small,0,109,at_least_two_nonzero_readable
1645,1,1,0,0,3.0,train,0,1,fewer_than_two_nonzero_readable
1646,3,3,0,0,9.0,train,0,3,at_least_two_nonzero_readable
1647,7,7,0,0,21.0,train|train_small,0,7,at_least_two_nonzero_readable
1648,66,66,0,0,198.0,train|train_small,0,66,at_least_two_nonzero_readable
1649,255,255,0,0,765.0,train,0,255,at_least_two_nonzero_readable
1650,120,120,0,0,360.0,train|train_small,0,120,at_least_two_nonzero_readable
1651,11,11,0,0,33.0,train|train_small,0,11,at_least_two_nonzero_readable
1652,8,8,0,0,24.0,train,0,8,at_least_two_nonzero_readable
1653,5,5,0,0,15.0,train|train_small,0,5,at_least_two_nonzero_readable
1654,96,96,0,0,288.0,test,0,96,at_least_two_nonzero_readable
1655,110,110,0,0,330.0,test,0,110,at_least_two_nonzero_readable
1656,102,102,0,0,306.0,train|train_small,0,102,at_least_two_nonzero_readable
1657,1572,1572,0,0,4716.0,train|train_small,0,1572,at_least_two_nonzero_readable
1658,61,61,0,0,183.0,train|train_small,0,61,at_least_two_nonzero_readable
1659,645,645,0,0,1935.0,test,0,645,at_least_two_nonzero_readable
1660,17,17,0,0,51.0,train|train_small,0,17,at_least_two_nonzero_readable
1661,187,187,0,0,561.0,train,0,187,at_least_two_nonzero_readable
1662,124,124,0,0,372.0,train,0,124,at_least_two_nonzero_readable
1663,9,9,0,0,27.0,train|train_small,0,9,at_least_two_nonzero_readable
1664,285,285,0,0,855.0,train|train_small,0,285,at_least_two_nonzero_readable
1665,1911,1911,0,0,5733.0,train,0,1911,at_least_two_nonzero_readable
1666,660,660,0,0,1980.0,test,0,660,at_least_two_nonzero_readable
1667,38,38,0,0,114.0,train|train_small,0,38,at_least_two_nonzero_readable
1668,1848,1848,0,0,5544.0,train|train_small,0,1848,at_least_two_nonzero_readable
1669,2033,2033,0,0,6099.0,train|train_small,0,2033,at_least_two_nonzero_readable
1670,61,61,0,0,183.0,test,0,61,at_least_two_nonzero_readable
1671,1,1,0,0,3.0,train,0,1,fewer_than_two_nonzero_readable
1672,26,26,0,0,78.0,train|train_small,0,26,at_least_two_nonzero_readable
1673,83,83,0,0,249.0,train|train_small,0,83,at_least_two_nonzero_readable
1674,68,68,0,0,204.0,train|train_small,0,68,at_least_two_nonzero_readable
1676,160,160,0,0,480.0,test,0,160,at_least_two_nonzero_readable
1677,319,319,0,0,957.0,train|train_small,0,319,at_least_two_nonzero_readable
1678,271,271,0,0,813.0,test,0,271,at_least_two_nonzero_readable
1679,64,64,0,0,192.0,train|train_small,0,64,at_least_two_nonzero_readable
1680,400,400,0,0,1200.0,train|train_small,0,400,at_least_two_nonzero_readable
1681,21,21,0,0,63.0,train|train_small,0,21,at_least_two_nonzero_readable
1682,237,237,0,0,711.0,train|train_small,0,237,at_least_two_nonzero_readable
1683,555,555,0,0,1665.0,train,0,555,at_least_two_nonzero_readable
1684,36,36,0,0,108.0,test,0,36,at_least_two_nonzero_readable
1685,49,49,0,0,147.0,test,0,49,at_least_two_nonzero_readable
1686,330,330,0,0,990.0,train,0,330,at_least_two_nonzero_readable
1687,45,45,0,0,135.0,train,0,45,at_least_two_nonzero_readable
1688,35,35,0,0,105.0,train|train_small,0,35,at_least_two_nonzero_readable
1689,13,13,0,0,39.0,train_small,0,13,at_least_two_nonzero_readable
1690,1,1,0,0,3.0,test,0,1,fewer_than_two_nonzero_readable
1691,45,45,0,0,135.0,train|train_small,0,45,at_least_two_nonzero_readable
1692,29,29,0,0,87.0,train|train_small,0,29,at_least_two_nonzero_readable
1693,5,5,0,0,15.0,test,0,5,at_least_two_nonzero_readable
1694,1,1,0,0,3.0,train,0,1,fewer_than_two_nonzero_readable
1695,3,3,0,0,9.0,train|train_small,0,3,at_least_two_nonzero_readable
1696,1,1,0,0,3.0,train,0,1,fewer_than_two_nonzero_readable
1697,1,1,0,0,3.0,train,0,1,fewer_than_two_nonzero_readable
1698,366,366,0,0,1098.0,train|train_small,0,366,at_least_two_nonzero_readable
1699,1,1,0,0,3.0,train,0,1,fewer_than_two_nonzero_readable
1701,4,4,0,0,12.0,test,0,4,at_least_two_nonzero_readable
1702,6,6,0,0,18.0,train|train_small,0,6,at_least_two_nonzero_readable
1703,5,5,0,0,15.0,train|train_small,0,5,at_least_two_nonzero_readable
1704,4,4,0,0,12.0,train|train_small,0,4,at_least_two_nonzero_readable
1705,3,3,0,0,9.0,train,0,3,at_least_two_nonzero_readable
1706,31,31,0,0,93.0,train|train_small,0,31,at_least_two_nonzero_readable
1707,2,2,0,0,6.0,train|train_small,0,2,at_least_two_nonzero_readable
1708,46,46,0,0,138.0,train,0,46,at_least_two_nonzero_readable
1709,1,1,0,0,3.0,train,0,1,fewer_than_two_nonzero_readable
1710,19,19,0,0,57.0,train|train_small,0,19,at_least_two_nonzero_readable
1711,12,12,0,0,36.0,train|train_small,0,12,at_least_two_nonzero_readable
1712,4,4,0,0,12.0,train|train_small,0,4,at_least_two_nonzero_readable
1713,4,4,0,0,12.0,train,0,4,at_least_two_nonzero_readable
1714,1,1,0,0,3.0,train_small,0,1,fewer_than_two_nonzero_readable
1715,1,1,0,0,3.0,train_small,0,1,fewer_than_two_nonzero_readable
1716,1,1,0,0,3.0,train,0,1,fewer_than_two_nonzero_readable
1717,2,2,0,0,6.0,train,0,2,at_least_two_nonzero_readable
1718,3,3,0,0,9.0,train|train_small,0,3,at_least_two_nonzero_readable
1719,8,8,0,0,24.0,train|train_small,0,8,at_least_two_nonzero_readable
1720,2,2,0,0,6.0,train,0,2,at_least_two_nonzero_readable
1721,2,2,0,0,6.0,train_small,0,2,at_least_two_nonzero_readable
1722,3,3,0,0,9.0,train,0,3,at_least_two_nonzero_readable
1723,1,1,0,0,3.0,train,0,1,fewer_than_two_nonzero_readable
1724,3,3,0,0,9.0,train,0,3,at_least_two_nonzero_readable
1725,5,5,0,0,15.0,train|train_small,0,5,at_least_two_nonzero_readable
1726,13,13,0,0,39.0,train|train_small,0,13,at_least_two_nonzero_readable
1727,397,397,0,0,1191.0,train,0,397,at_least_two_nonzero_readable
1728,22,22,0,0,66.0,train|train_small,0,22,at_least_two_nonzero_readable
1729,3,3,0,0,9.0,test,0,3,at_least_two_nonzero_readable
1730,4,4,0,0,12.0,train|train_small,0,4,at_least_two_nonzero_readable
1731,3,3,0,0,9.0,train,0,3,at_least_two_nonzero_readable
1732,5,5,0,0,15.0,train|train_small,0,5,at_least_two_nonzero_readable
1733,2,2,0,0,6.0,train,0,2,at_least_two_nonzero_readable
1734,2,2,0,0,6.0,train|train_small,0,2,at_least_two_nonzero_readable
1735,2,2,0,0,6.0,train_small,0,2,at_least_two_nonzero_readable
1736,2,2,0,0,6.0,train|train_small,0,2,at_least_two_nonzero_readable
1737,6,6,0,0,18.0,train|train_small,0,6,at_least_two_nonzero_readable
1738,2,2,0,0,6.0,train|train_small,0,2,at_least_two_nonzero_readable
1739,2,2,0,0,6.0,train,0,2,at_least_two_nonzero_readable
1740,3,3,0,0,9.0,train|train_small,0,3,at_least_two_nonzero_readable
1741,1,1,0,0,3.0,train,0,1,fewer_than_two_nonzero_readable
1742,93,93,0,0,279.0,part,0,93,at_least_two_nonzero_readable
1743,15,15,0,0,45.0,part,0,15,at_least_two_nonzero_readable
1744,17,17,0,0,51.0,part,0,17,at_least_two_nonzero_readable
1745,31,31,0,0,93.0,part,0,31,at_least_two_nonzero_readable
1746,13,13,0,0,39.0,part,0,13,at_least_two_nonzero_readable
1747,6,6,0,0,18.0,part,0,6,at_least_two_nonzero_readable
1748,10,10,0,0,30.0,part,0,10,at_least_two_nonzero_readable
1749,42,42,0,0,126.0,part,0,42,at_least_two_nonzero_readable
1750,3,3,0,0,9.0,part,0,3,at_least_two_nonzero_readable
1751,2,2,0,0,6.0,part,0,2,at_least_two_nonzero_readable
1752,66,66,0,0,198.0,part,0,66,at_least_two_nonzero_readable
1753,20,20,0,0,60.0,part,0,20,at_least_two_nonzero_readable
1754,4,4,0,0,12.0,part,0,4,at_least_two_nonzero_readable
1756,16,16,0,0,48.0,part,0,16,at_least_two_nonzero_readable
1757,69,69,0,0,207.0,part,0,69,at_least_two_nonzero_readable
1758,4,4,0,0,12.0,part,0,4,at_least_two_nonzero_readable
1759,6,6,0,0,18.0,part,0,6,at_least_two_nonzero_readable
1760,2,2,0,0,6.0,part,0,2,at_least_two_nonzero_readable
1761,2,2,0,0,6.0,part,0,2,at_least_two_nonzero_readable
1762,2,2,0,0,6.0,part,0,2,at_least_two_nonzero_readable
1763,2,2,0,0,6.0,part,0,2,at_least_two_nonzero_readable
1764,6,6,0,0,18.0,part,0,6,at_least_two_nonzero_readable
1765,10,10,0,0,30.0,part,0,10,at_least_two_nonzero_readable
1766,1,1,0,0,3.0,part,0,1,fewer_than_two_nonzero_readable
1767,1,1,0,0,3.0,part,0,1,fewer_than_two_nonzero_readable
1768,1,1,0,0,3.0,part,0,1,fewer_than_two_nonzero_readable
1769,1,1,0,0,3.0,part,0,1,fewer_than_two_nonzero_readable
1770,1,1,0,0,3.0,part,0,1,fewer_than_two_nonzero_readable
1771,3,3,0,0,9.0,part,0,3,at_least_two_nonzero_readable
1772,25,25,0,0,75.0,part,0,25,at_least_two_nonzero_readable
1773,4,4,0,0,12.0,part,0,4,at_least_two_nonzero_readable
1774,2,2,0,0,6.0,part,0,2,at_least_two_nonzero_readable
1775,71,71,0,0,213.0,part,0,71,at_least_two_nonzero_readable
1777,3,3,0,0,9.0,part,0,3,at_least_two_nonzero_readable
1778,6,6,0,0,18.0,part,0,6,at_least_two_nonzero_readable
1779,40,40,0,0,120.0,part,0,40,at_least_two_nonzero_readable
1780,39,39,0,0,117.0,part,0,39,at_least_two_nonzero_readable
1781,1,1,0,0,3.0,part,0,1,fewer_than_two_nonzero_readable
1782,11,11,0,0,33.0,part,0,11,at_least_two_nonzero_readable
1783,3,3,0,0,9.0,part,0,3,at_least_two_nonzero_readable
1784,1,1,0,0,3.0,part,0,1,fewer_than_two_nonzero_readable
1785,1,1,0,0,3.0,part,0,1,fewer_than_two_nonzero_readable
1786,3,3,0,0,9.0,part,0,3,at_least_two_nonzero_readable
1787,2,2,0,0,6.0,part,0,2,at_least_two_nonzero_readable
1788,100,100,0,0,300.0,part,0,100,at_least_two_nonzero_readable
1789,191,191,0,0,573.0,part,0,191,at_least_two_nonzero_readable
1790,2,2,0,0,6.0,part,0,2,at_least_two_nonzero_readable
1791,2,2,0,0,6.0,part,0,2,at_least_two_nonzero_readable
1792,2,2,0,0,6.0,part,0,2,at_least_two_nonzero_readable
1793,2,2,0,0,6.0,part,0,2,at_least_two_nonzero_readable
1794,1,1,0,0,3.0,part,0,1,fewer_than_two_nonzero_readable
1796,2,2,0,0,6.0,part,0,2,at_least_two_nonzero_readable
1797,3,3,0,0,9.0,part,0,3,at_least_two_nonzero_readable
1798,2,2,0,0,6.0,part,0,2,at_least_two_nonzero_readable
1799,4,4,0,0,12.0,part,0,4,at_least_two_nonzero_readable
1800,2,2,0,0,6.0,part,0,2,at_least_two_nonzero_readable
1801,3,3,0,0,9.0,part,0,3,at_least_two_nonzero_readable
1802,3,3,0,0,9.0,part,0,3,at_least_two_nonzero_readable
1803,10,10,0,0,30.0,part,0,10,at_least_two_nonzero_readable
1804,118,118,0,0,354.0,part,0,118,at_least_two_nonzero_readable
1805,151,151,0,0,453.0,part,0,151,at_least_two_nonzero_readable
1806,164,164,0,0,492.0,part,0,164,at_least_two_nonzero_readable
1807,47,47,0,0,141.0,part,0,47,at_least_two_nonzero_readable
1808,25,25,0,0,75.0,part,0,25,at_least_two_nonzero_readable
1809,8,8,0,0,24.0,part,0,8,at_least_two_nonzero_readable
1810,218,218,0,0,654.0,part,0,218,at_least_two_nonzero_readable
1811,34,34,0,0,102.0,part,0,34,at_least_two_nonzero_readable
1812,36,36,0,0,108.0,part,0,36,at_least_two_nonzero_readable
1813,66,66,0,0,198.0,part,0,66,at_least_two_nonzero_readable
1814,1,1,0,0,3.0,part,0,1,fewer_than_two_nonzero_readable
1815,4,4,0,0,12.0,part,0,4,at_least_two_nonzero_readable
1816,4,4,0,0,12.0,part,0,4,at_least_two_nonzero_readable
1817,2,2,0,0,6.0,part,0,2,at_least_two_nonzero_readable
1818,13,13,0,0,39.0,part,0,13,at_least_two_nonzero_readable
1819,11,11,0,0,33.0,part,0,11,at_least_two_nonzero_readable
1821,167,167,0,0,501.0,part,0,167,at_least_two_nonzero_readable
1822,85,85,0,0,255.0,part,0,85,at_least_two_nonzero_readable
1823,3,3,0,0,9.0,part,0,3,at_least_two_nonzero_readable
1824,9,9,0,0,27.0,part,0,9,at_least_two_nonzero_readable
1825,7,7,0,0,21.0,part,0,7,at_least_two_nonzero_readable
1826,11,11,0,0,33.0,part,0,11,at_least_two_nonzero_readable
1827,18,18,0,0,54.0,part,0,18,at_least_two_nonzero_readable
1828,413,413,0,0,1239.0,part,0,413,at_least_two_nonzero_readable
1829,192,192,0,0,576.0,part,0,192,at_least_two_nonzero_readable
1830,141,141,0,0,423.0,part,0,141,at_least_two_nonzero_readable
1831,2,2,0,0,6.0,part,0,2,at_least_two_nonzero_readable
1832,34,34,0,0,102.0,part,0,34,at_least_two_nonzero_readable
1833,4,4,0,0,12.0,part,0,4,at_least_two_nonzero_readable
1834,164,164,0,0,492.0,part,0,164,at_least_two_nonzero_readable
1835,22,22,0,0,66.0,part,0,22,at_least_two_nonzero_readable
1836,2,2,0,0,6.0,part,0,2,at_least_two_nonzero_readable
1837,5,5,0,0,15.0,part,0,5,at_least_two_nonzero_readable
1838,5,5,0,0,15.0,part,0,5,at_least_two_nonzero_readable
1839,14,14,0,0,42.0,part,0,14,at_least_two_nonzero_readable
1840,1,1,0,0,3.0,part,0,1,fewer_than_two_nonzero_readable
1841,349,349,0,0,1047.0,part,0,349,at_least_two_nonzero_readable
1842,11,11,0,0,33.0,part,0,11,at_least_two_nonzero_readable
1843,8,8,0,0,24.0,part,0,8,at_least_two_nonzero_readable
1844,80,80,0,0,240.0,part,0,80,at_least_two_nonzero_readable
1845,11,11,0,0,33.0,part,0,11,at_least_two_nonzero_readable
1846,4,4,0,0,12.0,part,0,4,at_least_two_nonzero_readable
1847,10,10,0,0,30.0,part,0,10,at_least_two_nonzero_readable
1848,3,3,0,0,9.0,part,0,3,at_least_two_nonzero_readable
1849,7,7,0,0,21.0,part,0,7,at_least_two_nonzero_readable
1850,5,5,0,0,15.0,part,0,5,at_least_two_nonzero_readable
1851,9,9,0,0,27.0,part,0,9,at_least_two_nonzero_readable
1852,20,20,0,0,60.0,part,0,20,at_least_two_nonzero_readable
1853,3,3,0,0,9.0,part,0,3,at_least_two_nonzero_readable
1854,59,59,0,0,177.0,part,0,59,at_least_two_nonzero_readable
1855,11,11,0,0,33.0,part,0,11,at_least_two_nonzero_readable
1856,154,154,0,0,462.0,part,0,154,at_least_two_nonzero_readable
1857,12,12,0,0,36.0,part,0,12,at_least_two_nonzero_readable
1858,19,19,0,0,57.0,part,0,19,at_least_two_nonzero_readable
1859,12,12,0,0,36.0,part,0,12,at_least_two_nonzero_readable
1860,7,7,0,0,21.0,part,0,7,at_least_two_nonzero_readable
1861,5,5,0,0,15.0,part,0,5,at_least_two_nonzero_readable
1862,335,335,0,0,1005.0,part,0,335,at_least_two_nonzero_readable
1863,6,6,0,0,18.0,part,0,6,at_least_two_nonzero_readable
1864,26,26,0,0,78.0,part,0,26,at_least_two_nonzero_readable
1865,4,4,0,0,12.0,part,0,4,at_least_two_nonzero_readable
1866,2,2,0,0,6.0,part,0,2,at_least_two_nonzero_readable
1867,1,1,0,0,3.0,part,0,1,fewer_than_two_nonzero_readable
1868,3,3,0,0,9.0,part,0,3,at_least_two_nonzero_readable
1869,13,13,0,0,39.0,part,0,13,at_least_two_nonzero_readable
1870,177,177,0,0,531.0,part,0,177,at_least_two_nonzero_readable
1871,157,157,0,0,471.0,part,0,157,at_least_two_nonzero_readable
1872,2,2,0,0,6.0,part,0,2,at_least_two_nonzero_readable
1873,62,62,0,0,186.0,part,0,62,at_least_two_nonzero_readable
1874,2,2,0,0,6.0,part,0,2,at_least_two_nonzero_readable
1875,17,17,0,0,51.0,part,0,17,at_least_two_nonzero_readable
1876,40,40,0,0,120.0,part,0,40,at_least_two_nonzero_readable
1877,15,15,0,0,45.0,part,0,15,at_least_two_nonzero_readable
1878,10,10,0,0,30.0,part,0,10,at_least_two_nonzero_readable
1879,9,9,0,0,27.0,part,0,9,at_least_two_nonzero_readable
1880,41,41,0,0,123.0,part,0,41,at_least_two_nonzero_readable
1881,2,2,0,0,6.0,part,0,2,at_least_two_nonzero_readable
1882,267,267,0,0,801.0,part,0,267,at_least_two_nonzero_readable
1883,8,8,0,0,24.0,part,0,8,at_least_two_nonzero_readable
1884,10,10,0,0,30.0,part,0,10,at_least_two_nonzero_readable
1885,9,9,0,0,27.0,part,0,9,at_least_two_nonzero_readable
1886,11,11,0,0,33.0,part,0,11,at_least_two_nonzero_readable
1887,7,7,0,0,21.0,part,0,7,at_least_two_nonzero_readable
1888,9,9,0,0,27.0,part,0,9,at_least_two_nonzero_readable
1889,6,6,0,0,18.0,part,0,6,at_least_two_nonzero_readable
1890,17,17,0,0,51.0,part,0,17,at_least_two_nonzero_readable
1891,5,5,0,0,15.0,part,0,5,at_least_two_nonzero_readable
1892,5,5,0,0,15.0,part,0,5,at_least_two_nonzero_readable
1893,4,4,0,0,12.0,part,0,4,at_least_two_nonzero_readable
1894,7,7,0,0,21.0,part,0,7,at_least_two_nonzero_readable
1895,3,3,0,0,9.0,part,0,3,at_least_two_nonzero_readable
1896,9,9,0,0,27.0,part,0,9,at_least_two_nonzero_readable
1897,8,8,0,0,24.0,part,0,8,at_least_two_nonzero_readable
1898,9,9,0,0,27.0,part,0,9,at_least_two_nonzero_readable
1899,7,7,0,0,21.0,part,0,7,at_least_two_nonzero_readable
1900,8,8,0,0,24.0,part,0,8,at_least_two_nonzero_readable
1901,17,17,0,0,51.0,part,0,17,at_least_two_nonzero_readable
1902,8,8,0,0,24.0,part,0,8,at_least_two_nonzero_readable
1903,537,537,0,0,1611.0,part,0,537,at_least_two_nonzero_readable
1904,5,5,0,0,15.0,part,0,5,at_least_two_nonzero_readable
1905,5,5,0,0,15.0,part,0,5,at_least_two_nonzero_readable
1906,15,15,0,0,45.0,part,0,15,at_least_two_nonzero_readable
1907,33,33,0,0,99.0,part,0,33,at_least_two_nonzero_readable
1908,1,1,0,0,3.0,part,0,1,fewer_than_two_nonzero_readable
1909,11,11,0,0,33.0,part,0,11,at_least_two_nonzero_readable
1910,5,5,0,0,15.0,part,0,5,at_least_two_nonzero_readable
1911,10,10,0,0,30.0,part,0,10,at_least_two_nonzero_readable
1912,16,16,0,0,48.0,part,0,16,at_least_two_nonzero_readable
1913,10,10,0,0,30.0,part,0,10,at_least_two_nonzero_readable
1914,71,71,0,0,213.0,part,0,71,at_least_two_nonzero_readable
1915,95,95,0,0,285.0,part,0,95,at_least_two_nonzero_readable
1916,24,24,0,0,72.0,part,0,24,at_least_two_nonzero_readable
1917,431,431,0,0,1293.0,part,0,431,at_least_two_nonzero_readable
1918,3,3,0,0,9.0,part,0,3,at_least_two_nonzero_readable
1920,3,3,0,0,9.0,part,0,3,at_least_two_nonzero_readable
1921,3,3,0,0,9.0,part,0,3,at_least_two_nonzero_readable
1922,3,3,0,0,9.0,part,0,3,at_least_two_nonzero_readable
1923,3,3,0,0,9.0,part,0,3,at_least_two_nonzero_readable
1924,2,2,0,0,6.0,part,0,2,at_least_two_nonzero_readable
1925,4,4,0,0,12.0,part,0,4,at_least_two_nonzero_readable
1926,1,1,0,0,3.0,part,0,1,fewer_than_two_nonzero_readable
1927,3,3,0,0,9.0,part,0,3,at_least_two_nonzero_readable
1929,2,2,0,0,6.0,part,0,2,at_least_two_nonzero_readable
1931,3,3,0,0,9.0,part,0,3,at_least_two_nonzero_readable
1932,4,4,0,0,12.0,part,0,4,at_least_two_nonzero_readable
1933,1,1,0,0,3.0,part,0,1,fewer_than_two_nonzero_readable
1935,2,2,0,0,6.0,part,0,2,at_least_two_nonzero_readable
1936,1,1,0,0,3.0,part,0,1,fewer_than_two_nonzero_readable
1937,2,2,0,0,6.0,part,0,2,at_least_two_nonzero_readable
1938,2,2,0,0,6.0,part,0,2,at_least_two_nonzero_readable
1939,1,1,0,0,3.0,part,0,1,fewer_than_two_nonzero_readable
1940,2,2,0,0,6.0,part,0,2,at_least_two_nonzero_readable
1941,2,2,0,0,6.0,part,0,2,at_least_two_nonzero_readable
1943,3,3,0,0,9.0,part,0,3,at_least_two_nonzero_readable
1944,4,4,0,0,12.0,part,0,4,at_least_two_nonzero_readable
1946,3,3,0,0,9.0,part,0,3,at_least_two_nonzero_readable
1947,3,3,0,0,9.0,part,0,3,at_least_two_nonzero_readable
1948,1,1,0,0,3.0,part,0,1,fewer_than_two_nonzero_readable
1949,18,18,0,0,54.0,part,0,18,at_least_two_nonzero_readable
1950,13,13,0,0,39.0,part,0,13,at_least_two_nonzero_readable
1952,2,2,0,0,6.0,part,0,2,at_least_two_nonzero_readable
1953,2,2,0,0,6.0,part,0,2,at_least_two_nonzero_readable
1954,2,2,0,0,6.0,part,0,2,at_least_two_nonzero_readable
1955,2,2,0,0,6.0,part,0,2,at_least_two_nonzero_readable
1956,2,2,0,0,6.0,part,0,2,at_least_two_nonzero_readable
1957,43,43,0,0,129.0,part,0,43,at_least_two_nonzero_readable
1958,103,103,0,0,309.0,part,0,103,at_least_two_nonzero_readable
1959,6,6,0,0,18.0,part,0,6,at_least_two_nonzero_readable
1960,3,3,0,0,9.0,part,0,3,at_least_two_nonzero_readable
1961,13,13,0,0,39.0,part,0,13,at_least_two_nonzero_readable
1962,112,112,0,0,336.0,part,0,112,at_least_two_nonzero_readable
1963,6,6,0,0,18.0,part,0,6,at_least_two_nonzero_readable
1964,9,9,0,0,27.0,part,0,9,at_least_two_nonzero_readable
1965,15,15,0,0,45.0,part,0,15,at_least_two_nonzero_readable
1966,11,11,0,0,33.0,part,0,11,at_least_two_nonzero_readable
1967,4,4,0,0,12.0,part,0,4,at_least_two_nonzero_readable
1968,3,3,0,0,9.0,part,0,3,at_least_two_nonzero_readable
1969,1,1,0,0,3.0,part,0,1,fewer_than_two_nonzero_readable
1971,3,3,0,0,9.0,part,0,3,at_least_two_nonzero_readable
1972,3,3,0,0,9.0,part,0,3,at_least_two_nonzero_readable
1973,2,2,0,0,6.0,part,0,2,at_least_two_nonzero_readable
1974,27,27,0,0,81.0,part,0,27,at_least_two_nonzero_readable
1975,3,3,0,0,9.0,part,0,3,at_least_two_nonzero_readable
1976,2,2,0,0,6.0,part,0,2,at_least_two_nonzero_readable
1977,3,3,0,0,9.0,part,0,3,at_least_two_nonzero_readable
1978,4,4,0,0,12.0,part,0,4,at_least_two_nonzero_readable
1979,1,1,0,0,3.0,part,0,1,fewer_than_two_nonzero_readable
1980,1,1,0,0,3.0,part,0,1,fewer_than_two_nonzero_readable
1981,1,1,0,0,3.0,part,0,1,fewer_than_two_nonzero_readable
1982,2,2,0,0,6.0,part,0,2,at_least_two_nonzero_readable
1983,1,1,0,0,3.0,part,0,1,fewer_than_two_nonzero_readable
1984,1,1,0,0,3.0,part,0,1,fewer_than_two_nonzero_readable
1985,3,3,0,0,9.0,part,0,3,at_least_two_nonzero_readable
1986,30,30,0,0,90.0,part,0,30,at_least_two_nonzero_readable
1988,193,193,0,0,579.0,part,0,193,at_least_two_nonzero_readable
1989,71,71,0,0,213.0,part,0,71,at_least_two_nonzero_readable
1990,20,20,0,0,60.0,part,0,20,at_least_two_nonzero_readable
1991,5,5,0,0,15.0,part,0,5,at_least_two_nonzero_readable
1992,6,6,0,0,18.0,part,0,6,at_least_two_nonzero_readable
1993,10,10,0,0,30.0,part,0,10,at_least_two_nonzero_readable
1994,108,108,0,0,324.0,part,0,108,at_least_two_nonzero_readable
1995,13,13,0,0,39.0,part,0,13,at_least_two_nonzero_readable
1996,41,41,0,0,123.0,part,0,41,at_least_two_nonzero_readable
1997,9,9,0,0,27.0,part,0,9,at_least_two_nonzero_readable
1998,46,46,0,0,138.0,part,0,46,at_least_two_nonzero_readable
1999,107,107,0,0,321.0,part,0,107,at_least_two_nonzero_readable
2000,10,10,0,0,30.0,part,0,10,at_least_two_nonzero_readable
2001,8,8,0,0,24.0,part,0,8,at_least_two_nonzero_readable
2002,9,9,0,0,27.0,part,0,9,at_least_two_nonzero_readable
2003,21,21,0,0,63.0,part,0,21,at_least_two_nonzero_readable
2004,65,65,0,0,195.0,part,0,65,at_least_two_nonzero_readable
2005,11,11,0,0,33.0,part,0,11,at_least_two_nonzero_readable
2006,10,10,0,0,30.0,part,0,10,at_least_two_nonzero_readable
2007,193,193,0,0,579.0,part,0,193,at_least_two_nonzero_readable
2008,143,143,0,0,429.0,part,0,143,at_least_two_nonzero_readable
2009,96,96,0,0,288.0,part,0,96,at_least_two_nonzero_readable
2010,9,9,0,0,27.0,part,0,9,at_least_two_nonzero_readable
2011,65,65,0,0,195.0,part,0,65,at_least_two_nonzero_readable
2012,15,15,0,0,45.0,part,0,15,at_least_two_nonzero_readable
2013,7,7,0,0,21.0,part,0,7,at_least_two_nonzero_readable
2014,2,2,0,0,6.0,part,0,2,at_least_two_nonzero_readable
2016,1,1,0,0,3.0,part,0,1,fewer_than_two_nonzero_readable
2017,3,3,0,0,9.0,part,0,3,at_least_two_nonzero_readable
2018,4,4,0,0,12.0,part,0,4,at_least_two_nonzero_readable
2019,6,6,0,0,18.0,part,0,6,at_least_two_nonzero_readable
2020,51,51,0,0,153.0,part,0,51,at_least_two_nonzero_readable
2021,19,19,0,0,57.0,part,0,19,at_least_two_nonzero_readable
2022,7,7,0,0,21.0,part,0,7,at_least_two_nonzero_readable
2023,3,3,0,0,9.0,part,0,3,at_least_two_nonzero_readable
2024,85,85,0,0,255.0,part,0,85,at_least_two_nonzero_readable
2025,81,81,0,0,243.0,part,0,81,at_least_two_nonzero_readable
2026,17,17,0,0,51.0,part,0,17,at_least_two_nonzero_readable
2027,114,114,0,0,342.0,part,0,114,at_least_two_nonzero_readable
2028,130,130,0,0,390.0,part,0,130,at_least_two_nonzero_readable
2029,123,123,0,0,369.0,part,0,123,at_least_two_nonzero_readable
2030,45,45,0,0,135.0,part,0,45,at_least_two_nonzero_readable
2031,5,5,0,0,15.0,part,0,5,at_least_two_nonzero_readable
2032,10,10,0,0,30.0,part,0,10,at_least_two_nonzero_readable
2033,22,22,0,0,66.0,part,0,22,at_least_two_nonzero_readable
2034,24,24,0,0,72.0,part,0,24,at_least_two_nonzero_readable
2035,13,13,0,0,39.0,part,0,13,at_least_two_nonzero_readable
2036,108,108,0,0,324.0,part,0,108,at_least_two_nonzero_readable
2037,9,9,0,0,27.0,part,0,9,at_least_two_nonzero_readable
2038,10,10,0,0,30.0,part,0,10,at_least_two_nonzero_readable
2039,1,1,0,0,3.0,part,0,1,fewer_than_two_nonzero_readable
2040,6,6,0,0,18.0,part,0,6,at_least_two_nonzero_readable
2041,55,55,0,0,165.0,part,0,55,at_least_two_nonzero_readable
2042,28,28,0,0,84.0,part,0,28,at_least_two_nonzero_readable
2043,182,182,0,0,546.0,part,0,182,at_least_two_nonzero_readable
2044,4,4,0,0,12.0,part,0,4,at_least_two_nonzero_readable
2045,15,15,0,0,45.0,part,0,15,at_least_two_nonzero_readable
2046,6,6,0,0,18.0,part,0,6,at_least_two_nonzero_readable
2047,3,3,0,0,9.0,part,0,3,at_least_two_nonzero_readable
2048,20,20,0,0,60.0,part,0,20,at_least_two_nonzero_readable
2049,2,2,0,0,6.0,part,0,2,at_least_two_nonzero_readable
2050,2,2,0,0,6.0,part,0,2,at_least_two_nonzero_readable
2051,13,13,0,0,39.0,part,0,13,at_least_two_nonzero_readable
2052,179,179,0,0,537.0,part,0,179,at_least_two_nonzero_readable
2053,15,15,0,0,45.0,part,0,15,at_least_two_nonzero_readable
2054,2,2,0,0,6.0,part,0,2,at_least_two_nonzero_readable
2055,8,8,0,0,24.0,part,0,8,at_least_two_nonzero_readable
2056,40,40,0,0,120.0,part,0,40,at_least_two_nonzero_readable
2057,11,11,0,0,33.0,part,0,11,at_least_two_nonzero_readable
2058,26,26,0,0,78.0,part,0,26,at_least_two_nonzero_readable
2059,2,2,0,0,6.0,part,0,2,at_least_two_nonzero_readable
2060,20,20,0,0,60.0,part,0,20,at_least_two_nonzero_readable
2061,18,18,0,0,54.0,part,0,18,at_least_two_nonzero_readable
2062,18,18,0,0,54.0,part,0,18,at_least_two_nonzero_readable
2063,25,25,0,0,75.0,part,0,25,at_least_two_nonzero_readable
2064,19,19,0,0,57.0,part,0,19,at_least_two_nonzero_readable
2065,13,13,0,0,39.0,part,0,13,at_least_two_nonzero_readable
2066,73,73,0,0,219.0,part,0,73,at_least_two_nonzero_readable
2067,1,1,0,0,3.0,part,0,1,fewer_than_two_nonzero_readable
2068,138,138,0,0,414.0,part,0,138,at_least_two_nonzero_readable
2069,15,15,0,0,45.0,part,0,15,at_least_two_nonzero_readable
2070,1,1,0,0,3.0,part,0,1,fewer_than_two_nonzero_readable
2071,1,1,0,0,3.0,part,0,1,fewer_than_two_nonzero_readable
2072,2,2,0,0,6.0,part,0,2,at_least_two_nonzero_readable
2073,4,4,0,0,12.0,part,0,4,at_least_two_nonzero_readable
2074,5,5,0,0,15.0,part,0,5,at_least_two_nonzero_readable
2075,1,1,0,0,3.0,part,0,1,fewer_than_two_nonzero_readable
2076,3,3,0,0,9.0,part,0,3,at_least_two_nonzero_readable
2077,3,3,0,0,9.0,part,0,3,at_least_two_nonzero_readable
2078,2,2,0,0,6.0,part,0,2,at_least_two_nonzero_readable
2079,2,2,0,0,6.0,part,0,2,at_least_two_nonzero_readable
2080,1,1,0,0,3.0,part,0,1,fewer_than_two_nonzero_readable
2081,1,1,0,0,3.0,part,0,1,fewer_than_two_nonzero_readable
2082,3,3,0,0,9.0,part,0,3,at_least_two_nonzero_readable
2083,1,1,0,0,3.0,part,0,1,fewer_than_two_nonzero_readable
2084,1,1,0,0,3.0,part,0,1,fewer_than_two_nonzero_readable
2085,1,1,0,0,3.0,part,0,1,fewer_than_two_nonzero_readable
2086,3,3,0,0,9.0,part,0,3,at_least_two_nonzero_readable
2087,2,2,0,0,6.0,part,0,2,at_least_two_nonzero_readable
2088,3,3,0,0,9.0,part,0,3,at_least_two_nonzero_readable
2090,2,2,0,0,6.0,part,0,2,at_least_two_nonzero_readable
2091,1,1,0,0,3.0,part,0,1,fewer_than_two_nonzero_readable
2092,5,5,0,0,15.0,part,0,5,at_least_two_nonzero_readable
2093,14,14,0,0,42.0,part,0,14,at_least_two_nonzero_readable
2094,568,568,0,0,1704.0,part,0,568,at_least_two_nonzero_readable
2095,1,1,0,0,3.0,part,0,1,fewer_than_two_nonzero_readable
2096,1,1,0,0,3.0,part,0,1,fewer_than_two_nonzero_readable
2097,2,2,0,0,6.0,part,0,2,at_least_two_nonzero_readable
2098,3,3,0,0,9.0,part,0,3,at_least_two_nonzero_readable
2099,95,95,0,0,285.0,part,0,95,at_least_two_nonzero_readable
2100,2,2,0,0,6.0,part,0,2,at_least_two_nonzero_readable
2101,2,2,0,0,6.0,part,0,2,at_least_two_nonzero_readable
2102,4,4,0,0,12.0,part,0,4,at_least_two_nonzero_readable
2103,5,5,0,0,15.0,part,0,5,at_least_two_nonzero_readable
2104,43,43,0,0,129.0,part,0,43,at_least_two_nonzero_readable
2105,49,49,0,0,147.0,part,0,49,at_least_two_nonzero_readable
2106,4,4,0,0,12.0,part,0,4,at_least_two_nonzero_readable
2107,8,8,0,0,24.0,part,0,8,at_least_two_nonzero_readable
2108,12,12,0,0,36.0,part,0,12,at_least_two_nonzero_readable
2109,15,15,0,0,45.0,part,0,15,at_least_two_nonzero_readable
2110,97,97,0,0,291.0,part,0,97,at_least_two_nonzero_readable
2111,7,7,0,0,21.0,part,0,7,at_least_two_nonzero_readable
2112,6,6,0,0,18.0,part,0,6,at_least_two_nonzero_readable
2113,124,124,0,0,372.0,part,0,124,at_least_two_nonzero_readable
2114,5,5,0,0,15.0,part,0,5,at_least_two_nonzero_readable
2115,163,163,0,0,489.0,part,0,163,at_least_two_nonzero_readable
2116,5,5,0,0,15.0,part,0,5,at_least_two_nonzero_readable
2117,2,2,0,0,6.0,part,0,2,at_least_two_nonzero_readable
2118,9,9,0,0,27.0,part,0,9,at_least_two_nonzero_readable
2119,8,8,0,0,24.0,part,0,8,at_least_two_nonzero_readable
2120,10,10,0,0,30.0,part,0,10,at_least_two_nonzero_readable
2121,6,6,0,0,18.0,part,0,6,at_least_two_nonzero_readable
2122,7,7,0,0,21.0,part,0,7,at_least_two_nonzero_readable
2123,9,9,0,0,27.0,part,0,9,at_least_two_nonzero_readable
2124,7,7,0,0,21.0,part,0,7,at_least_two_nonzero_readable
2125,18,18,0,0,54.0,part,0,18,at_least_two_nonzero_readable
2126,2,2,0,0,6.0,part,0,2,at_least_two_nonzero_readable
2127,2,2,0,0,6.0,part,0,2,at_least_two_nonzero_readable
2128,78,78,0,0,234.0,part,0,78,at_least_two_nonzero_readable
2129,9,9,0,0,27.0,part,0,9,at_least_two_nonzero_readable
2130,2,2,0,0,6.0,part,0,2,at_least_two_nonzero_readable
2131,178,178,0,0,534.0,part,0,178,at_least_two_nonzero_readable
2132,1,1,0,0,3.0,part,0,1,fewer_than_two_nonzero_readable
2133,8,8,0,0,24.0,part,0,8,at_least_two_nonzero_readable
2134,6,6,0,0,18.0,part,0,6,at_least_two_nonzero_readable
2135,128,128,0,0,384.0,part,0,128,at_least_two_nonzero_readable
2136,28,28,0,0,84.0,part,0,28,at_least_two_nonzero_readable
2137,107,107,0,0,321.0,part,0,107,at_least_two_nonzero_readable
2138,62,62,0,0,186.0,part,0,62,at_least_two_nonzero_readable
2139,10,10,0,0,30.0,part,0,10,at_least_two_nonzero_readable
2141,7,7,0,0,21.0,part,0,7,at_least_two_nonzero_readable
2142,9,9,0,0,27.0,part,0,9,at_least_two_nonzero_readable
2143,85,85,0,0,255.0,part,0,85,at_least_two_nonzero_readable
2144,1,1,0,0,3.0,part,0,1,fewer_than_two_nonzero_readable
2145,1,1,0,0,3.0,part,0,1,fewer_than_two_nonzero_readable
2146,89,89,0,0,267.0,part,0,89,at_least_two_nonzero_readable
2147,19,19,0,0,57.0,part,0,19,at_least_two_nonzero_readable
2148,12,12,0,0,36.0,part,0,12,at_least_two_nonzero_readable
2149,1,1,0,0,3.0,part,0,1,fewer_than_two_nonzero_readable
2150,169,169,0,0,507.0,part,0,169,at_least_two_nonzero_readable
2151,21,21,0,0,63.0,part,0,21,at_least_two_nonzero_readable
2152,21,21,0,0,63.0,part,0,21,at_least_two_nonzero_readable
2153,10,10,0,0,30.0,part,0,10,at_least_two_nonzero_readable
2154,190,190,0,0,570.0,part,0,190,at_least_two_nonzero_readable
2155,88,88,0,0,264.0,part,0,88,at_least_two_nonzero_readable
2156,256,256,0,0,768.0,part,0,256,at_least_two_nonzero_readable
2157,25,25,0,0,75.0,part,0,25,at_least_two_nonzero_readable
2158,134,134,0,0,402.0,part,0,134,at_least_two_nonzero_readable
2159,12,12,0,0,36.0,part,0,12,at_least_two_nonzero_readable
2160,8,8,0,0,24.0,part,0,8,at_least_two_nonzero_readable
2161,11,11,0,0,33.0,part,0,11,at_least_two_nonzero_readable
2162,114,114,0,0,342.0,part,0,114,at_least_two_nonzero_readable
2163,7,7,0,0,21.0,part,0,7,at_least_two_nonzero_readable
2164,389,389,0,0,1167.0,part,0,389,at_least_two_nonzero_readable
2165,34,34,0,0,102.0,part,0,34,at_least_two_nonzero_readable
2166,8,8,0,0,24.0,part,0,8,at_least_two_nonzero_readable
2167,9,9,0,0,27.0,part,0,9,at_least_two_nonzero_readable
2168,155,155,0,0,465.0,part,0,155,at_least_two_nonzero_readable
2169,6,6,0,0,18.0,part,0,6,at_least_two_nonzero_readable
2170,118,118,0,0,354.0,part,0,118,at_least_two_nonzero_readable
2171,15,15,0,0,45.0,part,0,15,at_least_two_nonzero_readable
2172,188,188,0,0,564.0,part,0,188,at_least_two_nonzero_readable
2173,17,17,0,0,51.0,part,0,17,at_least_two_nonzero_readable
2174,1,1,0,0,3.0,part,0,1,fewer_than_two_nonzero_readable
2175,4,4,0,0,12.0,part,0,4,at_least_two_nonzero_readable
2176,32,32,0,0,96.0,part,0,32,at_least_two_nonzero_readable
2177,11,11,0,0,33.0,part,0,11,at_least_two_nonzero_readable
2178,1,1,0,0,3.0,part,0,1,fewer_than_two_nonzero_readable
2180,38,38,0,0,114.0,part,0,38,at_least_two_nonzero_readable
2181,22,22,0,0,66.0,part,0,22,at_least_two_nonzero_readable
2182,6,6,0,0,18.0,part,0,6,at_least_two_nonzero_readable
2183,6,6,0,0,18.0,part,0,6,at_least_two_nonzero_readable
2184,2,2,0,0,6.0,part,0,2,at_least_two_nonzero_readable
2185,9,9,0,0,27.0,part,0,9,at_least_two_nonzero_readable
2186,1,1,0,0,3.0,part,0,1,fewer_than_two_nonzero_readable
2187,10,10,0,0,30.0,part,0,10,at_least_two_nonzero_readable
2188,14,14,0,0,42.0,part,0,14,at_least_two_nonzero_readable
2189,76,76,0,0,228.0,part,0,76,at_least_two_nonzero_readable
2190,53,53,0,0,159.0,part,0,53,at_least_two_nonzero_readable
2191,33,33,0,0,99.0,part,0,33,at_least_two_nonzero_readable
2192,4,4,0,0,12.0,part,0,4,at_least_two_nonzero_readable
2193,2,2,0,0,6.0,part,0,2,at_least_two_nonzero_readable
2194,20,20,0,0,60.0,part,0,20,at_least_two_nonzero_readable
2195,11,11,0,0,33.0,part,0,11,at_least_two_nonzero_readable
2196,6,6,0,0,18.0,part,0,6,at_least_two_nonzero_readable
2197,22,22,0,0,66.0,part,0,22,at_least_two_nonzero_readable
2198,4,4,0,0,12.0,part,0,4,at_least_two_nonzero_readable
2199,121,121,0,0,363.0,part,0,121,at_least_two_nonzero_readable
2200,13,13,0,0,39.0,part,0,13,at_least_two_nonzero_readable
2201,269,269,0,0,807.0,part,0,269,at_least_two_nonzero_readable
2202,13,13,0,0,39.0,part,0,13,at_least_two_nonzero_readable
2203,19,19,0,0,57.0,part,0,19,at_least_two_nonzero_readable
2204,15,15,0,0,45.0,part,0,15,at_least_two_nonzero_readable
2205,3,3,0,0,9.0,part,0,3,at_least_two_nonzero_readable
2206,73,73,0,0,219.0,part,0,73,at_least_two_nonzero_readable
2207,41,41,0,0,123.0,part,0,41,at_least_two_nonzero_readable
2208,6,6,0,0,18.0,part,0,6,at_least_two_nonzero_readable
2209,8,8,0,0,24.0,part,0,8,at_least_two_nonzero_readable
2210,17,17,0,0,51.0,part,0,17,at_least_two_nonzero_readable
2211,4,4,0,0,12.0,part,0,4,at_least_two_nonzero_readable
2212,15,15,0,0,45.0,part,0,15,at_least_two_nonzero_readable
2213,12,12,0,0,36.0,part,0,12,at_least_two_nonzero_readable
2214,34,34,0,0,102.0,part,0,34,at_least_two_nonzero_readable
2215,4,4,0,0,12.0,part,0,4,at_least_two_nonzero_readable
2216,8,8,0,0,24.0,part,0,8,at_least_two_nonzero_readable
2217,35,35,0,0,105.0,part,0,35,at_least_two_nonzero_readable
2218,62,62,0,0,186.0,part,0,62,at_least_two_nonzero_readable
2219,2,2,0,0,6.0,part,0,2,at_least_two_nonzero_readable
2220,219,219,0,0,657.0,part,0,219,at_least_two_nonzero_readable
2221,104,104,0,0,312.0,part,0,104,at_least_two_nonzero_readable
2222,52,52,0,0,156.0,part,0,52,at_least_two_nonzero_readable
2223,54,54,0,0,162.0,part,0,54,at_least_two_nonzero_readable
2224,211,211,0,0,633.0,part,0,211,at_least_two_nonzero_readable
2225,5,5,0,0,15.0,part,0,5,at_least_two_nonzero_readable
2226,3,3,0,0,9.0,part,0,3,at_least_two_nonzero_readable
2227,3,3,0,0,9.0,part,0,3,at_least_two_nonzero_readable
2228,2,2,0,0,6.0,part,0,2,at_least_two_nonzero_readable
2229,3,3,0,0,9.0,part,0,3,at_least_two_nonzero_readable
2230,1,1,0,0,3.0,part,0,1,fewer_than_two_nonzero_readable
2231,5,5,0,0,15.0,part,0,5,at_least_two_nonzero_readable
2232,1,1,0,0,3.0,part,0,1,fewer_than_two_nonzero_readable
2233,1,1,0,0,3.0,part,0,1,fewer_than_two_nonzero_readable
2234,4,4,0,0,12.0,part,0,4,at_least_two_nonzero_readable
2235,1,1,0,0,3.0,part,0,1,fewer_than_two_nonzero_readable
2236,1,1,0,0,3.0,part,0,1,fewer_than_two_nonzero_readable
2237,4,4,0,0,12.0,part,0,4,at_least_two_nonzero_readable
2238,3,3,0,0,9.0,part,0,3,at_least_two_nonzero_readable
2239,2,2,0,0,6.0,part,0,2,at_least_two_nonzero_readable
2240,2,2,0,0,6.0,part,0,2,at_least_two_nonzero_readable
2241,1,1,0,0,3.0,part,0,1,fewer_than_two_nonzero_readable
2242,4,4,0,0,12.0,part,0,4,at_least_two_nonzero_readable
2243,2,2,0,0,6.0,part,0,2,at_least_two_nonzero_readable
2244,3,3,0,0,9.0,part,0,3,at_least_two_nonzero_readable
2245,2,2,0,0,6.0,part,0,2,at_least_two_nonzero_readable
2246,4,4,0,0,12.0,part,0,4,at_least_two_nonzero_readable
2247,1,1,0,0,3.0,part,0,1,fewer_than_two_nonzero_readable
2248,3,3,0,0,9.0,part,0,3,at_least_two_nonzero_readable
2249,93,93,0,0,279.0,part,0,93,at_least_two_nonzero_readable
2250,160,160,0,0,480.0,part,0,160,at_least_two_nonzero_readable
2251,50,50,0,0,150.0,part,0,50,at_least_two_nonzero_readable
2252,4,4,0,0,12.0,part,0,4,at_least_two_nonzero_readable
2253,45,45,0,0,135.0,part,0,45,at_least_two_nonzero_readable
2254,104,104,0,0,312.0,part,0,104,at_least_two_nonzero_readable
2255,2,2,0,0,6.0,part,0,2,at_least_two_nonzero_readable
2256,127,127,0,0,381.0,part,0,127,at_least_two_nonzero_readable
2257,9,9,0,0,27.0,part,0,9,at_least_two_nonzero_readable
2258,4,4,0,0,12.0,part,0,4,at_least_two_nonzero_readable
2259,21,21,0,0,63.0,part,0,21,at_least_two_nonzero_readable
2260,81,81,0,0,243.0,part,0,81,at_least_two_nonzero_readable
2261,28,28,0,0,84.0,part,0,28,at_least_two_nonzero_readable
2262,10,10,0,0,30.0,part,0,10,at_least_two_nonzero_readable
2263,9,9,0,0,27.0,part,0,9,at_least_two_nonzero_readable
2264,14,14,0,0,42.0,part,0,14,at_least_two_nonzero_readable
2265,99,99,0,0,297.0,part,0,99,at_least_two_nonzero_readable
2266,14,14,0,0,42.0,part,0,14,at_least_two_nonzero_readable
2267,3,3,0,0,9.0,part,0,3,at_least_two_nonzero_readable
2268,18,18,0,0,54.0,part,0,18,at_least_two_nonzero_readable
2269,40,40,0,0,120.0,part,0,40,at_least_two_nonzero_readable
2270,8,8,0,0,24.0,part,0,8,at_least_two_nonzero_readable
2271,81,81,0,0,243.0,part,0,81,at_least_two_nonzero_readable
2272,17,17,0,0,51.0,part,0,17,at_least_two_nonzero_readable
2273,42,42,0,0,126.0,part,0,42,at_least_two_nonzero_readable
2274,96,96,0,0,288.0,part,0,96,at_least_two_nonzero_readable
2275,7,7,0,0,21.0,part,0,7,at_least_two_nonzero_readable
2276,77,77,0,0,231.0,part,0,77,at_least_two_nonzero_readable
2277,50,50,0,0,150.0,part,0,50,at_least_two_nonzero_readable
2278,40,40,0,0,120.0,part,0,40,at_least_two_nonzero_readable
2279,9,9,0,0,27.0,part,0,9,at_least_two_nonzero_readable
2280,43,43,0,0,129.0,part,0,43,at_least_two_nonzero_readable
2281,34,34,0,0,102.0,part,0,34,at_least_two_nonzero_readable
2282,27,27,0,0,81.0,part,0,27,at_least_two_nonzero_readable
2283,22,22,0,0,66.0,part,0,22,at_least_two_nonzero_readable
2284,10,10,0,0,30.0,part,0,10,at_least_two_nonzero_readable
2385,1,1,0,0,3.0,part,0,1,fewer_than_two_nonzero_readable
2388,1,1,0,0,3.0,part,0,1,fewer_than_two_nonzero_readable
2437,1,1,0,0,3.0,part,0,1,fewer_than_two_nonzero_readable
2439,1,1,0,0,3.0,part,0,1,fewer_than_two_nonzero_readable
2444,1,1,0,0,3.0,part,0,1,fewer_than_two_nonzero_readable
2487,1,1,0,0,3.0,part,0,1,fewer_than_two_nonzero_readable
2490,1,1,0,0,3.0,part,0,1,fewer_than_two_nonzero_readable
2491,1,1,0,0,3.0,part,0,1,fewer_than_two_nonzero_readable
2493,1,1,0,0,3.0,part,0,1,fewer_than_two_nonzero_readable
2495,1,1,0,0,3.0,part,0,1,fewer_than_two_nonzero_readable
