candidate,batch,samples,unique_speakers,max_speaker_share,distinct_shards,duplicate_indexes
sample_random,0,32,26,0.09375,31,0
sample_random,1,32,27,0.09375,28,0
sample_random,2,32,29,0.0625,30,0
sample_random,3,32,26,0.0625,27,0
sample_random,4,32,32,0.03125,32,0
sample_random,5,32,25,0.15625,27,0
sample_random,6,32,29,0.0625,31,0
sample_random,7,32,29,0.09375,25,0
sample_random,8,32,26,0.125,27,0
sample_random,9,32,28,0.0625,28,0
sample_random,10,32,26,0.09375,31,0
sample_random,11,32,28,0.0625,29,0
sample_random,12,32,31,0.0625,29,0
sample_random,13,32,28,0.09375,26,0
sample_random,14,32,27,0.0625,27,0
sample_random,15,32,27,0.0625,29,0
sample_random,16,32,25,0.125,26,0
sample_random,17,32,27,0.09375,27,0
sample_random,18,32,28,0.0625,26,0
sample_random,19,32,28,0.0625,29,0
sample_random,20,32,30,0.0625,31,0
sample_random,21,32,27,0.09375,29,0
sample_random,22,32,30,0.0625,29,0
sample_random,23,32,28,0.09375,27,0
sample_random,24,32,26,0.09375,24,0
sample_random,25,32,26,0.09375,28,0
sample_random,26,32,27,0.09375,26,0
sample_random,27,32,27,0.125,28,0
sample_random,28,32,28,0.125,29,0
sample_random,29,32,30,0.0625,30,0
sample_random,30,32,30,0.0625,31,0
sample_random,31,32,27,0.09375,26,0
sample_random,32,32,29,0.0625,25,0
sample_random,33,32,29,0.09375,31,0
sample_random,34,32,28,0.0625,29,0
sample_random,35,32,25,0.09375,30,0
sample_random,36,32,24,0.15625,27,0
sample_random,37,32,30,0.0625,29,0
sample_random,38,32,28,0.09375,28,0
sample_random,39,32,27,0.0625,27,0
sample_random,40,32,32,0.03125,28,0
sample_random,41,32,27,0.0625,30,0
sample_random,42,32,25,0.09375,29,0
sample_random,43,32,27,0.09375,25,0
sample_random,44,32,27,0.125,28,0
sample_random,45,32,23,0.125,22,0
sample_random,46,32,30,0.0625,28,0
sample_random,47,32,30,0.0625,29,0
sample_random,48,32,27,0.09375,27,0
sample_random,49,32,29,0.0625,28,0
sample_random,50,32,31,0.0625,28,0
sample_random,51,32,29,0.125,30,0
sample_random,52,32,28,0.09375,30,0
sample_random,53,32,29,0.09375,31,0
sample_random,54,32,30,0.09375,32,0
sample_random,55,32,27,0.0625,24,0
sample_random,56,32,26,0.125,28,0
sample_random,57,32,28,0.09375,29,0
sample_random,58,32,30,0.0625,29,0
sample_random,59,32,28,0.09375,28,0
sample_random,60,32,31,0.0625,31,0
sample_random,61,32,27,0.09375,27,0
sample_random,62,32,28,0.0625,27,0
sample_random,63,32,29,0.0625,25,0
sample_random,64,32,28,0.0625,28,0
sample_random,65,32,26,0.09375,27,0
sample_random,66,32,23,0.125,25,0
sample_random,67,32,26,0.125,30,0
sample_random,68,32,26,0.09375,27,0
sample_random,69,32,27,0.09375,29,0
sample_random,70,32,25,0.09375,30,0
sample_random,71,32,24,0.09375,27,0
sample_random,72,32,28,0.09375,24,0
sample_random,73,32,29,0.0625,27,0
sample_random,74,32,26,0.09375,27,0
sample_random,75,32,25,0.09375,26,0
sample_random,76,32,29,0.09375,30,0
sample_random,77,32,28,0.0625,26,0
sample_random,78,32,30,0.0625,28,0
sample_random,79,32,30,0.0625,29,0
sample_random,80,32,25,0.125,29,0
sample_random,81,32,29,0.0625,30,0
sample_random,82,32,29,0.09375,28,0
sample_random,83,32,27,0.09375,28,0
sample_random,84,32,30,0.0625,29,0
sample_random,85,32,27,0.09375,29,0
sample_random,86,32,27,0.09375,30,0
sample_random,87,32,27,0.125,28,0
sample_random,88,32,29,0.09375,28,0
sample_random,89,32,30,0.09375,29,0
sample_random,90,32,29,0.0625,30,0
sample_random,91,32,28,0.0625,26,0
sample_random,92,32,29,0.0625,29,0
sample_random,93,32,30,0.0625,29,0
sample_random,94,32,27,0.09375,25,0
sample_random,95,32,30,0.0625,25,0
sample_random,96,32,30,0.0625,29,0
sample_random,97,32,27,0.09375,27,0
sample_random,98,32,30,0.0625,29,0
sample_random,99,32,26,0.125,28,0
sample_random,100,32,30,0.0625,29,0
sample_random,101,32,31,0.0625,26,0
sample_random,102,32,30,0.0625,26,0
sample_random,103,32,30,0.09375,30,0
sample_random,104,32,27,0.0625,27,0
sample_random,105,32,28,0.09375,25,0
sample_random,106,32,28,0.09375,30,0
sample_random,107,32,26,0.09375,29,0
sample_random,108,32,28,0.0625,29,0
sample_random,109,32,30,0.0625,30,0
sample_random,110,32,27,0.0625,29,0
sample_random,111,32,30,0.0625,30,0
sample_random,112,32,29,0.09375,30,0
sample_random,113,32,27,0.09375,26,0
sample_random,114,32,29,0.0625,27,0
sample_random,115,32,29,0.09375,28,0
sample_random,116,32,30,0.0625,30,0
sample_random,117,32,30,0.09375,27,0
sample_random,118,32,25,0.125,27,0
sample_random,119,32,26,0.09375,29,0
sample_random,120,32,28,0.125,29,0
sample_random,121,32,28,0.0625,25,0
sample_random,122,32,29,0.09375,26,0
sample_random,123,32,29,0.0625,31,0
sample_random,124,32,27,0.09375,29,0
sample_random,125,32,30,0.0625,28,0
sample_random,126,32,30,0.0625,29,0
sample_random,127,32,30,0.0625,28,0
sample_random,128,32,28,0.0625,28,0
sample_random,129,32,29,0.0625,29,0
sample_random,130,32,25,0.09375,29,0
sample_random,131,32,29,0.09375,31,0
sample_random,132,32,27,0.09375,26,0
sample_random,133,32,29,0.0625,28,0
sample_random,134,32,29,0.0625,27,0
sample_random,135,32,26,0.125,29,0
sample_random,136,32,27,0.09375,25,0
sample_random,137,32,29,0.0625,29,0
sample_random,138,32,23,0.09375,25,0
sample_random,139,32,30,0.0625,31,0
sample_random,140,32,30,0.0625,31,0
sample_random,141,32,26,0.09375,30,0
sample_random,142,32,29,0.0625,31,0
sample_random,143,32,31,0.0625,31,0
sample_random,144,32,30,0.0625,27,0
sample_random,145,32,30,0.0625,27,0
sample_random,146,32,28,0.09375,30,0
sample_random,147,32,30,0.09375,29,0
sample_random,148,32,30,0.0625,31,0
sample_random,149,32,30,0.0625,28,0
sample_random,150,32,26,0.125,29,0
sample_random,151,32,26,0.125,29,0
sample_random,152,32,31,0.0625,28,0
sample_random,153,32,26,0.125,30,0
sample_random,154,32,25,0.0625,26,0
sample_random,155,32,30,0.0625,31,0
sample_random,156,32,28,0.09375,28,0
sample_random,157,32,24,0.09375,28,0
sample_random,158,32,29,0.0625,28,0
sample_random,159,32,28,0.09375,26,0
sample_random,160,32,26,0.0625,24,0
sample_random,161,32,26,0.09375,27,0
sample_random,162,32,27,0.15625,27,0
sample_random,163,32,25,0.125,29,0
sample_random,164,32,26,0.09375,31,0
sample_random,165,32,29,0.0625,28,0
sample_random,166,32,24,0.125,28,0
sample_random,167,32,32,0.03125,28,0
sample_random,168,32,26,0.09375,30,0
sample_random,169,32,28,0.125,31,0
sample_random,170,32,26,0.09375,28,0
sample_random,171,32,25,0.09375,28,0
sample_random,172,32,27,0.09375,25,0
sample_random,173,32,29,0.09375,29,0
sample_random,174,32,28,0.0625,28,0
sample_random,175,32,30,0.0625,29,0
sample_random,176,32,28,0.09375,30,0
sample_random,177,32,29,0.09375,31,0
sample_random,178,32,30,0.0625,30,0
sample_random,179,32,25,0.09375,29,0
sample_random,180,32,30,0.0625,28,0
sample_random,181,32,29,0.0625,31,0
sample_random,182,32,25,0.09375,27,0
sample_random,183,32,31,0.0625,29,0
sample_random,184,32,27,0.125,28,0
sample_random,185,32,28,0.0625,26,0
sample_random,186,32,31,0.0625,28,0
sample_random,187,32,24,0.125,29,0
sample_random,188,32,29,0.0625,30,0
sample_random,189,32,31,0.0625,29,0
sample_random,190,32,26,0.09375,28,0
sample_random,191,32,27,0.0625,29,0
sample_random,192,32,28,0.0625,27,0
sample_random,193,32,29,0.0625,27,0
sample_random,194,32,31,0.0625,28,0
sample_random,195,32,25,0.125,26,0
sample_random,196,32,30,0.0625,29,0
sample_random,197,32,27,0.09375,28,0
sample_random,198,32,28,0.09375,29,0
sample_random,199,32,28,0.125,31,0
sample_random,200,32,26,0.125,25,0
sample_random,201,32,30,0.0625,30,0
sample_random,202,32,27,0.09375,25,0
sample_random,203,32,28,0.125,30,0
sample_random,204,32,25,0.09375,27,0
sample_random,205,32,26,0.09375,27,0
sample_random,206,32,28,0.09375,28,0
sample_random,207,32,29,0.0625,28,0
sample_random,208,32,29,0.09375,31,0
sample_random,209,32,24,0.09375,27,0
sample_random,210,32,26,0.09375,28,0
sample_random,211,32,23,0.125,27,0
sample_random,212,32,25,0.125,27,0
sample_random,213,32,25,0.09375,27,0
sample_random,214,32,28,0.0625,28,0
sample_random,215,32,26,0.09375,30,0
sample_random,216,32,26,0.09375,25,0
sample_random,217,32,30,0.09375,32,0
sample_random,218,32,26,0.125,30,0
sample_random,219,32,28,0.0625,29,0
sample_random,220,32,28,0.0625,29,0
sample_random,221,32,25,0.09375,28,0
sample_random,222,32,25,0.09375,28,0
sample_random,223,32,24,0.09375,30,0
sample_random,224,32,28,0.0625,27,0
sample_random,225,32,29,0.09375,29,0
sample_random,226,32,26,0.09375,29,0
sample_random,227,32,29,0.125,28,0
sample_random,228,32,27,0.0625,29,0
sample_random,229,32,25,0.125,28,0
sample_random,230,32,28,0.09375,29,0
sample_random,231,32,29,0.0625,30,0
sample_random,232,32,27,0.09375,29,0
sample_random,233,32,30,0.0625,27,0
sample_random,234,32,28,0.0625,28,0
sample_random,235,32,26,0.125,28,0
sample_random,236,32,28,0.125,30,0
sample_random,237,32,31,0.0625,30,0
sample_random,238,32,26,0.09375,26,0
sample_random,239,32,29,0.09375,29,0
sample_random,240,32,29,0.0625,29,0
sample_random,241,32,25,0.1875,26,0
sample_random,242,32,30,0.0625,29,0
sample_random,243,32,28,0.09375,28,0
sample_random,244,32,26,0.125,28,0
sample_random,245,32,27,0.09375,30,0
sample_random,246,32,28,0.0625,29,0
sample_random,247,32,29,0.0625,28,0
sample_random,248,32,26,0.09375,29,0
sample_random,249,32,25,0.09375,28,0
sample_random,250,32,30,0.0625,30,0
sample_random,251,32,27,0.0625,28,0
sample_random,252,32,27,0.09375,28,0
sample_random,253,32,31,0.0625,29,0
sample_random,254,32,31,0.0625,30,0
sample_random,255,32,27,0.09375,29,0
sample_random,256,32,31,0.0625,27,0
sample_random,257,32,31,0.0625,30,0
sample_random,258,32,24,0.09375,24,0
sample_random,259,32,28,0.0625,28,0
sample_random,260,32,25,0.15625,28,0
sample_random,261,32,31,0.0625,29,0
sample_random,262,32,31,0.0625,28,0
sample_random,263,32,29,0.125,27,0
sample_random,264,32,27,0.0625,28,0
sample_random,265,32,28,0.09375,30,0
sample_random,266,32,25,0.0625,25,0
sample_random,267,32,28,0.0625,27,0
sample_random,268,32,25,0.09375,23,0
sample_random,269,32,27,0.125,29,0
sample_random,270,32,26,0.09375,29,0
sample_random,271,32,28,0.09375,31,0
sample_random,272,32,30,0.0625,29,0
sample_random,273,32,29,0.09375,28,0
sample_random,274,32,30,0.0625,29,0
sample_random,275,32,28,0.125,26,0
sample_random,276,32,29,0.0625,29,0
sample_random,277,32,25,0.09375,27,0
sample_random,278,32,26,0.09375,29,0
sample_random,279,32,25,0.21875,28,0
sample_random,280,32,27,0.0625,29,0
sample_random,281,32,27,0.0625,26,0
sample_random,282,32,29,0.0625,30,0
sample_random,283,32,27,0.125,28,0
sample_random,284,32,31,0.0625,29,0
sample_random,285,32,27,0.09375,28,0
sample_random,286,32,27,0.0625,26,0
sample_random,287,32,31,0.0625,31,0
sample_random,288,32,27,0.125,28,0
sample_random,289,32,31,0.0625,29,0
sample_random,290,32,28,0.09375,28,0
sample_random,291,32,27,0.09375,29,0
sample_random,292,32,26,0.0625,28,0
sample_random,293,32,26,0.1875,28,0
sample_random,294,32,31,0.0625,30,0
sample_random,295,32,27,0.09375,27,0
sample_random,296,32,28,0.09375,29,0
sample_random,297,32,26,0.125,26,0
sample_random,298,32,29,0.0625,27,0
sample_random,299,32,24,0.09375,25,0
sample_random,300,32,30,0.0625,30,0
sample_random,301,32,29,0.0625,31,0
sample_random,302,32,30,0.0625,27,0
sample_random,303,32,31,0.0625,28,0
sample_random,304,32,25,0.09375,26,0
sample_random,305,32,26,0.09375,29,0
sample_random,306,32,22,0.1875,27,0
sample_random,307,32,30,0.0625,30,0
sample_random,308,32,29,0.0625,27,0
sample_random,309,32,28,0.09375,27,0
sample_random,310,32,27,0.0625,27,0
sample_random,311,32,29,0.0625,25,0
sample_random,312,32,25,0.125,30,0
sample_random,313,32,29,0.0625,28,0
sample_random,314,32,29,0.0625,26,0
sample_random,315,32,26,0.0625,29,0
sample_random,316,32,26,0.0625,26,0
sample_random,317,32,26,0.0625,27,0
sample_random,318,32,30,0.0625,29,0
sample_random,319,32,27,0.09375,27,0
sample_random,320,32,29,0.09375,31,0
sample_random,321,32,30,0.0625,31,0
sample_random,322,32,26,0.09375,29,0
sample_random,323,32,30,0.0625,26,0
sample_random,324,32,29,0.09375,30,0
sample_random,325,32,28,0.0625,29,0
sample_random,326,32,27,0.0625,26,0
sample_random,327,32,31,0.0625,29,0
sample_random,328,32,29,0.125,29,0
sample_random,329,32,29,0.0625,27,0
sample_random,330,32,28,0.0625,27,0
sample_random,331,32,30,0.0625,31,0
sample_random,332,32,29,0.0625,27,0
sample_random,333,32,27,0.125,31,0
sample_random,334,32,24,0.125,28,0
sample_random,335,32,28,0.09375,29,0
sample_random,336,32,30,0.0625,29,0
sample_random,337,32,27,0.125,28,0
sample_random,338,32,30,0.0625,29,0
sample_random,339,32,29,0.0625,29,0
sample_random,340,32,29,0.0625,27,0
sample_random,341,32,28,0.0625,27,0
sample_random,342,32,31,0.0625,32,0
sample_random,343,32,31,0.0625,30,0
sample_random,344,32,24,0.09375,27,0
sample_random,345,32,28,0.125,27,0
sample_random,346,32,28,0.0625,28,0
sample_random,347,32,29,0.0625,28,0
sample_random,348,32,23,0.09375,27,0
sample_random,349,32,30,0.0625,28,0
sample_random,350,32,25,0.09375,27,0
sample_random,351,32,30,0.09375,31,0
sample_random,352,32,24,0.0625,24,0
sample_random,353,32,26,0.125,32,0
sample_random,354,32,28,0.0625,26,0
sample_random,355,32,27,0.125,29,0
sample_random,356,32,28,0.09375,29,0
sample_random,357,32,31,0.0625,28,0
sample_random,358,32,29,0.0625,30,0
sample_random,359,32,22,0.125,25,0
sample_random,360,32,31,0.0625,30,0
sample_random,361,32,27,0.09375,28,0
sample_random,362,32,30,0.0625,30,0
sample_random,363,32,32,0.03125,29,0
sample_random,364,32,29,0.0625,29,0
sample_random,365,32,29,0.09375,29,0
sample_random,366,32,29,0.09375,29,0
sample_random,367,32,28,0.0625,26,0
sample_random,368,32,29,0.0625,29,0
sample_random,369,32,29,0.0625,27,0
sample_random,370,32,25,0.09375,27,0
sample_random,371,32,30,0.0625,29,0
sample_random,372,32,29,0.0625,29,0
sample_random,373,32,29,0.09375,28,0
sample_random,374,32,27,0.09375,26,0
sample_random,375,32,23,0.09375,24,0
sample_random,376,32,26,0.09375,27,0
sample_random,377,32,29,0.09375,27,0
sample_random,378,32,27,0.125,29,0
sample_random,379,32,28,0.125,28,0
sample_random,380,32,28,0.0625,28,0
sample_random,381,32,30,0.0625,29,0
sample_random,382,32,27,0.0625,26,0
sample_random,383,32,26,0.125,29,0
sample_random,384,32,29,0.0625,31,0
sample_random,385,32,29,0.09375,27,0
sample_random,386,32,30,0.0625,30,0
sample_random,387,32,28,0.09375,28,0
sample_random,388,32,30,0.09375,29,0
sample_random,389,32,27,0.09375,30,0
sample_random,390,32,30,0.0625,28,0
sample_random,391,32,29,0.09375,29,0
sample_random,392,32,28,0.09375,30,0
sample_random,393,32,28,0.09375,29,0
sample_random,394,32,29,0.0625,28,0
sample_random,395,32,32,0.03125,31,0
sample_random,396,32,29,0.0625,28,0
sample_random,397,32,31,0.0625,29,0
sample_random,398,32,28,0.09375,28,0
sample_random,399,32,27,0.125,29,0
sample_random,400,32,26,0.09375,26,0
sample_random,401,32,26,0.0625,26,0
sample_random,402,32,30,0.0625,25,0
sample_random,403,32,26,0.09375,29,0
sample_random,404,32,29,0.0625,29,0
sample_random,405,32,25,0.125,27,0
sample_random,406,32,26,0.125,31,0
sample_random,407,32,30,0.0625,31,0
sample_random,408,32,26,0.125,27,0
sample_random,409,32,27,0.09375,27,0
sample_random,410,32,28,0.0625,30,0
sample_random,411,32,31,0.0625,29,0
sample_random,412,32,30,0.0625,30,0
sample_random,413,32,31,0.0625,28,0
sample_random,414,32,26,0.15625,30,0
sample_random,415,32,29,0.0625,28,0
sample_random,416,32,28,0.09375,28,0
sample_random,417,32,25,0.15625,29,0
sample_random,418,32,28,0.09375,27,0
sample_random,419,32,30,0.0625,29,0
sample_random,420,32,30,0.0625,29,0
sample_random,421,32,27,0.09375,26,0
sample_random,422,32,27,0.09375,28,0
sample_random,423,32,28,0.09375,29,0
sample_random,424,32,25,0.09375,29,0
sample_random,425,32,30,0.0625,28,0
sample_random,426,32,21,0.125,23,0
sample_random,427,32,30,0.09375,29,0
sample_random,428,32,28,0.09375,28,0
sample_random,429,32,25,0.09375,28,0
sample_random,430,32,29,0.0625,28,0
sample_random,431,32,28,0.0625,28,0
sample_random,432,32,27,0.0625,28,0
sample_random,433,32,24,0.125,23,0
sample_random,434,32,28,0.0625,28,0
sample_random,435,32,31,0.0625,30,0
sample_random,436,32,26,0.125,27,0
sample_random,437,32,28,0.0625,29,0
sample_random,438,32,29,0.0625,26,0
sample_random,439,32,30,0.09375,30,0
sample_random,440,32,27,0.09375,28,0
sample_random,441,32,25,0.09375,29,0
sample_random,442,32,29,0.0625,29,0
sample_random,443,32,26,0.09375,29,0
sample_random,444,32,28,0.0625,28,0
sample_random,445,32,28,0.09375,30,0
sample_random,446,32,27,0.0625,28,0
sample_random,447,32,24,0.09375,26,0
sample_random,448,32,26,0.125,29,0
sample_random,449,32,29,0.0625,31,0
sample_random,450,32,32,0.03125,28,0
sample_random,451,32,27,0.09375,28,0
sample_random,452,32,29,0.09375,30,0
sample_random,453,32,27,0.09375,26,0
sample_random,454,32,29,0.0625,28,0
sample_random,455,32,28,0.09375,29,0
sample_random,456,32,29,0.09375,28,0
sample_random,457,32,28,0.0625,25,0
sample_random,458,32,31,0.0625,29,0
sample_random,459,32,29,0.0625,30,0
sample_random,460,32,27,0.09375,27,0
sample_random,461,32,29,0.09375,30,0
sample_random,462,32,29,0.09375,30,0
sample_random,463,32,28,0.0625,29,0
sample_random,464,32,26,0.125,25,0
sample_random,465,32,28,0.0625,29,0
sample_random,466,32,28,0.0625,29,0
sample_random,467,32,27,0.09375,30,0
sample_random,468,32,27,0.09375,29,0
sample_random,469,32,28,0.09375,30,0
sample_random,470,32,27,0.125,29,0
sample_random,471,32,26,0.09375,27,0
sample_random,472,32,28,0.125,29,0
sample_random,473,32,30,0.0625,28,0
sample_random,474,32,29,0.0625,30,0
sample_random,475,32,28,0.15625,32,0
sample_random,476,32,29,0.09375,30,0
sample_random,477,32,29,0.0625,30,0
sample_random,478,32,27,0.09375,29,0
sample_random,479,32,26,0.15625,28,0
sample_random,480,32,28,0.0625,28,0
sample_random,481,32,28,0.125,27,0
sample_random,482,32,29,0.0625,30,0
sample_random,483,32,29,0.0625,28,0
sample_random,484,32,29,0.09375,27,0
sample_random,485,32,30,0.0625,30,0
sample_random,486,32,27,0.09375,23,0
sample_random,487,32,28,0.09375,29,0
sample_random,488,32,28,0.09375,27,0
sample_random,489,32,27,0.0625,27,0
sample_random,490,32,26,0.0625,24,0
sample_random,491,32,31,0.0625,28,0
sample_random,492,32,26,0.1875,26,0
sample_random,493,32,30,0.0625,31,0
sample_random,494,32,28,0.09375,29,0
sample_random,495,32,28,0.0625,26,0
sample_random,496,32,29,0.0625,31,0
sample_random,497,32,25,0.1875,26,0
sample_random,498,32,26,0.09375,28,0
sample_random,499,32,28,0.0625,26,0
sample_random,500,32,26,0.125,28,0
sample_random,501,32,27,0.09375,28,0
sample_random,502,32,30,0.0625,26,0
sample_random,503,32,29,0.09375,28,0
sample_random,504,32,28,0.09375,28,0
sample_random,505,32,29,0.0625,28,0
sample_random,506,32,24,0.25,27,0
sample_random,507,32,28,0.09375,26,0
sample_random,508,32,25,0.125,30,0
sample_random,509,32,27,0.09375,27,0
sample_random,510,32,25,0.125,27,0
sample_random,511,32,30,0.0625,26,0
sample_random,512,32,25,0.15625,27,0
sample_random,513,32,29,0.125,31,0
sample_random,514,32,28,0.09375,29,0
sample_random,515,32,27,0.09375,29,0
sample_random,516,32,27,0.125,27,0
sample_random,517,32,26,0.125,26,0
sample_random,518,32,28,0.0625,26,0
sample_random,519,32,27,0.0625,31,0
sample_random,520,32,30,0.0625,28,0
sample_random,521,32,28,0.0625,28,0
sample_random,522,32,29,0.0625,27,0
sample_random,523,32,28,0.09375,28,0
sample_random,524,32,29,0.09375,29,0
sample_random,525,32,30,0.0625,29,0
sample_random,526,32,28,0.0625,28,0
sample_random,527,32,27,0.125,30,0
sample_random,528,32,29,0.0625,30,0
sample_random,529,32,32,0.03125,30,0
sample_random,530,32,30,0.0625,27,0
sample_random,531,32,26,0.09375,26,0
sample_random,532,32,31,0.0625,29,0
sample_random,533,32,30,0.0625,30,0
sample_random,534,32,26,0.09375,24,0
sample_random,535,32,26,0.125,25,0
sample_random,536,32,28,0.0625,27,0
sample_random,537,32,28,0.09375,28,0
sample_random,538,32,31,0.0625,30,0
sample_random,539,32,25,0.09375,26,0
sample_random,540,32,26,0.125,25,0
sample_random,541,32,25,0.125,27,0
sample_random,542,32,25,0.1875,27,0
sample_random,543,32,28,0.09375,28,0
sample_random,544,32,22,0.15625,26,0
sample_random,545,32,27,0.15625,29,0
sample_random,546,32,30,0.0625,30,0
sample_random,547,32,28,0.0625,25,0
sample_random,548,32,28,0.09375,29,0
sample_random,549,32,24,0.09375,27,0
sample_random,550,32,27,0.09375,29,0
sample_random,551,32,30,0.0625,30,0
sample_random,552,32,30,0.0625,29,0
sample_random,553,32,28,0.09375,29,0
sample_random,554,32,25,0.09375,27,0
sample_random,555,32,30,0.0625,28,0
sample_random,556,32,29,0.125,30,0
sample_random,557,32,27,0.125,29,0
sample_random,558,32,29,0.09375,27,0
sample_random,559,32,28,0.09375,30,0
sample_random,560,32,29,0.0625,29,0
sample_random,561,32,27,0.125,28,0
sample_random,562,32,29,0.09375,29,0
sample_random,563,32,28,0.09375,32,0
sample_random,564,32,25,0.125,28,0
sample_random,565,32,30,0.0625,29,0
sample_random,566,32,28,0.09375,30,0
sample_random,567,32,27,0.09375,27,0
sample_random,568,32,30,0.0625,27,0
sample_random,569,32,29,0.0625,31,0
sample_random,570,32,29,0.0625,26,0
sample_random,571,32,29,0.09375,28,0
sample_random,572,32,26,0.09375,30,0
sample_random,573,32,26,0.0625,31,0
sample_random,574,32,27,0.0625,29,0
sample_random,575,32,28,0.0625,27,0
sample_random,576,32,30,0.0625,31,0
sample_random,577,32,28,0.0625,24,0
sample_random,578,32,29,0.09375,29,0
sample_random,579,32,30,0.0625,28,0
sample_random,580,32,27,0.09375,29,0
sample_random,581,32,29,0.0625,28,0
sample_random,582,32,28,0.0625,31,0
sample_random,583,32,27,0.09375,31,0
sample_random,584,32,30,0.0625,28,0
sample_random,585,32,27,0.0625,28,0
sample_random,586,32,26,0.15625,29,0
sample_random,587,32,29,0.0625,29,0
sample_random,588,32,29,0.125,29,0
sample_random,589,32,28,0.0625,28,0
sample_random,590,32,28,0.09375,29,0
sample_random,591,32,27,0.0625,31,0
sample_random,592,32,29,0.0625,30,0
sample_random,593,32,26,0.125,29,0
sample_random,594,32,23,0.125,27,0
sample_random,595,32,29,0.0625,29,0
sample_random,596,32,29,0.0625,26,0
sample_random,597,32,30,0.0625,28,0
sample_random,598,32,27,0.09375,31,0
sample_random,599,32,28,0.0625,29,0
sample_random,600,32,28,0.0625,27,0
sample_random,601,32,28,0.0625,28,0
sample_random,602,32,27,0.0625,27,0
sample_random,603,32,28,0.0625,26,0
sample_random,604,32,29,0.0625,30,0
sample_random,605,32,30,0.0625,30,0
sample_random,606,32,31,0.0625,30,0
sample_random,607,32,29,0.09375,29,0
sample_random,608,32,27,0.15625,31,0
sample_random,609,32,27,0.0625,27,0
sample_random,610,32,29,0.0625,27,0
sample_random,611,32,28,0.09375,28,0
sample_random,612,32,27,0.0625,31,0
sample_random,613,32,26,0.15625,28,0
sample_random,614,32,23,0.125,26,0
sample_random,615,32,28,0.0625,28,0
sample_random,616,32,28,0.09375,27,0
sample_random,617,32,31,0.0625,31,0
sample_random,618,32,28,0.125,27,0
sample_random,619,32,27,0.0625,28,0
sample_random,620,32,25,0.125,29,0
sample_random,621,32,27,0.09375,27,0
sample_random,622,32,28,0.09375,30,0
sample_random,623,32,30,0.0625,25,0
sample_random,624,32,28,0.09375,30,0
sample_random,625,32,28,0.09375,28,0
sample_random,626,32,30,0.0625,27,0
sample_random,627,32,32,0.03125,30,0
sample_random,628,32,27,0.09375,26,0
sample_random,629,32,29,0.09375,30,0
sample_random,630,32,29,0.0625,27,0
sample_random,631,32,27,0.09375,27,0
sample_random,632,32,27,0.09375,28,0
sample_random,633,32,29,0.0625,29,0
sample_random,634,32,26,0.15625,29,0
sample_random,635,32,30,0.0625,28,0
sample_random,636,32,26,0.125,28,0
sample_random,637,32,29,0.09375,27,0
sample_random,638,32,24,0.21875,31,0
sample_random,639,32,27,0.125,26,0
sample_random,640,32,30,0.0625,29,0
sample_random,641,32,28,0.0625,28,0
sample_random,642,32,29,0.0625,29,0
sample_random,643,32,28,0.09375,30,0
sample_random,644,32,25,0.125,30,0
sample_random,645,32,28,0.09375,28,0
sample_random,646,32,27,0.09375,28,0
sample_random,647,32,29,0.0625,28,0
sample_random,648,32,31,0.0625,29,0
sample_random,649,32,31,0.0625,28,0
sample_random,650,32,28,0.09375,27,0
sample_random,651,32,28,0.0625,27,0
sample_random,652,32,31,0.0625,29,0
sample_random,653,32,26,0.125,29,0
sample_random,654,32,27,0.09375,29,0
sample_random,655,32,29,0.09375,25,0
sample_random,656,32,25,0.125,25,0
sample_random,657,32,27,0.09375,25,0
sample_random,658,32,27,0.09375,29,0
sample_random,659,32,29,0.09375,28,0
sample_random,660,32,27,0.125,28,0
sample_random,661,32,27,0.09375,27,0
sample_random,662,32,26,0.09375,27,0
sample_random,663,32,31,0.0625,27,0
sample_random,664,32,28,0.09375,29,0
sample_random,665,32,27,0.09375,29,0
sample_random,666,32,29,0.0625,29,0
sample_random,667,32,29,0.09375,30,0
sample_random,668,32,28,0.09375,25,0
sample_random,669,32,28,0.0625,29,0
sample_random,670,32,28,0.09375,28,0
sample_random,671,32,30,0.0625,28,0
sample_random,672,32,29,0.0625,27,0
sample_random,673,32,29,0.0625,27,0
sample_random,674,32,27,0.125,27,0
sample_random,675,32,24,0.09375,28,0
sample_random,676,32,27,0.09375,27,0
sample_random,677,32,26,0.09375,27,0
sample_random,678,32,31,0.0625,29,0
sample_random,679,32,30,0.0625,28,0
sample_random,680,32,30,0.0625,31,0
sample_random,681,32,30,0.0625,29,0
sample_random,682,32,28,0.0625,27,0
sample_random,683,32,27,0.0625,26,0
sample_random,684,32,29,0.0625,30,0
sample_random,685,32,24,0.125,26,0
sample_random,686,32,30,0.0625,31,0
sample_random,687,32,29,0.09375,31,0
sample_random,688,32,24,0.09375,28,0
sample_random,689,32,26,0.09375,29,0
sample_random,690,32,28,0.0625,29,0
sample_random,691,32,28,0.0625,30,0
sample_random,692,32,28,0.09375,30,0
sample_random,693,32,26,0.09375,26,0
sample_random,694,32,31,0.0625,28,0
sample_random,695,32,28,0.0625,28,0
sample_random,696,32,29,0.09375,30,0
sample_random,697,32,28,0.09375,27,0
sample_random,698,32,28,0.09375,32,0
sample_random,699,32,28,0.0625,29,0
sample_random,700,32,26,0.125,29,0
sample_random,701,32,28,0.125,29,0
sample_random,702,32,29,0.09375,28,0
sample_random,703,32,27,0.125,27,0
sample_random,704,32,29,0.09375,28,0
sample_random,705,32,29,0.09375,27,0
sample_random,706,32,28,0.125,31,0
sample_random,707,32,28,0.09375,29,0
sample_random,708,32,28,0.0625,30,0
sample_random,709,32,28,0.09375,29,0
sample_random,710,32,27,0.09375,30,0
sample_random,711,32,30,0.0625,30,0
sample_random,712,32,27,0.09375,31,0
sample_random,713,32,27,0.09375,28,0
sample_random,714,32,25,0.09375,26,0
sample_random,715,32,27,0.0625,27,0
sample_random,716,32,28,0.09375,27,0
sample_random,717,32,30,0.0625,31,0
sample_random,718,32,26,0.125,29,0
sample_random,719,32,29,0.09375,27,0
sample_random,720,32,30,0.0625,30,0
sample_random,721,32,28,0.09375,29,0
sample_random,722,32,29,0.09375,30,0
sample_random,723,32,21,0.15625,25,0
sample_random,724,32,29,0.0625,30,0
sample_random,725,32,28,0.09375,28,0
sample_random,726,32,27,0.0625,28,0
sample_random,727,32,26,0.09375,29,0
sample_random,728,32,31,0.0625,26,0
sample_random,729,32,30,0.0625,28,0
sample_random,730,32,28,0.09375,28,0
sample_random,731,32,24,0.09375,25,0
sample_random,732,32,26,0.09375,28,0
sample_random,733,32,28,0.09375,30,0
sample_random,734,32,23,0.1875,28,0
sample_random,735,32,30,0.0625,31,0
sample_random,736,32,30,0.0625,29,0
sample_random,737,32,28,0.0625,29,0
sample_random,738,32,25,0.09375,27,0
sample_random,739,32,29,0.09375,29,0
sample_random,740,32,27,0.09375,28,0
sample_random,741,32,25,0.09375,23,0
sample_random,742,32,28,0.0625,28,0
sample_random,743,32,28,0.09375,29,0
sample_random,744,32,29,0.09375,29,0
sample_random,745,32,27,0.125,28,0
sample_random,746,32,27,0.09375,30,0
sample_random,747,32,30,0.0625,28,0
sample_random,748,32,28,0.0625,29,0
sample_random,749,32,29,0.0625,29,0
sample_random,750,32,29,0.09375,28,0
sample_random,751,32,30,0.0625,25,0
sample_random,752,32,30,0.0625,28,0
sample_random,753,32,30,0.09375,28,0
sample_random,754,32,24,0.09375,30,0
sample_random,755,32,27,0.125,27,0
sample_random,756,32,26,0.15625,27,0
sample_random,757,32,26,0.125,31,0
sample_random,758,32,30,0.09375,26,0
sample_random,759,32,28,0.0625,29,0
sample_random,760,32,26,0.09375,30,0
sample_random,761,32,27,0.09375,28,0
sample_random,762,32,29,0.09375,29,0
sample_random,763,32,30,0.0625,29,0
sample_random,764,32,29,0.0625,29,0
sample_random,765,32,27,0.09375,30,0
sample_random,766,32,29,0.0625,26,0
sample_random,767,32,27,0.15625,28,0
sample_random,768,32,29,0.09375,29,0
sample_random,769,32,27,0.125,27,0
sample_random,770,32,25,0.15625,27,0
sample_random,771,32,29,0.0625,28,0
sample_random,772,32,26,0.0625,27,0
sample_random,773,32,26,0.125,27,0
sample_random,774,32,23,0.125,25,0
sample_random,775,32,26,0.09375,26,0
sample_random,776,32,27,0.125,27,0
sample_random,777,32,31,0.0625,30,0
sample_random,778,32,30,0.0625,28,0
sample_random,779,32,26,0.09375,28,0
sample_random,780,32,29,0.0625,28,0
sample_random,781,32,30,0.0625,29,0
sample_random,782,32,29,0.0625,28,0
sample_random,783,32,30,0.0625,28,0
sample_random,784,32,30,0.0625,29,0
sample_random,785,32,26,0.15625,28,0
sample_random,786,32,24,0.125,23,0
sample_random,787,32,30,0.0625,29,0
sample_random,788,32,28,0.09375,28,0
sample_random,789,32,29,0.125,29,0
sample_random,790,32,25,0.09375,27,0
sample_random,791,32,27,0.0625,26,0
sample_random,792,32,29,0.09375,30,0
sample_random,793,32,23,0.1875,27,0
sample_random,794,32,28,0.125,28,0
sample_random,795,32,26,0.09375,28,0
sample_random,796,32,27,0.09375,28,0
sample_random,797,32,28,0.09375,28,0
sample_random,798,32,29,0.09375,27,0
sample_random,799,32,26,0.125,27,0
sample_random,800,32,28,0.09375,29,0
sample_random,801,32,31,0.0625,28,0
sample_random,802,32,28,0.0625,29,0
sample_random,803,32,25,0.125,26,0
sample_random,804,32,29,0.09375,31,0
sample_random,805,32,25,0.09375,29,0
sample_random,806,32,27,0.09375,28,0
sample_random,807,32,29,0.0625,29,0
sample_random,808,32,30,0.0625,30,0
sample_random,809,32,26,0.09375,26,0
sample_random,810,32,28,0.125,30,0
sample_random,811,32,28,0.09375,31,0
sample_random,812,32,27,0.09375,30,0
sample_random,813,32,29,0.09375,30,0
sample_random,814,32,26,0.0625,27,0
sample_random,815,32,29,0.09375,30,0
sample_random,816,32,25,0.15625,27,0
sample_random,817,32,26,0.09375,29,0
sample_random,818,32,28,0.0625,30,0
sample_random,819,32,29,0.0625,26,0
sample_random,820,32,27,0.0625,25,0
sample_random,821,32,30,0.0625,29,0
sample_random,822,32,31,0.0625,28,0
sample_random,823,32,30,0.0625,29,0
sample_random,824,32,26,0.125,26,0
sample_random,825,32,28,0.09375,27,0
sample_random,826,32,28,0.0625,29,0
sample_random,827,32,29,0.09375,29,0
sample_random,828,32,28,0.09375,28,0
sample_random,829,32,27,0.0625,24,0
sample_random,830,32,28,0.0625,29,0
sample_random,831,32,28,0.09375,31,0
sample_random,832,32,30,0.0625,31,0
sample_random,833,32,28,0.09375,29,0
sample_random,834,32,31,0.0625,27,0
sample_random,835,32,28,0.0625,28,0
sample_random,836,32,26,0.09375,28,0
sample_random,837,32,30,0.09375,29,0
sample_random,838,32,30,0.0625,28,0
sample_random,839,32,29,0.09375,28,0
sample_random,840,32,28,0.09375,28,0
sample_random,841,32,29,0.0625,30,0
sample_random,842,32,25,0.09375,29,0
sample_random,843,32,29,0.0625,28,0
sample_random,844,32,27,0.09375,30,0
sample_random,845,32,28,0.09375,26,0
sample_random,846,32,31,0.0625,31,0
sample_random,847,32,30,0.0625,28,0
sample_random,848,32,27,0.09375,28,0
sample_random,849,32,28,0.0625,26,0
sample_random,850,32,28,0.09375,28,0
sample_random,851,32,28,0.09375,29,0
sample_random,852,32,27,0.0625,27,0
sample_random,853,32,25,0.125,26,0
sample_random,854,32,29,0.0625,29,0
sample_random,855,32,26,0.09375,27,0
sample_random,856,32,29,0.0625,31,0
sample_random,857,32,32,0.03125,31,0
sample_random,858,32,26,0.125,30,0
sample_random,859,32,30,0.0625,31,0
sample_random,860,32,26,0.09375,30,0
sample_random,861,32,30,0.0625,29,0
sample_random,862,32,30,0.0625,31,0
sample_random,863,32,25,0.125,28,0
sample_random,864,32,29,0.0625,30,0
sample_random,865,32,29,0.0625,31,0
sample_random,866,32,29,0.0625,27,0
sample_random,867,32,30,0.0625,26,0
sample_random,868,32,29,0.0625,28,0
sample_random,869,32,27,0.09375,29,0
sample_random,870,32,29,0.0625,27,0
sample_random,871,32,26,0.125,31,0
sample_random,872,32,26,0.09375,28,0
sample_random,873,32,29,0.0625,27,0
sample_random,874,32,29,0.09375,31,0
sample_random,875,32,29,0.0625,29,0
sample_random,876,32,29,0.0625,29,0
sample_random,877,32,28,0.09375,31,0
sample_random,878,32,28,0.09375,28,0
sample_random,879,32,29,0.0625,29,0
sample_random,880,32,28,0.0625,30,0
sample_random,881,32,29,0.09375,30,0
sample_random,882,32,28,0.0625,28,0
sample_random,883,32,27,0.0625,28,0
sample_random,884,32,28,0.0625,26,0
sample_random,885,32,28,0.09375,29,0
sample_random,886,32,29,0.09375,29,0
sample_random,887,32,31,0.0625,30,0
sample_random,888,32,28,0.0625,29,0
sample_random,889,32,30,0.0625,29,0
sample_random,890,32,30,0.0625,29,0
sample_random,891,32,27,0.0625,25,0
sample_random,892,32,26,0.09375,27,0
sample_random,893,32,27,0.09375,27,0
sample_random,894,32,31,0.0625,30,0
sample_random,895,32,26,0.09375,28,0
sample_random,896,32,29,0.0625,27,0
sample_random,897,32,30,0.0625,29,0
sample_random,898,32,28,0.0625,28,0
sample_random,899,32,30,0.0625,29,0
sample_random,900,32,26,0.125,28,0
sample_random,901,32,30,0.0625,30,0
sample_random,902,32,30,0.0625,28,0
sample_random,903,32,29,0.0625,28,0
sample_random,904,32,30,0.0625,27,0
sample_random,905,32,26,0.09375,25,0
sample_random,906,32,29,0.0625,29,0
sample_random,907,32,28,0.09375,26,0
sample_random,908,32,27,0.09375,26,0
sample_random,909,32,28,0.0625,30,0
sample_random,910,32,27,0.0625,27,0
sample_random,911,32,28,0.09375,29,0
sample_random,912,32,28,0.0625,28,0
sample_random,913,32,27,0.09375,25,0
sample_random,914,32,30,0.09375,27,0
sample_random,915,32,27,0.0625,29,0
sample_random,916,32,28,0.0625,29,0
sample_random,917,32,24,0.125,29,0
sample_random,918,32,28,0.0625,27,0
sample_random,919,32,31,0.0625,29,0
sample_random,920,32,25,0.09375,26,0
sample_random,921,32,29,0.0625,27,0
sample_random,922,32,31,0.0625,25,0
sample_random,923,32,27,0.09375,28,0
sample_random,924,32,28,0.0625,27,0
sample_random,925,32,27,0.0625,30,0
sample_random,926,32,28,0.0625,29,0
sample_random,927,32,30,0.0625,30,0
sample_random,928,32,29,0.0625,28,0
sample_random,929,32,31,0.0625,30,0
sample_random,930,32,27,0.09375,28,0
sample_random,931,32,26,0.09375,27,0
sample_random,932,32,27,0.09375,27,0
sample_random,933,32,30,0.0625,28,0
sample_random,934,32,27,0.15625,29,0
sample_random,935,32,29,0.09375,28,0
sample_random,936,32,28,0.09375,29,0
sample_random,937,32,29,0.09375,27,0
sample_random,938,32,25,0.09375,27,0
sample_random,939,32,28,0.09375,29,0
sample_random,940,32,29,0.09375,29,0
sample_random,941,32,25,0.09375,27,0
sample_random,942,32,28,0.0625,29,0
sample_random,943,32,32,0.03125,28,0
sample_random,944,32,28,0.09375,29,0
sample_random,945,32,30,0.0625,30,0
sample_random,946,32,27,0.09375,29,0
sample_random,947,32,28,0.0625,26,0
sample_random,948,32,27,0.09375,28,0
sample_random,949,32,29,0.0625,26,0
sample_random,950,32,29,0.0625,27,0
sample_random,951,32,29,0.0625,30,0
sample_random,952,32,31,0.0625,29,0
sample_random,953,32,24,0.125,26,0
sample_random,954,32,27,0.0625,28,0
sample_random,955,32,28,0.09375,28,0
sample_random,956,32,27,0.09375,27,0
sample_random,957,32,26,0.125,27,0
sample_random,958,32,27,0.09375,28,0
sample_random,959,32,26,0.125,28,0
sample_random,960,32,26,0.125,27,0
sample_random,961,32,26,0.0625,27,0
sample_random,962,32,30,0.0625,30,0
sample_random,963,32,28,0.09375,29,0
sample_random,964,32,27,0.0625,27,0
sample_random,965,32,31,0.0625,30,0
sample_random,966,32,29,0.09375,30,0
sample_random,967,32,27,0.09375,29,0
sample_random,968,32,26,0.125,31,0
sample_random,969,32,29,0.09375,28,0
sample_random,970,32,29,0.0625,28,0
sample_random,971,32,28,0.0625,30,0
sample_random,972,32,29,0.0625,29,0
sample_random,973,32,29,0.09375,28,0
sample_random,974,32,28,0.125,26,0
sample_random,975,32,29,0.09375,30,0
sample_random,976,32,24,0.09375,24,0
sample_random,977,32,28,0.0625,29,0
sample_random,978,32,27,0.09375,26,0
sample_random,979,32,27,0.09375,27,0
sample_random,980,32,27,0.09375,30,0
sample_random,981,32,24,0.125,28,0
sample_random,982,32,24,0.125,24,0
sample_random,983,32,29,0.0625,30,0
sample_random,984,32,28,0.0625,28,0
sample_random,985,32,29,0.09375,29,0
sample_random,986,32,30,0.0625,26,0
sample_random,987,32,28,0.0625,29,0
sample_random,988,32,30,0.0625,29,0
sample_random,989,32,26,0.125,31,0
sample_random,990,32,28,0.09375,30,0
sample_random,991,32,31,0.0625,30,0
sample_random,992,32,29,0.09375,29,0
sample_random,993,32,26,0.09375,29,0
sample_random,994,32,29,0.0625,27,0
sample_random,995,32,28,0.09375,30,0
sample_random,996,32,30,0.0625,30,0
sample_random,997,32,25,0.09375,27,0
sample_random,998,32,29,0.09375,29,0
sample_random,999,30,27,0.06666666666666667,28,0
global_p16_k2,0,32,16,0.0625,17,0
global_p16_k2,1,32,16,0.0625,16,0
global_p16_k2,2,32,16,0.0625,18,0
global_p16_k2,3,32,16,0.0625,14,0
global_p16_k2,4,32,16,0.0625,14,0
global_p16_k2,5,32,16,0.0625,16,0
global_p16_k2,6,32,16,0.0625,16,0
global_p16_k2,7,32,16,0.0625,14,0
global_p16_k2,8,32,16,0.0625,16,0
global_p16_k2,9,32,16,0.0625,13,0
global_p16_k2,10,32,16,0.0625,15,0
global_p16_k2,11,32,16,0.0625,16,0
global_p16_k2,12,32,16,0.0625,16,0
global_p16_k2,13,32,16,0.0625,16,0
global_p16_k2,14,32,16,0.0625,15,0
global_p16_k2,15,32,16,0.0625,18,0
global_p16_k2,16,32,16,0.0625,15,0
global_p16_k2,17,32,16,0.0625,15,0
global_p16_k2,18,32,16,0.0625,15,0
global_p16_k2,19,32,16,0.0625,16,0
global_p16_k2,20,32,16,0.0625,15,0
global_p16_k2,21,32,16,0.0625,17,0
global_p16_k2,22,32,16,0.0625,15,0
global_p16_k2,23,32,16,0.0625,18,0
global_p16_k2,24,32,16,0.0625,17,0
global_p16_k2,25,32,16,0.0625,17,0
global_p16_k2,26,32,16,0.0625,17,0
global_p16_k2,27,32,16,0.0625,14,0
global_p16_k2,28,32,16,0.0625,14,0
global_p16_k2,29,32,16,0.0625,17,0
global_p16_k2,30,32,16,0.0625,16,0
global_p16_k2,31,32,16,0.0625,14,0
global_p16_k2,32,32,16,0.0625,15,0
global_p16_k2,33,32,16,0.0625,14,0
global_p16_k2,34,32,16,0.0625,14,0
global_p16_k2,35,32,16,0.0625,15,0
global_p16_k2,36,32,16,0.0625,15,0
global_p16_k2,37,32,16,0.0625,18,0
global_p16_k2,38,32,16,0.0625,16,0
global_p16_k2,39,32,16,0.0625,19,0
global_p16_k2,40,32,16,0.0625,14,0
global_p16_k2,41,32,16,0.0625,16,0
global_p16_k2,42,32,16,0.0625,15,0
global_p16_k2,43,32,16,0.0625,16,0
global_p16_k2,44,32,16,0.0625,20,0
global_p16_k2,45,32,16,0.0625,14,0
global_p16_k2,46,32,16,0.0625,15,0
global_p16_k2,47,32,16,0.0625,15,0
global_p16_k2,48,32,16,0.0625,15,0
global_p16_k2,49,32,16,0.0625,15,0
global_p16_k2,50,32,16,0.0625,18,0
global_p16_k2,51,32,16,0.0625,17,0
global_p16_k2,52,32,16,0.0625,13,0
global_p16_k2,53,32,16,0.0625,17,0
global_p16_k2,54,32,16,0.0625,12,0
global_p16_k2,55,32,16,0.0625,15,0
global_p16_k2,56,32,16,0.0625,15,0
global_p16_k2,57,32,16,0.0625,14,0
global_p16_k2,58,32,16,0.0625,15,0
global_p16_k2,59,32,16,0.0625,16,0
global_p16_k2,60,32,16,0.0625,16,0
global_p16_k2,61,32,16,0.0625,15,0
global_p16_k2,62,32,16,0.0625,17,0
global_p16_k2,63,32,16,0.0625,15,0
global_p16_k2,64,32,16,0.0625,17,0
global_p16_k2,65,32,16,0.0625,14,0
global_p16_k2,66,32,16,0.0625,17,0
global_p16_k2,67,32,16,0.0625,15,0
global_p16_k2,68,32,16,0.0625,14,0
global_p16_k2,69,32,16,0.0625,15,0
global_p16_k2,70,32,16,0.0625,15,0
global_p16_k2,71,32,16,0.0625,15,0
global_p16_k2,72,32,16,0.0625,17,0
global_p16_k2,73,32,16,0.0625,14,0
global_p16_k2,74,32,16,0.0625,15,0
global_p16_k2,75,32,16,0.0625,16,0
global_p16_k2,76,32,16,0.0625,14,0
global_p16_k2,77,32,16,0.0625,12,0
global_p16_k2,78,32,16,0.0625,16,0
global_p16_k2,79,32,16,0.0625,16,0
global_p16_k2,80,32,16,0.0625,13,0
global_p16_k2,81,32,16,0.0625,17,0
global_p16_k2,82,32,16,0.0625,15,0
global_p16_k2,83,32,16,0.0625,16,0
global_p16_k2,84,32,16,0.0625,14,0
global_p16_k2,85,32,16,0.0625,15,0
global_p16_k2,86,32,16,0.0625,15,0
global_p16_k2,87,32,16,0.0625,14,0
global_p16_k2,88,32,16,0.0625,13,0
global_p16_k2,89,32,16,0.0625,14,0
global_p16_k2,90,32,16,0.0625,15,0
global_p16_k2,91,32,16,0.0625,16,0
global_p16_k2,92,32,16,0.0625,16,0
global_p16_k2,93,32,16,0.0625,15,0
global_p16_k2,94,32,16,0.0625,15,0
global_p16_k2,95,32,16,0.0625,18,0
global_p16_k2,96,32,16,0.0625,14,0
global_p16_k2,97,32,16,0.0625,18,0
global_p16_k2,98,32,16,0.0625,16,0
global_p16_k2,99,32,16,0.0625,16,0
global_p16_k2,100,32,16,0.0625,11,0
global_p16_k2,101,32,16,0.0625,17,0
global_p16_k2,102,32,16,0.0625,18,0
global_p16_k2,103,32,16,0.0625,13,0
global_p16_k2,104,32,16,0.0625,12,0
global_p16_k2,105,32,16,0.0625,16,0
global_p16_k2,106,32,16,0.0625,16,0
global_p16_k2,107,32,16,0.0625,15,0
global_p16_k2,108,32,16,0.0625,16,0
global_p16_k2,109,32,16,0.0625,16,0
global_p16_k2,110,32,16,0.0625,17,0
global_p16_k2,111,32,16,0.0625,17,0
global_p16_k2,112,32,16,0.0625,17,0
global_p16_k2,113,32,16,0.0625,19,0
global_p16_k2,114,32,16,0.0625,14,0
global_p16_k2,115,32,16,0.0625,15,0
global_p16_k2,116,32,16,0.0625,16,0
global_p16_k2,117,32,16,0.0625,15,0
global_p16_k2,118,32,16,0.0625,14,0
global_p16_k2,119,32,16,0.0625,15,0
global_p16_k2,120,32,16,0.0625,17,0
global_p16_k2,121,32,16,0.0625,16,0
global_p16_k2,122,32,16,0.0625,16,0
global_p16_k2,123,32,16,0.0625,17,0
global_p16_k2,124,32,16,0.0625,16,0
global_p16_k2,125,32,16,0.0625,18,0
global_p16_k2,126,32,16,0.0625,13,0
global_p16_k2,127,32,16,0.0625,16,0
global_p16_k2,128,32,16,0.0625,16,0
global_p16_k2,129,32,16,0.0625,17,0
global_p16_k2,130,32,16,0.0625,15,0
global_p16_k2,131,32,16,0.0625,14,0
global_p16_k2,132,32,16,0.0625,16,0
global_p16_k2,133,32,16,0.0625,15,0
global_p16_k2,134,32,16,0.0625,16,0
global_p16_k2,135,32,16,0.0625,13,0
global_p16_k2,136,32,16,0.0625,16,0
global_p16_k2,137,32,16,0.0625,19,0
global_p16_k2,138,32,16,0.0625,16,0
global_p16_k2,139,32,16,0.0625,17,0
global_p16_k2,140,32,16,0.0625,16,0
global_p16_k2,141,32,16,0.0625,16,0
global_p16_k2,142,32,16,0.0625,15,0
global_p16_k2,143,32,16,0.0625,15,0
global_p16_k2,144,32,16,0.0625,16,0
global_p16_k2,145,32,16,0.0625,17,0
global_p16_k2,146,32,16,0.0625,14,0
global_p16_k2,147,32,16,0.0625,16,0
global_p16_k2,148,32,16,0.0625,13,0
global_p16_k2,149,32,16,0.0625,16,0
global_p16_k2,150,32,16,0.0625,19,0
global_p16_k2,151,32,16,0.0625,14,0
global_p16_k2,152,32,16,0.0625,17,0
global_p16_k2,153,32,16,0.0625,15,0
global_p16_k2,154,32,16,0.0625,15,0
global_p16_k2,155,32,16,0.0625,14,0
global_p16_k2,156,32,16,0.0625,15,0
global_p16_k2,157,32,16,0.0625,16,0
global_p16_k2,158,32,16,0.0625,13,0
global_p16_k2,159,32,16,0.0625,15,0
global_p16_k2,160,32,16,0.0625,17,0
global_p16_k2,161,32,16,0.0625,13,0
global_p16_k2,162,32,16,0.0625,14,0
global_p16_k2,163,32,16,0.0625,15,0
global_p16_k2,164,32,16,0.0625,17,0
global_p16_k2,165,32,16,0.0625,13,0
global_p16_k2,166,32,16,0.0625,16,0
global_p16_k2,167,32,16,0.0625,18,0
global_p16_k2,168,32,16,0.0625,18,0
global_p16_k2,169,32,16,0.0625,16,0
global_p16_k2,170,32,16,0.0625,16,0
global_p16_k2,171,32,16,0.0625,14,0
global_p16_k2,172,32,16,0.0625,16,0
global_p16_k2,173,32,16,0.0625,15,0
global_p16_k2,174,32,16,0.0625,18,0
global_p16_k2,175,32,16,0.0625,18,0
global_p16_k2,176,32,16,0.0625,13,0
global_p16_k2,177,32,16,0.0625,15,0
global_p16_k2,178,32,16,0.0625,16,0
global_p16_k2,179,32,16,0.0625,18,0
global_p16_k2,180,32,16,0.0625,17,0
global_p16_k2,181,32,16,0.0625,14,0
global_p16_k2,182,32,16,0.0625,17,0
global_p16_k2,183,32,16,0.0625,16,0
global_p16_k2,184,32,16,0.0625,14,0
global_p16_k2,185,32,16,0.0625,15,0
global_p16_k2,186,32,16,0.0625,18,0
global_p16_k2,187,32,16,0.0625,15,0
global_p16_k2,188,32,16,0.0625,18,0
global_p16_k2,189,32,16,0.0625,15,0
global_p16_k2,190,32,16,0.0625,15,0
global_p16_k2,191,32,16,0.0625,15,0
global_p16_k2,192,32,16,0.0625,16,0
global_p16_k2,193,32,16,0.0625,14,0
global_p16_k2,194,32,16,0.0625,18,0
global_p16_k2,195,32,16,0.0625,14,0
global_p16_k2,196,32,16,0.0625,16,0
global_p16_k2,197,32,16,0.0625,14,0
global_p16_k2,198,32,16,0.0625,18,0
global_p16_k2,199,32,16,0.0625,16,0
global_p16_k2,200,32,16,0.0625,13,0
global_p16_k2,201,32,16,0.0625,17,0
global_p16_k2,202,32,16,0.0625,16,0
global_p16_k2,203,32,16,0.0625,14,0
global_p16_k2,204,32,16,0.0625,16,0
global_p16_k2,205,32,16,0.0625,15,0
global_p16_k2,206,32,16,0.0625,14,0
global_p16_k2,207,32,16,0.0625,16,0
global_p16_k2,208,32,16,0.0625,17,0
global_p16_k2,209,32,16,0.0625,16,0
global_p16_k2,210,32,16,0.0625,17,0
global_p16_k2,211,32,16,0.0625,13,0
global_p16_k2,212,32,16,0.0625,15,0
global_p16_k2,213,32,16,0.0625,18,0
global_p16_k2,214,32,16,0.0625,12,0
global_p16_k2,215,32,16,0.0625,17,0
global_p16_k2,216,32,16,0.0625,14,0
global_p16_k2,217,32,16,0.0625,17,0
global_p16_k2,218,32,16,0.0625,14,0
global_p16_k2,219,32,16,0.0625,14,0
global_p16_k2,220,32,16,0.0625,13,0
global_p16_k2,221,32,16,0.0625,15,0
global_p16_k2,222,32,16,0.0625,16,0
global_p16_k2,223,32,16,0.0625,14,0
global_p16_k2,224,32,16,0.0625,14,0
global_p16_k2,225,32,16,0.0625,19,0
global_p16_k2,226,32,16,0.0625,15,0
global_p16_k2,227,32,16,0.0625,17,0
global_p16_k2,228,32,16,0.0625,17,0
global_p16_k2,229,32,16,0.0625,15,0
global_p16_k2,230,32,16,0.0625,15,0
global_p16_k2,231,32,16,0.0625,15,0
global_p16_k2,232,32,16,0.0625,16,0
global_p16_k2,233,32,16,0.0625,16,0
global_p16_k2,234,32,16,0.0625,19,0
global_p16_k2,235,32,16,0.0625,18,0
global_p16_k2,236,32,16,0.0625,15,0
global_p16_k2,237,32,16,0.0625,11,0
global_p16_k2,238,32,16,0.0625,16,0
global_p16_k2,239,32,16,0.0625,13,0
global_p16_k2,240,32,16,0.0625,17,0
global_p16_k2,241,32,16,0.0625,18,0
global_p16_k2,242,32,16,0.0625,16,0
global_p16_k2,243,32,16,0.0625,14,0
global_p16_k2,244,32,16,0.0625,16,0
global_p16_k2,245,32,16,0.0625,14,0
global_p16_k2,246,32,16,0.0625,14,0
global_p16_k2,247,32,16,0.0625,16,0
global_p16_k2,248,32,16,0.0625,15,0
global_p16_k2,249,32,16,0.0625,17,0
global_p16_k2,250,32,16,0.0625,16,0
global_p16_k2,251,32,16,0.0625,16,0
global_p16_k2,252,32,16,0.0625,13,0
global_p16_k2,253,32,16,0.0625,15,0
global_p16_k2,254,32,16,0.0625,16,0
global_p16_k2,255,32,16,0.0625,16,0
global_p16_k2,256,32,16,0.0625,15,0
global_p16_k2,257,32,16,0.0625,15,0
global_p16_k2,258,32,16,0.0625,15,0
global_p16_k2,259,32,16,0.0625,13,0
global_p16_k2,260,32,16,0.0625,18,0
global_p16_k2,261,32,16,0.0625,16,0
global_p16_k2,262,32,16,0.0625,17,0
global_p16_k2,263,32,16,0.0625,13,0
global_p16_k2,264,32,16,0.0625,15,0
global_p16_k2,265,32,16,0.0625,15,0
global_p16_k2,266,32,16,0.0625,17,0
global_p16_k2,267,32,16,0.0625,16,0
global_p16_k2,268,32,16,0.0625,17,0
global_p16_k2,269,32,16,0.0625,15,0
global_p16_k2,270,32,16,0.0625,18,0
global_p16_k2,271,32,16,0.0625,15,0
global_p16_k2,272,32,16,0.0625,16,0
global_p16_k2,273,32,16,0.0625,16,0
global_p16_k2,274,32,16,0.0625,16,0
global_p16_k2,275,32,16,0.0625,15,0
global_p16_k2,276,32,16,0.0625,17,0
global_p16_k2,277,32,16,0.0625,17,0
global_p16_k2,278,32,16,0.0625,14,0
global_p16_k2,279,32,16,0.0625,14,0
global_p16_k2,280,32,16,0.0625,18,0
global_p16_k2,281,32,16,0.0625,19,0
global_p16_k2,282,32,16,0.0625,13,0
global_p16_k2,283,32,16,0.0625,14,0
global_p16_k2,284,32,16,0.0625,16,0
global_p16_k2,285,32,16,0.0625,16,0
global_p16_k2,286,32,16,0.0625,15,0
global_p16_k2,287,32,16,0.0625,14,0
global_p16_k2,288,32,16,0.0625,20,0
global_p16_k2,289,32,16,0.0625,15,0
global_p16_k2,290,32,16,0.0625,15,0
global_p16_k2,291,32,16,0.0625,14,0
global_p16_k2,292,32,16,0.0625,15,0
global_p16_k2,293,32,16,0.0625,15,0
global_p16_k2,294,32,16,0.0625,15,0
global_p16_k2,295,32,16,0.0625,17,0
global_p16_k2,296,32,16,0.0625,16,0
global_p16_k2,297,32,16,0.0625,15,0
global_p16_k2,298,32,16,0.0625,17,0
global_p16_k2,299,32,16,0.0625,17,0
global_p16_k2,300,32,16,0.0625,16,0
global_p16_k2,301,32,16,0.0625,14,0
global_p16_k2,302,32,16,0.0625,15,0
global_p16_k2,303,32,16,0.0625,16,0
global_p16_k2,304,32,16,0.0625,17,0
global_p16_k2,305,32,16,0.0625,18,0
global_p16_k2,306,32,16,0.0625,17,0
global_p16_k2,307,32,16,0.0625,16,0
global_p16_k2,308,32,16,0.0625,17,0
global_p16_k2,309,32,16,0.0625,16,0
global_p16_k2,310,32,16,0.0625,18,0
global_p16_k2,311,32,16,0.0625,17,0
global_p16_k2,312,32,16,0.0625,16,0
global_p16_k2,313,32,16,0.0625,15,0
global_p16_k2,314,32,16,0.0625,15,0
global_p16_k2,315,32,16,0.0625,15,0
global_p16_k2,316,32,16,0.0625,15,0
global_p16_k2,317,32,16,0.0625,17,0
global_p16_k2,318,32,16,0.0625,17,0
global_p16_k2,319,32,16,0.0625,17,0
global_p16_k2,320,32,16,0.0625,13,0
global_p16_k2,321,32,16,0.0625,16,0
global_p16_k2,322,32,16,0.0625,17,0
global_p16_k2,323,32,16,0.0625,13,0
global_p16_k2,324,32,16,0.0625,19,0
global_p16_k2,325,32,16,0.0625,18,0
global_p16_k2,326,32,16,0.0625,17,0
global_p16_k2,327,32,16,0.0625,15,0
global_p16_k2,328,32,16,0.0625,17,0
global_p16_k2,329,32,16,0.0625,14,0
global_p16_k2,330,32,16,0.0625,15,0
global_p16_k2,331,32,16,0.0625,14,0
global_p16_k2,332,32,16,0.0625,17,0
global_p16_k2,333,32,16,0.0625,16,0
global_p16_k2,334,32,16,0.0625,16,0
global_p16_k2,335,32,16,0.0625,17,0
global_p16_k2,336,32,16,0.0625,15,0
global_p16_k2,337,32,16,0.0625,14,0
global_p16_k2,338,32,16,0.0625,13,0
global_p16_k2,339,32,16,0.0625,16,0
global_p16_k2,340,32,16,0.0625,16,0
global_p16_k2,341,32,16,0.0625,14,0
global_p16_k2,342,32,16,0.0625,14,0
global_p16_k2,343,32,16,0.0625,16,0
global_p16_k2,344,32,16,0.0625,18,0
global_p16_k2,345,32,16,0.0625,14,0
global_p16_k2,346,32,16,0.0625,15,0
global_p16_k2,347,32,16,0.0625,16,0
global_p16_k2,348,32,16,0.0625,16,0
global_p16_k2,349,32,16,0.0625,13,0
global_p16_k2,350,32,16,0.0625,13,0
global_p16_k2,351,32,16,0.0625,15,0
global_p16_k2,352,32,16,0.0625,15,0
global_p16_k2,353,32,16,0.0625,15,0
global_p16_k2,354,32,16,0.0625,17,0
global_p16_k2,355,32,16,0.0625,16,0
global_p16_k2,356,32,16,0.0625,20,0
global_p16_k2,357,32,16,0.0625,17,0
global_p16_k2,358,32,16,0.0625,13,0
global_p16_k2,359,32,16,0.0625,13,0
global_p16_k2,360,32,16,0.0625,17,0
global_p16_k2,361,32,16,0.0625,15,0
global_p16_k2,362,32,16,0.0625,15,0
global_p16_k2,363,32,16,0.0625,15,0
global_p16_k2,364,32,16,0.0625,16,0
global_p16_k2,365,32,16,0.0625,17,0
global_p16_k2,366,32,16,0.0625,16,0
global_p16_k2,367,32,16,0.0625,16,0
global_p16_k2,368,32,16,0.0625,15,0
global_p16_k2,369,32,16,0.0625,15,0
global_p16_k2,370,32,16,0.0625,18,0
global_p16_k2,371,32,16,0.0625,15,0
global_p16_k2,372,32,16,0.0625,16,0
global_p16_k2,373,32,16,0.0625,15,0
global_p16_k2,374,32,16,0.0625,15,0
global_p16_k2,375,32,16,0.0625,16,0
global_p16_k2,376,32,16,0.0625,14,0
global_p16_k2,377,32,16,0.0625,16,0
global_p16_k2,378,32,16,0.0625,17,0
global_p16_k2,379,32,16,0.0625,15,0
global_p16_k2,380,32,16,0.0625,17,0
global_p16_k2,381,32,16,0.0625,17,0
global_p16_k2,382,32,16,0.0625,13,0
global_p16_k2,383,32,16,0.0625,15,0
global_p16_k2,384,32,16,0.0625,14,0
global_p16_k2,385,32,16,0.0625,15,0
global_p16_k2,386,32,16,0.0625,16,0
global_p16_k2,387,32,16,0.0625,15,0
global_p16_k2,388,32,16,0.0625,16,0
global_p16_k2,389,32,16,0.0625,15,0
global_p16_k2,390,32,16,0.0625,12,0
global_p16_k2,391,32,16,0.0625,19,0
global_p16_k2,392,32,16,0.0625,15,0
global_p16_k2,393,32,16,0.0625,17,0
global_p16_k2,394,32,16,0.0625,16,0
global_p16_k2,395,32,16,0.0625,15,0
global_p16_k2,396,32,16,0.0625,17,0
global_p16_k2,397,32,16,0.0625,16,0
global_p16_k2,398,32,16,0.0625,17,0
global_p16_k2,399,32,16,0.0625,16,0
global_p16_k2,400,32,16,0.0625,18,0
global_p16_k2,401,32,16,0.0625,17,0
global_p16_k2,402,32,16,0.0625,12,0
global_p16_k2,403,32,16,0.0625,16,0
global_p16_k2,404,32,16,0.0625,15,0
global_p16_k2,405,32,16,0.0625,16,0
global_p16_k2,406,32,16,0.0625,18,0
global_p16_k2,407,32,16,0.0625,17,0
global_p16_k2,408,32,16,0.0625,16,0
global_p16_k2,409,32,16,0.0625,17,0
global_p16_k2,410,32,16,0.0625,15,0
global_p16_k2,411,32,16,0.0625,16,0
global_p16_k2,412,32,16,0.0625,15,0
global_p16_k2,413,32,16,0.0625,16,0
global_p16_k2,414,32,16,0.0625,18,0
global_p16_k2,415,32,16,0.0625,16,0
global_p16_k2,416,32,16,0.0625,16,0
global_p16_k2,417,32,16,0.0625,15,0
global_p16_k2,418,32,16,0.0625,16,0
global_p16_k2,419,32,16,0.0625,14,0
global_p16_k2,420,32,16,0.0625,15,0
global_p16_k2,421,32,16,0.0625,16,0
global_p16_k2,422,32,16,0.0625,15,0
global_p16_k2,423,32,16,0.0625,16,0
global_p16_k2,424,32,16,0.0625,15,0
global_p16_k2,425,32,16,0.0625,15,0
global_p16_k2,426,32,16,0.0625,18,0
global_p16_k2,427,32,16,0.0625,18,0
global_p16_k2,428,32,16,0.0625,17,0
global_p16_k2,429,32,16,0.0625,13,0
global_p16_k2,430,32,16,0.0625,16,0
global_p16_k2,431,32,16,0.0625,14,0
global_p16_k2,432,32,16,0.0625,13,0
global_p16_k2,433,32,16,0.0625,16,0
global_p16_k2,434,32,16,0.0625,12,0
global_p16_k2,435,32,16,0.0625,19,0
global_p16_k2,436,32,16,0.0625,18,0
global_p16_k2,437,32,16,0.0625,13,0
global_p16_k2,438,32,16,0.0625,17,0
global_p16_k2,439,32,16,0.0625,15,0
global_p16_k2,440,32,16,0.0625,14,0
global_p16_k2,441,32,16,0.0625,15,0
global_p16_k2,442,32,16,0.0625,17,0
global_p16_k2,443,32,16,0.0625,16,0
global_p16_k2,444,32,16,0.0625,15,0
global_p16_k2,445,32,16,0.0625,13,0
global_p16_k2,446,32,16,0.0625,16,0
global_p16_k2,447,32,16,0.0625,14,0
global_p16_k2,448,32,16,0.0625,15,0
global_p16_k2,449,32,16,0.0625,16,0
global_p16_k2,450,32,16,0.0625,17,0
global_p16_k2,451,32,16,0.0625,16,0
global_p16_k2,452,32,16,0.0625,15,0
global_p16_k2,453,32,16,0.0625,19,0
global_p16_k2,454,32,16,0.0625,16,0
global_p16_k2,455,32,16,0.0625,17,0
global_p16_k2,456,32,16,0.0625,14,0
global_p16_k2,457,32,16,0.0625,18,0
global_p16_k2,458,32,16,0.0625,14,0
global_p16_k2,459,32,16,0.0625,15,0
global_p16_k2,460,32,16,0.0625,17,0
global_p16_k2,461,32,16,0.0625,14,0
global_p16_k2,462,32,16,0.0625,19,0
global_p16_k2,463,32,16,0.0625,17,0
global_p16_k2,464,32,16,0.0625,17,0
global_p16_k2,465,32,16,0.0625,17,0
global_p16_k2,466,32,16,0.0625,16,0
global_p16_k2,467,32,16,0.0625,15,0
global_p16_k2,468,32,16,0.0625,16,0
global_p16_k2,469,32,16,0.0625,18,0
global_p16_k2,470,32,16,0.0625,15,0
global_p16_k2,471,32,16,0.0625,16,0
global_p16_k2,472,32,16,0.0625,15,0
global_p16_k2,473,32,16,0.0625,16,0
global_p16_k2,474,32,16,0.0625,15,0
global_p16_k2,475,32,16,0.0625,18,0
global_p16_k2,476,32,16,0.0625,16,0
global_p16_k2,477,32,16,0.0625,15,0
global_p16_k2,478,32,16,0.0625,17,0
global_p16_k2,479,32,16,0.0625,19,0
global_p16_k2,480,32,16,0.0625,14,0
global_p16_k2,481,32,16,0.0625,17,0
global_p16_k2,482,32,16,0.0625,18,0
global_p16_k2,483,32,16,0.0625,15,0
global_p16_k2,484,32,16,0.0625,14,0
global_p16_k2,485,32,16,0.0625,17,0
global_p16_k2,486,32,16,0.0625,15,0
global_p16_k2,487,32,16,0.0625,17,0
global_p16_k2,488,32,16,0.0625,16,0
global_p16_k2,489,32,16,0.0625,16,0
global_p16_k2,490,32,16,0.0625,14,0
global_p16_k2,491,32,16,0.0625,14,0
global_p16_k2,492,32,16,0.0625,15,0
global_p16_k2,493,32,16,0.0625,16,0
global_p16_k2,494,32,16,0.0625,16,0
global_p16_k2,495,32,16,0.0625,16,0
global_p16_k2,496,32,16,0.0625,16,0
global_p16_k2,497,32,16,0.0625,15,0
global_p16_k2,498,32,16,0.0625,17,0
global_p16_k2,499,32,16,0.0625,18,0
global_p16_k2,500,32,16,0.0625,18,0
global_p16_k2,501,32,16,0.0625,17,0
global_p16_k2,502,32,16,0.0625,16,0
global_p16_k2,503,32,16,0.0625,13,0
global_p16_k2,504,32,16,0.0625,16,0
global_p16_k2,505,32,16,0.0625,16,0
global_p16_k2,506,32,16,0.0625,14,0
global_p16_k2,507,32,16,0.0625,14,0
global_p16_k2,508,32,16,0.0625,19,0
global_p16_k2,509,32,16,0.0625,18,0
global_p16_k2,510,32,16,0.0625,16,0
global_p16_k2,511,32,16,0.0625,15,0
global_p16_k2,512,32,16,0.0625,17,0
global_p16_k2,513,32,16,0.0625,15,0
global_p16_k2,514,32,16,0.0625,16,0
global_p16_k2,515,32,16,0.0625,16,0
global_p16_k2,516,32,16,0.0625,15,0
global_p16_k2,517,32,16,0.0625,15,0
global_p16_k2,518,32,16,0.0625,14,0
global_p16_k2,519,32,16,0.0625,17,0
global_p16_k2,520,32,16,0.0625,16,0
global_p16_k2,521,32,16,0.0625,14,0
global_p16_k2,522,32,16,0.0625,14,0
global_p16_k2,523,32,16,0.0625,16,0
global_p16_k2,524,32,16,0.0625,14,0
global_p16_k2,525,32,16,0.0625,18,0
global_p16_k2,526,32,16,0.0625,16,0
global_p16_k2,527,32,16,0.0625,18,0
global_p16_k2,528,32,16,0.0625,18,0
global_p16_k2,529,32,16,0.0625,16,0
global_p16_k2,530,32,16,0.0625,16,0
global_p16_k2,531,32,16,0.0625,13,0
global_p16_k2,532,32,16,0.0625,14,0
global_p16_k2,533,32,16,0.0625,16,0
global_p16_k2,534,32,16,0.0625,14,0
global_p16_k2,535,32,16,0.0625,17,0
global_p16_k2,536,32,16,0.0625,14,0
global_p16_k2,537,32,16,0.0625,14,0
global_p16_k2,538,32,16,0.0625,14,0
global_p16_k2,539,32,16,0.0625,17,0
global_p16_k2,540,32,16,0.0625,17,0
global_p16_k2,541,32,16,0.0625,17,0
global_p16_k2,542,32,16,0.0625,16,0
global_p16_k2,543,32,16,0.0625,16,0
global_p16_k2,544,32,16,0.0625,14,0
global_p16_k2,545,32,16,0.0625,15,0
global_p16_k2,546,32,16,0.0625,14,0
global_p16_k2,547,32,16,0.0625,12,0
global_p16_k2,548,32,16,0.0625,17,0
global_p16_k2,549,32,16,0.0625,15,0
global_p16_k2,550,32,16,0.0625,16,0
global_p16_k2,551,32,16,0.0625,15,0
global_p16_k2,552,32,16,0.0625,16,0
global_p16_k2,553,32,16,0.0625,15,0
global_p16_k2,554,32,16,0.0625,15,0
global_p16_k2,555,32,16,0.0625,17,0
global_p16_k2,556,32,16,0.0625,14,0
global_p16_k2,557,32,16,0.0625,18,0
global_p16_k2,558,32,16,0.0625,13,0
global_p16_k2,559,32,16,0.0625,16,0
global_p16_k2,560,32,16,0.0625,18,0
global_p16_k2,561,32,16,0.0625,17,0
global_p16_k2,562,32,16,0.0625,15,0
global_p16_k2,563,32,16,0.0625,17,0
global_p16_k2,564,32,16,0.0625,17,0
global_p16_k2,565,32,16,0.0625,16,0
global_p16_k2,566,32,16,0.0625,15,0
global_p16_k2,567,32,16,0.0625,13,0
global_p16_k2,568,32,16,0.0625,14,0
global_p16_k2,569,32,16,0.0625,18,0
global_p16_k2,570,32,16,0.0625,18,0
global_p16_k2,571,32,16,0.0625,16,0
global_p16_k2,572,32,16,0.0625,13,0
global_p16_k2,573,32,16,0.0625,16,0
global_p16_k2,574,32,16,0.0625,14,0
global_p16_k2,575,32,16,0.0625,15,0
global_p16_k2,576,32,16,0.0625,14,0
global_p16_k2,577,32,16,0.0625,18,0
global_p16_k2,578,32,16,0.0625,17,0
global_p16_k2,579,32,16,0.0625,16,0
global_p16_k2,580,32,16,0.0625,15,0
global_p16_k2,581,32,16,0.0625,17,0
global_p16_k2,582,32,16,0.0625,18,0
global_p16_k2,583,32,16,0.0625,16,0
global_p16_k2,584,32,16,0.0625,16,0
global_p16_k2,585,32,16,0.0625,16,0
global_p16_k2,586,32,16,0.0625,15,0
global_p16_k2,587,32,16,0.0625,16,0
global_p16_k2,588,32,16,0.0625,16,0
global_p16_k2,589,32,16,0.0625,16,0
global_p16_k2,590,32,16,0.0625,17,0
global_p16_k2,591,32,16,0.0625,18,0
global_p16_k2,592,32,16,0.0625,16,0
global_p16_k2,593,32,16,0.0625,18,0
global_p16_k2,594,32,16,0.0625,13,0
global_p16_k2,595,32,16,0.0625,15,0
global_p16_k2,596,32,16,0.0625,15,0
global_p16_k2,597,32,16,0.0625,17,0
global_p16_k2,598,32,16,0.0625,14,0
global_p16_k2,599,32,16,0.0625,16,0
global_p16_k2,600,32,16,0.0625,15,0
global_p16_k2,601,32,16,0.0625,16,0
global_p16_k2,602,32,16,0.0625,15,0
global_p16_k2,603,32,16,0.0625,16,0
global_p16_k2,604,32,16,0.0625,16,0
global_p16_k2,605,32,16,0.0625,14,0
global_p16_k2,606,32,16,0.0625,16,0
global_p16_k2,607,32,16,0.0625,15,0
global_p16_k2,608,32,16,0.0625,19,0
global_p16_k2,609,32,16,0.0625,16,0
global_p16_k2,610,32,16,0.0625,16,0
global_p16_k2,611,32,16,0.0625,15,0
global_p16_k2,612,32,16,0.0625,16,0
global_p16_k2,613,32,16,0.0625,16,0
global_p16_k2,614,32,16,0.0625,16,0
global_p16_k2,615,32,16,0.0625,14,0
global_p16_k2,616,32,16,0.0625,17,0
global_p16_k2,617,32,16,0.0625,17,0
global_p16_k2,618,32,16,0.0625,17,0
global_p16_k2,619,32,16,0.0625,15,0
global_p16_k2,620,32,16,0.0625,17,0
global_p16_k2,621,32,16,0.0625,14,0
global_p16_k2,622,32,16,0.0625,16,0
global_p16_k2,623,32,16,0.0625,15,0
global_p16_k2,624,32,16,0.0625,17,0
global_p16_k2,625,32,16,0.0625,15,0
global_p16_k2,626,32,16,0.0625,15,0
global_p16_k2,627,32,16,0.0625,13,0
global_p16_k2,628,32,16,0.0625,14,0
global_p16_k2,629,32,16,0.0625,16,0
global_p16_k2,630,32,16,0.0625,15,0
global_p16_k2,631,32,16,0.0625,14,0
global_p16_k2,632,32,16,0.0625,13,0
global_p16_k2,633,32,16,0.0625,19,0
global_p16_k2,634,32,16,0.0625,15,0
global_p16_k2,635,32,16,0.0625,15,0
global_p16_k2,636,32,16,0.0625,15,0
global_p16_k2,637,32,16,0.0625,15,0
global_p16_k2,638,32,16,0.0625,16,0
global_p16_k2,639,32,16,0.0625,16,0
global_p16_k2,640,32,16,0.0625,15,0
global_p16_k2,641,32,16,0.0625,15,0
global_p16_k2,642,32,16,0.0625,15,0
global_p16_k2,643,32,16,0.0625,17,0
global_p16_k2,644,32,16,0.0625,16,0
global_p16_k2,645,32,16,0.0625,16,0
global_p16_k2,646,32,16,0.0625,17,0
global_p16_k2,647,32,16,0.0625,15,0
global_p16_k2,648,32,16,0.0625,20,0
global_p16_k2,649,32,16,0.0625,18,0
global_p16_k2,650,32,16,0.0625,16,0
global_p16_k2,651,32,16,0.0625,17,0
global_p16_k2,652,32,16,0.0625,18,0
global_p16_k2,653,32,16,0.0625,16,0
global_p16_k2,654,32,16,0.0625,17,0
global_p16_k2,655,32,16,0.0625,14,0
global_p16_k2,656,32,16,0.0625,14,0
global_p16_k2,657,32,16,0.0625,18,0
global_p16_k2,658,32,16,0.0625,19,0
global_p16_k2,659,32,16,0.0625,15,0
global_p16_k2,660,32,16,0.0625,17,0
global_p16_k2,661,32,16,0.0625,15,0
global_p16_k2,662,32,16,0.0625,18,0
global_p16_k2,663,32,16,0.0625,13,0
global_p16_k2,664,32,16,0.0625,15,0
global_p16_k2,665,32,16,0.0625,14,0
global_p16_k2,666,32,16,0.0625,15,0
global_p16_k2,667,32,16,0.0625,16,0
global_p16_k2,668,32,16,0.0625,15,0
global_p16_k2,669,32,16,0.0625,15,0
global_p16_k2,670,32,16,0.0625,17,0
global_p16_k2,671,32,16,0.0625,16,0
global_p16_k2,672,32,16,0.0625,15,0
global_p16_k2,673,32,16,0.0625,16,0
global_p16_k2,674,32,16,0.0625,17,0
global_p16_k2,675,32,16,0.0625,16,0
global_p16_k2,676,32,16,0.0625,14,0
global_p16_k2,677,32,16,0.0625,16,0
global_p16_k2,678,32,16,0.0625,15,0
global_p16_k2,679,32,16,0.0625,15,0
global_p16_k2,680,32,16,0.0625,15,0
global_p16_k2,681,32,16,0.0625,15,0
global_p16_k2,682,32,16,0.0625,16,0
global_p16_k2,683,32,16,0.0625,17,0
global_p16_k2,684,32,16,0.0625,18,0
global_p16_k2,685,32,16,0.0625,15,0
global_p16_k2,686,32,16,0.0625,18,0
global_p16_k2,687,32,16,0.0625,18,0
global_p16_k2,688,32,16,0.0625,15,0
global_p16_k2,689,32,16,0.0625,16,0
global_p16_k2,690,32,16,0.0625,15,0
global_p16_k2,691,32,16,0.0625,13,0
global_p16_k2,692,32,16,0.0625,17,0
global_p16_k2,693,32,16,0.0625,17,0
global_p16_k2,694,32,16,0.0625,18,0
global_p16_k2,695,32,16,0.0625,16,0
global_p16_k2,696,32,16,0.0625,17,0
global_p16_k2,697,32,16,0.0625,16,0
global_p16_k2,698,32,16,0.0625,17,0
global_p16_k2,699,32,16,0.0625,17,0
global_p16_k2,700,32,16,0.0625,15,0
global_p16_k2,701,32,16,0.0625,16,0
global_p16_k2,702,32,16,0.0625,16,0
global_p16_k2,703,32,16,0.0625,16,0
global_p16_k2,704,32,16,0.0625,17,0
global_p16_k2,705,32,16,0.0625,17,0
global_p16_k2,706,32,16,0.0625,14,0
global_p16_k2,707,32,16,0.0625,14,0
global_p16_k2,708,32,16,0.0625,14,0
global_p16_k2,709,32,16,0.0625,15,0
global_p16_k2,710,32,16,0.0625,17,0
global_p16_k2,711,32,16,0.0625,16,0
global_p16_k2,712,32,16,0.0625,17,0
global_p16_k2,713,32,16,0.0625,14,0
global_p16_k2,714,32,16,0.0625,16,0
global_p16_k2,715,32,16,0.0625,15,0
global_p16_k2,716,32,16,0.0625,14,0
global_p16_k2,717,32,16,0.0625,14,0
global_p16_k2,718,32,16,0.0625,16,0
global_p16_k2,719,32,16,0.0625,16,0
global_p16_k2,720,32,16,0.0625,17,0
global_p16_k2,721,32,16,0.0625,16,0
global_p16_k2,722,32,16,0.0625,15,0
global_p16_k2,723,32,16,0.0625,16,0
global_p16_k2,724,32,16,0.0625,16,0
global_p16_k2,725,32,16,0.0625,14,0
global_p16_k2,726,32,16,0.0625,19,0
global_p16_k2,727,32,16,0.0625,16,0
global_p16_k2,728,32,16,0.0625,19,0
global_p16_k2,729,32,16,0.0625,16,0
global_p16_k2,730,32,16,0.0625,16,0
global_p16_k2,731,32,16,0.0625,16,0
global_p16_k2,732,32,16,0.0625,16,0
global_p16_k2,733,32,16,0.0625,16,0
global_p16_k2,734,32,16,0.0625,16,0
global_p16_k2,735,32,16,0.0625,16,0
global_p16_k2,736,32,16,0.0625,16,0
global_p16_k2,737,32,16,0.0625,18,0
global_p16_k2,738,32,16,0.0625,19,0
global_p16_k2,739,32,16,0.0625,15,0
global_p16_k2,740,32,16,0.0625,16,0
global_p16_k2,741,32,16,0.0625,14,0
global_p16_k2,742,32,16,0.0625,17,0
global_p16_k2,743,32,16,0.0625,16,0
global_p16_k2,744,32,16,0.0625,17,0
global_p16_k2,745,32,16,0.0625,15,0
global_p16_k2,746,32,16,0.0625,14,0
global_p16_k2,747,32,16,0.0625,15,0
global_p16_k2,748,32,16,0.0625,15,0
global_p16_k2,749,32,16,0.0625,17,0
global_p16_k2,750,32,16,0.0625,13,0
global_p16_k2,751,32,16,0.0625,14,0
global_p16_k2,752,32,16,0.0625,17,0
global_p16_k2,753,32,16,0.0625,15,0
global_p16_k2,754,32,16,0.0625,16,0
global_p16_k2,755,32,16,0.0625,15,0
global_p16_k2,756,32,16,0.0625,15,0
global_p16_k2,757,32,16,0.0625,16,0
global_p16_k2,758,32,16,0.0625,16,0
global_p16_k2,759,32,16,0.0625,16,0
global_p16_k2,760,32,16,0.0625,17,0
global_p16_k2,761,32,16,0.0625,14,0
global_p16_k2,762,32,16,0.0625,15,0
global_p16_k2,763,32,16,0.0625,14,0
global_p16_k2,764,32,16,0.0625,15,0
global_p16_k2,765,32,16,0.0625,17,0
global_p16_k2,766,32,16,0.0625,12,0
global_p16_k2,767,32,16,0.0625,17,0
global_p16_k2,768,32,16,0.0625,14,0
global_p16_k2,769,32,16,0.0625,20,0
global_p16_k2,770,32,16,0.0625,17,0
global_p16_k2,771,32,16,0.0625,16,0
global_p16_k2,772,32,16,0.0625,16,0
global_p16_k2,773,32,16,0.0625,15,0
global_p16_k2,774,32,16,0.0625,14,0
global_p16_k2,775,32,16,0.0625,16,0
global_p16_k2,776,32,16,0.0625,18,0
global_p16_k2,777,32,16,0.0625,15,0
global_p16_k2,778,32,16,0.0625,16,0
global_p16_k2,779,32,16,0.0625,17,0
global_p16_k2,780,32,16,0.0625,17,0
global_p16_k2,781,32,16,0.0625,15,0
global_p16_k2,782,32,16,0.0625,16,0
global_p16_k2,783,32,16,0.0625,16,0
global_p16_k2,784,32,16,0.0625,15,0
global_p16_k2,785,32,16,0.0625,17,0
global_p16_k2,786,32,16,0.0625,16,0
global_p16_k2,787,32,16,0.0625,16,0
global_p16_k2,788,32,16,0.0625,15,0
global_p16_k2,789,32,16,0.0625,16,0
global_p16_k2,790,32,16,0.0625,15,0
global_p16_k2,791,32,16,0.0625,14,0
global_p16_k2,792,32,16,0.0625,14,0
global_p16_k2,793,32,16,0.0625,16,0
global_p16_k2,794,32,16,0.0625,16,0
global_p16_k2,795,32,16,0.0625,15,0
global_p16_k2,796,32,16,0.0625,14,0
global_p16_k2,797,32,16,0.0625,16,0
global_p16_k2,798,32,16,0.0625,16,0
global_p16_k2,799,32,16,0.0625,13,0
global_p16_k2,800,32,16,0.0625,13,0
global_p16_k2,801,32,16,0.0625,18,0
global_p16_k2,802,32,16,0.0625,17,0
global_p16_k2,803,32,16,0.0625,19,0
global_p16_k2,804,32,16,0.0625,17,0
global_p16_k2,805,32,16,0.0625,14,0
global_p16_k2,806,32,16,0.0625,15,0
global_p16_k2,807,32,16,0.0625,14,0
global_p16_k2,808,32,16,0.0625,17,0
global_p16_k2,809,32,16,0.0625,17,0
global_p16_k2,810,32,16,0.0625,14,0
global_p16_k2,811,32,16,0.0625,15,0
global_p16_k2,812,32,16,0.0625,18,0
global_p16_k2,813,32,16,0.0625,16,0
global_p16_k2,814,32,16,0.0625,18,0
global_p16_k2,815,32,16,0.0625,15,0
global_p16_k2,816,32,16,0.0625,16,0
global_p16_k2,817,32,16,0.0625,15,0
global_p16_k2,818,32,16,0.0625,17,0
global_p16_k2,819,32,16,0.0625,15,0
global_p16_k2,820,32,16,0.0625,16,0
global_p16_k2,821,32,16,0.0625,12,0
global_p16_k2,822,32,16,0.0625,14,0
global_p16_k2,823,32,16,0.0625,15,0
global_p16_k2,824,32,16,0.0625,15,0
global_p16_k2,825,32,16,0.0625,14,0
global_p16_k2,826,32,16,0.0625,16,0
global_p16_k2,827,32,16,0.0625,16,0
global_p16_k2,828,32,16,0.0625,17,0
global_p16_k2,829,32,16,0.0625,16,0
global_p16_k2,830,32,16,0.0625,14,0
global_p16_k2,831,32,16,0.0625,15,0
global_p16_k2,832,32,16,0.0625,15,0
global_p16_k2,833,32,16,0.0625,16,0
global_p16_k2,834,32,16,0.0625,15,0
global_p16_k2,835,32,16,0.0625,17,0
global_p16_k2,836,32,16,0.0625,15,0
global_p16_k2,837,32,16,0.0625,16,0
global_p16_k2,838,32,16,0.0625,18,0
global_p16_k2,839,32,16,0.0625,15,0
global_p16_k2,840,32,16,0.0625,16,0
global_p16_k2,841,32,16,0.0625,16,0
global_p16_k2,842,32,16,0.0625,15,0
global_p16_k2,843,32,16,0.0625,15,0
global_p16_k2,844,32,16,0.0625,16,0
global_p16_k2,845,32,16,0.0625,19,0
global_p16_k2,846,32,16,0.0625,12,0
global_p16_k2,847,32,16,0.0625,16,0
global_p16_k2,848,32,16,0.0625,14,0
global_p16_k2,849,32,16,0.0625,17,0
global_p16_k2,850,32,16,0.0625,18,0
global_p16_k2,851,32,16,0.0625,14,0
global_p16_k2,852,32,16,0.0625,17,0
global_p16_k2,853,32,16,0.0625,16,0
global_p16_k2,854,32,16,0.0625,15,0
global_p16_k2,855,32,16,0.0625,16,0
global_p16_k2,856,32,16,0.0625,16,0
global_p16_k2,857,32,16,0.0625,16,0
global_p16_k2,858,32,16,0.0625,15,0
global_p16_k2,859,32,16,0.0625,17,0
global_p16_k2,860,32,16,0.0625,17,0
global_p16_k2,861,32,16,0.0625,15,0
global_p16_k2,862,32,16,0.0625,16,0
global_p16_k2,863,32,16,0.0625,14,0
global_p16_k2,864,32,16,0.0625,16,0
global_p16_k2,865,32,16,0.0625,17,0
global_p16_k2,866,32,16,0.0625,17,0
global_p16_k2,867,32,16,0.0625,15,0
global_p16_k2,868,32,16,0.0625,15,0
global_p16_k2,869,32,16,0.0625,16,0
global_p16_k2,870,32,16,0.0625,17,0
global_p16_k2,871,32,16,0.0625,16,0
global_p16_k2,872,32,16,0.0625,15,0
global_p16_k2,873,32,16,0.0625,16,0
global_p16_k2,874,32,16,0.0625,15,0
global_p16_k2,875,32,16,0.0625,16,0
global_p16_k2,876,32,16,0.0625,16,0
global_p16_k2,877,32,16,0.0625,15,0
global_p16_k2,878,32,16,0.0625,16,0
global_p16_k2,879,32,16,0.0625,17,0
global_p16_k2,880,32,16,0.0625,16,0
global_p16_k2,881,32,16,0.0625,17,0
global_p16_k2,882,32,16,0.0625,16,0
global_p16_k2,883,32,16,0.0625,15,0
global_p16_k2,884,32,16,0.0625,18,0
global_p16_k2,885,32,16,0.0625,16,0
global_p16_k2,886,32,16,0.0625,17,0
global_p16_k2,887,32,16,0.0625,15,0
global_p16_k2,888,32,16,0.0625,19,0
global_p16_k2,889,32,16,0.0625,16,0
global_p16_k2,890,32,16,0.0625,14,0
global_p16_k2,891,32,16,0.0625,17,0
global_p16_k2,892,32,16,0.0625,19,0
global_p16_k2,893,32,16,0.0625,15,0
global_p16_k2,894,32,16,0.0625,14,0
global_p16_k2,895,32,16,0.0625,14,0
global_p16_k2,896,32,16,0.0625,18,0
global_p16_k2,897,32,16,0.0625,14,0
global_p16_k2,898,32,16,0.0625,15,0
global_p16_k2,899,32,16,0.0625,14,0
global_p16_k2,900,32,16,0.0625,16,0
global_p16_k2,901,32,16,0.0625,18,0
global_p16_k2,902,32,16,0.0625,14,0
global_p16_k2,903,32,16,0.0625,18,0
global_p16_k2,904,32,16,0.0625,13,0
global_p16_k2,905,32,16,0.0625,16,0
global_p16_k2,906,32,16,0.0625,13,0
global_p16_k2,907,32,16,0.0625,15,0
global_p16_k2,908,32,16,0.0625,15,0
global_p16_k2,909,32,16,0.0625,12,0
global_p16_k2,910,32,16,0.0625,14,0
global_p16_k2,911,32,16,0.0625,14,0
global_p16_k2,912,32,16,0.0625,13,0
global_p16_k2,913,32,16,0.0625,15,0
global_p16_k2,914,32,16,0.0625,16,0
global_p16_k2,915,32,16,0.0625,14,0
global_p16_k2,916,32,16,0.0625,15,0
global_p16_k2,917,32,16,0.0625,19,0
global_p16_k2,918,32,16,0.0625,16,0
global_p16_k2,919,32,16,0.0625,16,0
global_p16_k2,920,32,16,0.0625,14,0
global_p16_k2,921,32,16,0.0625,17,0
global_p16_k2,922,32,16,0.0625,17,0
global_p16_k2,923,32,16,0.0625,16,0
global_p16_k2,924,32,16,0.0625,17,0
global_p16_k2,925,32,16,0.0625,15,0
global_p16_k2,926,32,16,0.0625,18,0
global_p16_k2,927,32,16,0.0625,17,0
global_p16_k2,928,32,16,0.0625,16,0
global_p16_k2,929,32,16,0.0625,17,0
global_p16_k2,930,32,16,0.0625,13,0
global_p16_k2,931,32,16,0.0625,18,0
global_p16_k2,932,32,16,0.0625,15,0
global_p16_k2,933,32,16,0.0625,17,0
global_p16_k2,934,32,16,0.0625,15,0
global_p16_k2,935,32,16,0.0625,13,0
global_p16_k2,936,32,16,0.0625,15,0
global_p16_k2,937,32,16,0.0625,15,0
global_p16_k2,938,32,16,0.0625,17,0
global_p16_k2,939,32,16,0.0625,14,0
global_p16_k2,940,32,16,0.0625,18,0
global_p16_k2,941,32,16,0.0625,16,0
global_p16_k2,942,32,16,0.0625,12,0
global_p16_k2,943,32,16,0.0625,14,0
global_p16_k2,944,32,16,0.0625,14,0
global_p16_k2,945,32,16,0.0625,15,0
global_p16_k2,946,32,16,0.0625,15,0
global_p16_k2,947,32,16,0.0625,15,0
global_p16_k2,948,32,16,0.0625,17,0
global_p16_k2,949,32,16,0.0625,15,0
global_p16_k2,950,32,16,0.0625,17,0
global_p16_k2,951,32,16,0.0625,16,0
global_p16_k2,952,32,16,0.0625,16,0
global_p16_k2,953,32,16,0.0625,17,0
global_p16_k2,954,32,16,0.0625,16,0
global_p16_k2,955,32,16,0.0625,15,0
global_p16_k2,956,32,16,0.0625,13,0
global_p16_k2,957,32,16,0.0625,15,0
global_p16_k2,958,32,16,0.0625,17,0
global_p16_k2,959,32,16,0.0625,16,0
global_p16_k2,960,32,16,0.0625,15,0
global_p16_k2,961,32,16,0.0625,16,0
global_p16_k2,962,32,16,0.0625,17,0
global_p16_k2,963,32,16,0.0625,14,0
global_p16_k2,964,32,16,0.0625,15,0
global_p16_k2,965,32,16,0.0625,16,0
global_p16_k2,966,32,16,0.0625,16,0
global_p16_k2,967,32,16,0.0625,19,0
global_p16_k2,968,32,16,0.0625,15,0
global_p16_k2,969,32,16,0.0625,17,0
global_p16_k2,970,32,16,0.0625,15,0
global_p16_k2,971,32,16,0.0625,15,0
global_p16_k2,972,32,16,0.0625,15,0
global_p16_k2,973,32,16,0.0625,16,0
global_p16_k2,974,32,16,0.0625,16,0
global_p16_k2,975,32,16,0.0625,15,0
global_p16_k2,976,32,16,0.0625,15,0
global_p16_k2,977,32,16,0.0625,15,0
global_p16_k2,978,32,16,0.0625,14,0
global_p16_k2,979,32,16,0.0625,14,0
global_p16_k2,980,32,16,0.0625,19,0
global_p16_k2,981,32,16,0.0625,15,0
global_p16_k2,982,32,16,0.0625,14,0
global_p16_k2,983,32,16,0.0625,16,0
global_p16_k2,984,32,16,0.0625,17,0
global_p16_k2,985,32,16,0.0625,15,0
global_p16_k2,986,32,16,0.0625,17,0
global_p16_k2,987,32,16,0.0625,17,0
global_p16_k2,988,32,16,0.0625,16,0
global_p16_k2,989,32,16,0.0625,14,0
global_p16_k2,990,32,16,0.0625,16,0
global_p16_k2,991,32,16,0.0625,16,0
global_p16_k2,992,32,16,0.0625,16,0
global_p16_k2,993,32,16,0.0625,14,0
global_p16_k2,994,32,16,0.0625,17,0
global_p16_k2,995,32,16,0.0625,15,0
global_p16_k2,996,32,16,0.0625,18,0
global_p16_k2,997,32,16,0.0625,15,0
global_p16_k2,998,32,16,0.0625,15,0
global_p16_k2,999,32,16,0.0625,15,0
hybrid_w8,0,32,16,0.0625,7,0
hybrid_w8,1,32,16,0.0625,6,0
hybrid_w8,2,32,16,0.0625,7,0
hybrid_w8,3,32,16,0.0625,7,0
hybrid_w8,4,32,16,0.0625,7,0
hybrid_w8,5,32,16,0.0625,6,0
hybrid_w8,6,32,16,0.0625,6,0
hybrid_w8,7,32,16,0.0625,6,0
hybrid_w8,8,32,16,0.0625,7,0
hybrid_w8,9,32,16,0.0625,7,0
hybrid_w8,10,32,16,0.0625,7,0
hybrid_w8,11,32,16,0.0625,6,0
hybrid_w8,12,32,16,0.0625,6,0
hybrid_w8,13,32,16,0.0625,6,0
hybrid_w8,14,32,16,0.0625,8,0
hybrid_w8,15,32,16,0.0625,6,0
hybrid_w8,16,32,16,0.0625,7,0
hybrid_w8,17,32,16,0.0625,6,0
hybrid_w8,18,32,16,0.0625,7,0
hybrid_w8,19,32,16,0.0625,4,0
hybrid_w8,20,32,16,0.0625,6,0
hybrid_w8,21,32,16,0.0625,5,0
hybrid_w8,22,32,16,0.0625,5,0
hybrid_w8,23,32,16,0.0625,4,0
hybrid_w8,24,32,16,0.0625,6,0
hybrid_w8,25,32,16,0.0625,5,0
hybrid_w8,26,32,16,0.0625,8,0
hybrid_w8,27,32,16,0.0625,5,0
hybrid_w8,28,32,16,0.0625,7,0
hybrid_w8,29,32,16,0.0625,7,0
hybrid_w8,30,32,16,0.0625,4,0
hybrid_w8,31,32,16,0.0625,8,0
hybrid_w8,32,32,16,0.0625,5,0
hybrid_w8,33,32,16,0.0625,6,0
hybrid_w8,34,32,16,0.0625,7,0
hybrid_w8,35,32,16,0.0625,5,0
hybrid_w8,36,32,16,0.0625,6,0
hybrid_w8,37,32,16,0.0625,7,0
hybrid_w8,38,32,16,0.0625,6,0
hybrid_w8,39,32,16,0.0625,7,0
hybrid_w8,40,32,16,0.0625,5,0
hybrid_w8,41,32,16,0.0625,6,0
hybrid_w8,42,32,16,0.0625,6,0
hybrid_w8,43,32,16,0.0625,5,0
hybrid_w8,44,32,16,0.0625,7,0
hybrid_w8,45,32,16,0.0625,7,0
hybrid_w8,46,32,16,0.0625,6,0
hybrid_w8,47,32,16,0.0625,7,0
hybrid_w8,48,32,16,0.0625,6,0
hybrid_w8,49,32,16,0.0625,6,0
hybrid_w8,50,32,16,0.0625,5,0
hybrid_w8,51,32,16,0.0625,7,0
hybrid_w8,52,32,16,0.0625,5,0
hybrid_w8,53,32,16,0.0625,5,0
hybrid_w8,54,32,16,0.0625,6,0
hybrid_w8,55,32,16,0.0625,7,0
hybrid_w8,56,32,16,0.0625,5,0
hybrid_w8,57,32,16,0.0625,8,0
hybrid_w8,58,32,16,0.0625,6,0
hybrid_w8,59,32,16,0.0625,9,0
hybrid_w8,60,32,16,0.0625,7,0
hybrid_w8,61,32,16,0.0625,5,0
hybrid_w8,62,32,16,0.0625,6,0
hybrid_w8,63,32,16,0.0625,7,0
hybrid_w8,64,32,16,0.0625,5,0
hybrid_w8,65,32,16,0.0625,6,0
hybrid_w8,66,32,16,0.0625,5,0
hybrid_w8,67,32,16,0.0625,5,0
hybrid_w8,68,32,16,0.0625,5,0
hybrid_w8,69,32,16,0.0625,7,0
hybrid_w8,70,32,16,0.0625,4,0
hybrid_w8,71,32,16,0.0625,2,0
hybrid_w8,72,32,16,0.0625,7,0
hybrid_w8,73,32,16,0.0625,6,0
hybrid_w8,74,32,16,0.0625,8,0
hybrid_w8,75,32,16,0.0625,7,0
hybrid_w8,76,32,16,0.0625,6,0
hybrid_w8,77,32,16,0.0625,7,0
hybrid_w8,78,32,16,0.0625,6,0
hybrid_w8,79,32,16,0.0625,6,0
hybrid_w8,80,32,16,0.0625,6,0
hybrid_w8,81,32,16,0.0625,6,0
hybrid_w8,82,32,16,0.0625,6,0
hybrid_w8,83,32,16,0.0625,5,0
hybrid_w8,84,32,16,0.0625,4,0
hybrid_w8,85,32,16,0.0625,6,0
hybrid_w8,86,32,16,0.0625,6,0
hybrid_w8,87,32,16,0.0625,6,0
hybrid_w8,88,32,16,0.0625,7,0
hybrid_w8,89,32,16,0.0625,7,0
hybrid_w8,90,32,16,0.0625,7,0
hybrid_w8,91,32,16,0.0625,7,0
hybrid_w8,92,32,16,0.0625,6,0
hybrid_w8,93,32,16,0.0625,6,0
hybrid_w8,94,32,16,0.0625,8,0
hybrid_w8,95,32,16,0.0625,4,0
hybrid_w8,96,32,16,0.0625,7,0
hybrid_w8,97,32,16,0.0625,6,0
hybrid_w8,98,32,16,0.0625,6,0
hybrid_w8,99,32,16,0.0625,7,0
hybrid_w8,100,32,16,0.0625,5,0
hybrid_w8,101,32,16,0.0625,6,0
hybrid_w8,102,32,16,0.0625,8,0
hybrid_w8,103,32,16,0.0625,5,0
hybrid_w8,104,32,16,0.0625,7,0
hybrid_w8,105,32,16,0.0625,7,0
hybrid_w8,106,32,16,0.0625,6,0
hybrid_w8,107,32,16,0.0625,7,0
hybrid_w8,108,32,16,0.0625,7,0
hybrid_w8,109,32,16,0.0625,8,0
hybrid_w8,110,32,16,0.0625,5,0
hybrid_w8,111,32,16,0.0625,5,0
hybrid_w8,112,32,16,0.0625,4,0
hybrid_w8,113,32,16,0.0625,4,0
hybrid_w8,114,32,16,0.0625,5,0
hybrid_w8,115,32,16,0.0625,3,0
hybrid_w8,116,32,16,0.0625,9,0
hybrid_w8,117,32,16,0.0625,8,0
hybrid_w8,118,32,16,0.0625,5,0
hybrid_w8,119,32,16,0.0625,7,0
hybrid_w8,120,32,16,0.0625,7,0
hybrid_w8,121,32,16,0.0625,8,0
hybrid_w8,122,32,16,0.0625,7,0
hybrid_w8,123,32,16,0.0625,8,0
hybrid_w8,124,32,16,0.0625,9,0
hybrid_w8,125,32,16,0.0625,6,0
hybrid_w8,126,32,16,0.0625,7,0
hybrid_w8,127,32,16,0.0625,6,0
hybrid_w8,128,32,16,0.0625,7,0
hybrid_w8,129,32,16,0.0625,7,0
hybrid_w8,130,32,16,0.0625,6,0
hybrid_w8,131,32,16,0.0625,5,0
hybrid_w8,132,32,16,0.0625,4,0
hybrid_w8,133,32,16,0.0625,7,0
hybrid_w8,134,32,16,0.0625,5,0
hybrid_w8,135,32,16,0.0625,6,0
hybrid_w8,136,32,16,0.0625,8,0
hybrid_w8,137,32,16,0.0625,7,0
hybrid_w8,138,32,16,0.0625,5,0
hybrid_w8,139,32,16,0.0625,7,0
hybrid_w8,140,32,16,0.0625,7,0
hybrid_w8,141,32,16,0.0625,5,0
hybrid_w8,142,32,16,0.0625,5,0
hybrid_w8,143,32,16,0.0625,6,0
hybrid_w8,144,32,16,0.0625,4,0
hybrid_w8,145,32,16,0.0625,5,0
hybrid_w8,146,32,16,0.0625,4,0
hybrid_w8,147,32,16,0.0625,5,0
hybrid_w8,148,32,16,0.0625,3,0
hybrid_w8,149,32,16,0.0625,4,0
hybrid_w8,150,32,16,0.0625,7,0
hybrid_w8,151,32,16,0.0625,8,0
hybrid_w8,152,32,16,0.0625,6,0
hybrid_w8,153,32,16,0.0625,8,0
hybrid_w8,154,32,16,0.0625,7,0
hybrid_w8,155,32,16,0.0625,6,0
hybrid_w8,156,32,16,0.0625,7,0
hybrid_w8,157,32,16,0.0625,5,0
hybrid_w8,158,32,16,0.0625,5,0
hybrid_w8,159,32,16,0.0625,6,0
hybrid_w8,160,32,16,0.0625,4,0
hybrid_w8,161,32,16,0.0625,4,0
hybrid_w8,162,32,16,0.0625,6,0
hybrid_w8,163,32,16,0.0625,7,0
hybrid_w8,164,32,16,0.0625,8,0
hybrid_w8,165,32,16,0.0625,4,0
hybrid_w8,166,32,16,0.0625,6,0
hybrid_w8,167,32,16,0.0625,8,0
hybrid_w8,168,32,16,0.0625,9,0
hybrid_w8,169,32,16,0.0625,8,0
hybrid_w8,170,32,16,0.0625,6,0
hybrid_w8,171,32,16,0.0625,9,0
hybrid_w8,172,32,16,0.0625,7,0
hybrid_w8,173,32,16,0.0625,6,0
hybrid_w8,174,32,16,0.0625,4,0
hybrid_w8,175,32,16,0.0625,6,0
hybrid_w8,176,32,16,0.0625,7,0
hybrid_w8,177,32,16,0.0625,6,0
hybrid_w8,178,32,16,0.0625,7,0
hybrid_w8,179,32,16,0.0625,3,0
hybrid_w8,180,32,16,0.0625,8,0
hybrid_w8,181,32,16,0.0625,7,0
hybrid_w8,182,32,16,0.0625,8,0
hybrid_w8,183,32,16,0.0625,6,0
hybrid_w8,184,32,16,0.0625,7,0
hybrid_w8,185,32,16,0.0625,6,0
hybrid_w8,186,32,16,0.0625,6,0
hybrid_w8,187,32,16,0.0625,6,0
hybrid_w8,188,32,16,0.0625,5,0
hybrid_w8,189,32,16,0.0625,4,0
hybrid_w8,190,32,16,0.0625,7,0
hybrid_w8,191,32,16,0.0625,6,0
hybrid_w8,192,32,16,0.0625,4,0
hybrid_w8,193,32,16,0.0625,6,0
hybrid_w8,194,32,16,0.0625,7,0
hybrid_w8,195,32,16,0.0625,3,0
hybrid_w8,196,32,16,0.0625,4,0
hybrid_w8,197,32,16,0.0625,7,0
hybrid_w8,198,32,16,0.0625,6,0
hybrid_w8,199,32,16,0.0625,6,0
hybrid_w8,200,32,16,0.0625,8,0
hybrid_w8,201,32,16,0.0625,6,0
hybrid_w8,202,32,16,0.0625,7,0
hybrid_w8,203,32,16,0.0625,7,0
hybrid_w8,204,32,16,0.0625,2,0
hybrid_w8,205,32,16,0.0625,6,0
hybrid_w8,206,32,16,0.0625,6,0
hybrid_w8,207,32,16,0.0625,4,0
hybrid_w8,208,32,16,0.0625,5,0
hybrid_w8,209,32,16,0.0625,5,0
hybrid_w8,210,32,16,0.0625,8,0
hybrid_w8,211,32,16,0.0625,8,0
hybrid_w8,212,32,16,0.0625,6,0
hybrid_w8,213,32,16,0.0625,6,0
hybrid_w8,214,32,16,0.0625,6,0
hybrid_w8,215,32,16,0.0625,8,0
hybrid_w8,216,32,16,0.0625,7,0
hybrid_w8,217,32,16,0.0625,7,0
hybrid_w8,218,32,16,0.0625,8,0
hybrid_w8,219,32,16,0.0625,6,0
hybrid_w8,220,32,16,0.0625,5,0
hybrid_w8,221,32,16,0.0625,5,0
hybrid_w8,222,32,16,0.0625,5,0
hybrid_w8,223,32,16,0.0625,5,0
hybrid_w8,224,32,16,0.0625,6,0
hybrid_w8,225,32,16,0.0625,6,0
hybrid_w8,226,32,16,0.0625,5,0
hybrid_w8,227,32,16,0.0625,7,0
hybrid_w8,228,32,16,0.0625,7,0
hybrid_w8,229,32,16,0.0625,7,0
hybrid_w8,230,32,16,0.0625,6,0
hybrid_w8,231,32,16,0.0625,5,0
hybrid_w8,232,32,16,0.0625,7,0
hybrid_w8,233,32,16,0.0625,6,0
hybrid_w8,234,32,16,0.0625,6,0
hybrid_w8,235,32,16,0.0625,3,0
hybrid_w8,236,32,16,0.0625,5,0
hybrid_w8,237,32,16,0.0625,6,0
hybrid_w8,238,32,16,0.0625,4,0
hybrid_w8,239,32,16,0.0625,4,0
hybrid_w8,240,32,16,0.0625,4,0
hybrid_w8,241,32,16,0.0625,6,0
hybrid_w8,242,32,16,0.0625,7,0
hybrid_w8,243,32,16,0.0625,3,0
hybrid_w8,244,32,16,0.0625,7,0
hybrid_w8,245,32,16,0.0625,7,0
hybrid_w8,246,32,16,0.0625,7,0
hybrid_w8,247,32,16,0.0625,7,0
hybrid_w8,248,32,16,0.0625,7,0
hybrid_w8,249,32,16,0.0625,9,0
hybrid_w8,250,32,16,0.0625,8,0
hybrid_w8,251,32,16,0.0625,5,0
hybrid_w8,252,32,16,0.0625,6,0
hybrid_w8,253,32,16,0.0625,5,0
hybrid_w8,254,32,16,0.0625,7,0
hybrid_w8,255,32,16,0.0625,5,0
hybrid_w8,256,32,16,0.0625,5,0
hybrid_w8,257,32,16,0.0625,7,0
hybrid_w8,258,32,16,0.0625,7,0
hybrid_w8,259,32,16,0.0625,6,0
hybrid_w8,260,32,16,0.0625,7,0
hybrid_w8,261,32,16,0.0625,7,0
hybrid_w8,262,32,16,0.0625,9,0
hybrid_w8,263,32,16,0.0625,7,0
hybrid_w8,264,32,16,0.0625,8,0
hybrid_w8,265,32,16,0.0625,7,0
hybrid_w8,266,32,16,0.0625,6,0
hybrid_w8,267,32,16,0.0625,5,0
hybrid_w8,268,32,16,0.0625,6,0
hybrid_w8,269,32,16,0.0625,6,0
hybrid_w8,270,32,16,0.0625,5,0
hybrid_w8,271,32,16,0.0625,6,0
hybrid_w8,272,32,16,0.0625,7,0
hybrid_w8,273,32,16,0.0625,5,0
hybrid_w8,274,32,16,0.0625,6,0
hybrid_w8,275,32,16,0.0625,7,0
hybrid_w8,276,32,16,0.0625,9,0
hybrid_w8,277,32,16,0.0625,7,0
hybrid_w8,278,32,16,0.0625,6,0
hybrid_w8,279,32,16,0.0625,7,0
hybrid_w8,280,32,16,0.0625,8,0
hybrid_w8,281,32,16,0.0625,7,0
hybrid_w8,282,32,16,0.0625,4,0
hybrid_w8,283,32,16,0.0625,4,0
hybrid_w8,284,32,16,0.0625,5,0
hybrid_w8,285,32,16,0.0625,3,0
hybrid_w8,286,32,16,0.0625,5,0
hybrid_w8,287,32,16,0.0625,7,0
hybrid_w8,288,32,16,0.0625,6,0
hybrid_w8,289,32,16,0.0625,8,0
hybrid_w8,290,32,16,0.0625,5,0
hybrid_w8,291,32,16,0.0625,9,0
hybrid_w8,292,32,16,0.0625,7,0
hybrid_w8,293,32,16,0.0625,9,0
hybrid_w8,294,32,16,0.0625,7,0
hybrid_w8,295,32,16,0.0625,6,0
hybrid_w8,296,32,16,0.0625,8,0
hybrid_w8,297,32,16,0.0625,6,0
hybrid_w8,298,32,16,0.0625,6,0
hybrid_w8,299,32,16,0.0625,6,0
hybrid_w8,300,32,16,0.0625,5,0
hybrid_w8,301,32,16,0.0625,7,0
hybrid_w8,302,32,16,0.0625,5,0
hybrid_w8,303,32,16,0.0625,6,0
hybrid_w8,304,32,16,0.0625,5,0
hybrid_w8,305,32,16,0.0625,7,0
hybrid_w8,306,32,16,0.0625,6,0
hybrid_w8,307,32,16,0.0625,7,0
hybrid_w8,308,32,16,0.0625,6,0
hybrid_w8,309,32,16,0.0625,9,0
hybrid_w8,310,32,16,0.0625,7,0
hybrid_w8,311,32,16,0.0625,5,0
hybrid_w8,312,32,16,0.0625,7,0
hybrid_w8,313,32,16,0.0625,5,0
hybrid_w8,314,32,16,0.0625,5,0
hybrid_w8,315,32,16,0.0625,7,0
hybrid_w8,316,32,16,0.0625,3,0
hybrid_w8,317,32,16,0.0625,5,0
hybrid_w8,318,32,16,0.0625,5,0
hybrid_w8,319,32,16,0.0625,6,0
hybrid_w8,320,32,16,0.0625,3,0
hybrid_w8,321,32,16,0.0625,3,0
hybrid_w8,322,32,16,0.0625,7,0
hybrid_w8,323,32,16,0.0625,8,0
hybrid_w8,324,32,16,0.0625,8,0
hybrid_w8,325,32,16,0.0625,9,0
hybrid_w8,326,32,16,0.0625,5,0
hybrid_w8,327,32,16,0.0625,9,0
hybrid_w8,328,32,16,0.0625,7,0
hybrid_w8,329,32,16,0.0625,4,0
hybrid_w8,330,32,16,0.0625,6,0
hybrid_w8,331,32,16,0.0625,7,0
hybrid_w8,332,32,16,0.0625,4,0
hybrid_w8,333,32,16,0.0625,5,0
hybrid_w8,334,32,16,0.0625,4,0
hybrid_w8,335,32,16,0.0625,8,0
hybrid_w8,336,32,16,0.0625,7,0
hybrid_w8,337,32,16,0.0625,5,0
hybrid_w8,338,32,16,0.0625,5,0
hybrid_w8,339,32,16,0.0625,5,0
hybrid_w8,340,32,16,0.0625,7,0
hybrid_w8,341,32,16,0.0625,8,0
hybrid_w8,342,32,16,0.0625,7,0
hybrid_w8,343,32,16,0.0625,9,0
hybrid_w8,344,32,16,0.0625,6,0
hybrid_w8,345,32,16,0.0625,4,0
hybrid_w8,346,32,16,0.0625,6,0
hybrid_w8,347,32,16,0.0625,5,0
hybrid_w8,348,32,16,0.0625,5,0
hybrid_w8,349,32,16,0.0625,7,0
hybrid_w8,350,32,16,0.0625,7,0
hybrid_w8,351,32,16,0.0625,5,0
hybrid_w8,352,32,16,0.0625,8,0
hybrid_w8,353,32,16,0.0625,7,0
hybrid_w8,354,32,16,0.0625,6,0
hybrid_w8,355,32,16,0.0625,6,0
hybrid_w8,356,32,16,0.0625,7,0
hybrid_w8,357,32,16,0.0625,7,0
hybrid_w8,358,32,16,0.0625,7,0
hybrid_w8,359,32,16,0.0625,7,0
hybrid_w8,360,32,16,0.0625,4,0
hybrid_w8,361,32,16,0.0625,4,0
hybrid_w8,362,32,16,0.0625,7,0
hybrid_w8,363,32,16,0.0625,3,0
hybrid_w8,364,32,16,0.0625,4,0
hybrid_w8,365,32,16,0.0625,4,0
hybrid_w8,366,32,16,0.0625,8,0
hybrid_w8,367,32,16,0.0625,9,0
hybrid_w8,368,32,16,0.0625,5,0
hybrid_w8,369,32,16,0.0625,7,0
hybrid_w8,370,32,16,0.0625,6,0
hybrid_w8,371,32,16,0.0625,8,0
hybrid_w8,372,32,16,0.0625,8,0
hybrid_w8,373,32,16,0.0625,7,0
hybrid_w8,374,32,16,0.0625,9,0
hybrid_w8,375,32,16,0.0625,6,0
hybrid_w8,376,32,16,0.0625,3,0
hybrid_w8,377,32,16,0.0625,6,0
hybrid_w8,378,32,16,0.0625,5,0
hybrid_w8,379,32,16,0.0625,6,0
hybrid_w8,380,32,16,0.0625,6,0
hybrid_w8,381,32,16,0.0625,6,0
hybrid_w8,382,32,16,0.0625,6,0
hybrid_w8,383,32,16,0.0625,9,0
hybrid_w8,384,32,16,0.0625,6,0
hybrid_w8,385,32,16,0.0625,6,0
hybrid_w8,386,32,16,0.0625,8,0
hybrid_w8,387,32,16,0.0625,9,0
hybrid_w8,388,32,16,0.0625,9,0
hybrid_w8,389,32,16,0.0625,6,0
hybrid_w8,390,32,16,0.0625,5,0
hybrid_w8,391,32,16,0.0625,4,0
hybrid_w8,392,32,16,0.0625,4,0
hybrid_w8,393,32,16,0.0625,6,0
hybrid_w8,394,32,16,0.0625,5,0
hybrid_w8,395,32,16,0.0625,5,0
hybrid_w8,396,32,16,0.0625,5,0
hybrid_w8,397,32,16,0.0625,7,0
hybrid_w8,398,32,16,0.0625,3,0
hybrid_w8,399,32,16,0.0625,6,0
hybrid_w8,400,32,16,0.0625,7,0
hybrid_w8,401,32,16,0.0625,7,0
hybrid_w8,402,32,16,0.0625,6,0
hybrid_w8,403,32,16,0.0625,10,0
hybrid_w8,404,32,16,0.0625,6,0
hybrid_w8,405,32,16,0.0625,8,0
hybrid_w8,406,32,16,0.0625,8,0
hybrid_w8,407,32,16,0.0625,4,0
hybrid_w8,408,32,16,0.0625,4,0
hybrid_w8,409,32,16,0.0625,6,0
hybrid_w8,410,32,16,0.0625,3,0
hybrid_w8,411,32,16,0.0625,5,0
hybrid_w8,412,32,16,0.0625,4,0
hybrid_w8,413,32,16,0.0625,8,0
hybrid_w8,414,32,16,0.0625,8,0
hybrid_w8,415,32,16,0.0625,5,0
hybrid_w8,416,32,16,0.0625,10,0
hybrid_w8,417,32,16,0.0625,5,0
hybrid_w8,418,32,16,0.0625,9,0
hybrid_w8,419,32,16,0.0625,9,0
hybrid_w8,420,32,16,0.0625,8,0
hybrid_w8,421,32,16,0.0625,8,0
hybrid_w8,422,32,16,0.0625,5,0
hybrid_w8,423,32,16,0.0625,5,0
hybrid_w8,424,32,16,0.0625,5,0
hybrid_w8,425,32,16,0.0625,5,0
hybrid_w8,426,32,16,0.0625,5,0
hybrid_w8,427,32,16,0.0625,6,0
hybrid_w8,428,32,16,0.0625,5,0
hybrid_w8,429,32,16,0.0625,5,0
hybrid_w8,430,32,16,0.0625,7,0
hybrid_w8,431,32,16,0.0625,7,0
hybrid_w8,432,32,16,0.0625,7,0
hybrid_w8,433,32,16,0.0625,7,0
hybrid_w8,434,32,16,0.0625,8,0
hybrid_w8,435,32,16,0.0625,7,0
hybrid_w8,436,32,16,0.0625,6,0
hybrid_w8,437,32,16,0.0625,5,0
hybrid_w8,438,32,16,0.0625,5,0
hybrid_w8,439,32,16,0.0625,5,0
hybrid_w8,440,32,16,0.0625,5,0
hybrid_w8,441,32,16,0.0625,4,0
hybrid_w8,442,32,16,0.0625,4,0
hybrid_w8,443,32,16,0.0625,7,0
hybrid_w8,444,32,16,0.0625,7,0
hybrid_w8,445,32,16,0.0625,4,0
hybrid_w8,446,32,16,0.0625,5,0
hybrid_w8,447,32,16,0.0625,8,0
hybrid_w8,448,32,16,0.0625,6,0
hybrid_w8,449,32,16,0.0625,8,0
hybrid_w8,450,32,16,0.0625,8,0
hybrid_w8,451,32,16,0.0625,5,0
hybrid_w8,452,32,16,0.0625,10,0
hybrid_w8,453,32,16,0.0625,6,0
hybrid_w8,454,32,16,0.0625,3,0
hybrid_w8,455,32,16,0.0625,5,0
hybrid_w8,456,32,16,0.0625,6,0
hybrid_w8,457,32,16,0.0625,5,0
hybrid_w8,458,32,16,0.0625,5,0
hybrid_w8,459,32,16,0.0625,3,0
hybrid_w8,460,32,16,0.0625,8,0
hybrid_w8,461,32,16,0.0625,8,0
hybrid_w8,462,32,16,0.0625,8,0
hybrid_w8,463,32,16,0.0625,6,0
hybrid_w8,464,32,16,0.0625,8,0
hybrid_w8,465,32,16,0.0625,9,0
hybrid_w8,466,32,16,0.0625,6,0
hybrid_w8,467,32,16,0.0625,6,0
hybrid_w8,468,32,16,0.0625,7,0
hybrid_w8,469,32,16,0.0625,5,0
hybrid_w8,470,32,16,0.0625,5,0
hybrid_w8,471,32,16,0.0625,5,0
hybrid_w8,472,32,16,0.0625,6,0
hybrid_w8,473,32,16,0.0625,6,0
hybrid_w8,474,32,16,0.0625,7,0
hybrid_w8,475,32,16,0.0625,5,0
hybrid_w8,476,32,16,0.0625,5,0
hybrid_w8,477,32,16,0.0625,8,0
hybrid_w8,478,32,16,0.0625,9,0
hybrid_w8,479,32,16,0.0625,7,0
hybrid_w8,480,32,16,0.0625,7,0
hybrid_w8,481,32,16,0.0625,9,0
hybrid_w8,482,32,16,0.0625,6,0
hybrid_w8,483,32,16,0.0625,7,0
hybrid_w8,484,32,16,0.0625,6,0
hybrid_w8,485,32,16,0.0625,3,0
hybrid_w8,486,32,16,0.0625,5,0
hybrid_w8,487,32,16,0.0625,7,0
hybrid_w8,488,32,16,0.0625,2,0
hybrid_w8,489,32,16,0.0625,4,0
hybrid_w8,490,32,16,0.0625,6,0
hybrid_w8,491,32,16,0.0625,8,0
hybrid_w8,492,32,16,0.0625,7,0
hybrid_w8,493,32,16,0.0625,5,0
hybrid_w8,494,32,16,0.0625,9,0
hybrid_w8,495,32,16,0.0625,8,0
hybrid_w8,496,32,16,0.0625,9,0
hybrid_w8,497,32,16,0.0625,9,0
hybrid_w8,498,32,16,0.0625,6,0
hybrid_w8,499,32,16,0.0625,7,0
hybrid_w8,500,32,16,0.0625,7,0
hybrid_w8,501,32,16,0.0625,6,0
hybrid_w8,502,32,16,0.0625,6,0
hybrid_w8,503,32,16,0.0625,6,0
hybrid_w8,504,32,16,0.0625,7,0
hybrid_w8,505,32,16,0.0625,6,0
hybrid_w8,506,32,16,0.0625,5,0
hybrid_w8,507,32,16,0.0625,5,0
hybrid_w8,508,32,16,0.0625,6,0
hybrid_w8,509,32,16,0.0625,7,0
hybrid_w8,510,32,16,0.0625,5,0
hybrid_w8,511,32,16,0.0625,8,0
hybrid_w8,512,32,16,0.0625,8,0
hybrid_w8,513,32,16,0.0625,6,0
hybrid_w8,514,32,16,0.0625,8,0
hybrid_w8,515,32,16,0.0625,6,0
hybrid_w8,516,32,16,0.0625,5,0
hybrid_w8,517,32,16,0.0625,6,0
hybrid_w8,518,32,16,0.0625,7,0
hybrid_w8,519,32,16,0.0625,2,0
hybrid_w8,520,32,16,0.0625,5,0
hybrid_w8,521,32,16,0.0625,5,0
hybrid_w8,522,32,16,0.0625,7,0
hybrid_w8,523,32,16,0.0625,4,0
hybrid_w8,524,32,16,0.0625,7,0
hybrid_w8,525,32,16,0.0625,9,0
hybrid_w8,526,32,16,0.0625,6,0
hybrid_w8,527,32,16,0.0625,7,0
hybrid_w8,528,32,16,0.0625,7,0
hybrid_w8,529,32,16,0.0625,7,0
hybrid_w8,530,32,16,0.0625,8,0
hybrid_w8,531,32,16,0.0625,8,0
hybrid_w8,532,32,16,0.0625,4,0
hybrid_w8,533,32,16,0.0625,4,0
hybrid_w8,534,32,16,0.0625,5,0
hybrid_w8,535,32,16,0.0625,5,0
hybrid_w8,536,32,16,0.0625,4,0
hybrid_w8,537,32,16,0.0625,7,0
hybrid_w8,538,32,16,0.0625,7,0
hybrid_w8,539,32,16,0.0625,8,0
hybrid_w8,540,32,16,0.0625,5,0
hybrid_w8,541,32,16,0.0625,7,0
hybrid_w8,542,32,16,0.0625,9,0
hybrid_w8,543,32,16,0.0625,8,0
hybrid_w8,544,32,16,0.0625,9,0
hybrid_w8,545,32,16,0.0625,6,0
hybrid_w8,546,32,16,0.0625,8,0
hybrid_w8,547,32,16,0.0625,5,0
hybrid_w8,548,32,16,0.0625,6,0
hybrid_w8,549,32,16,0.0625,5,0
hybrid_w8,550,32,16,0.0625,4,0
hybrid_w8,551,32,16,0.0625,5,0
hybrid_w8,552,32,16,0.0625,5,0
hybrid_w8,553,32,16,0.0625,4,0
hybrid_w8,554,32,16,0.0625,7,0
hybrid_w8,555,32,16,0.0625,9,0
hybrid_w8,556,32,16,0.0625,4,0
hybrid_w8,557,32,16,0.0625,6,0
hybrid_w8,558,32,16,0.0625,8,0
hybrid_w8,559,32,16,0.0625,9,0
hybrid_w8,560,32,16,0.0625,8,0
hybrid_w8,561,32,16,0.0625,8,0
hybrid_w8,562,32,16,0.0625,6,0
hybrid_w8,563,32,16,0.0625,4,0
hybrid_w8,564,32,16,0.0625,4,0
hybrid_w8,565,32,16,0.0625,6,0
hybrid_w8,566,32,16,0.0625,5,0
hybrid_w8,567,32,16,0.0625,4,0
hybrid_w8,568,32,16,0.0625,5,0
hybrid_w8,569,32,16,0.0625,10,0
hybrid_w8,570,32,16,0.0625,5,0
hybrid_w8,571,32,16,0.0625,4,0
hybrid_w8,572,32,16,0.0625,7,0
hybrid_w8,573,32,16,0.0625,7,0
hybrid_w8,574,32,16,0.0625,7,0
hybrid_w8,575,32,16,0.0625,8,0
hybrid_w8,576,32,16,0.0625,4,0
hybrid_w8,577,32,16,0.0625,8,0
hybrid_w8,578,32,16,0.0625,7,0
hybrid_w8,579,32,16,0.0625,5,0
hybrid_w8,580,32,16,0.0625,4,0
hybrid_w8,581,32,16,0.0625,5,0
hybrid_w8,582,32,16,0.0625,3,0
hybrid_w8,583,32,16,0.0625,5,0
hybrid_w8,584,32,16,0.0625,5,0
hybrid_w8,585,32,16,0.0625,7,0
hybrid_w8,586,32,16,0.0625,8,0
hybrid_w8,587,32,16,0.0625,8,0
hybrid_w8,588,32,16,0.0625,5,0
hybrid_w8,589,32,16,0.0625,10,0
hybrid_w8,590,32,16,0.0625,9,0
hybrid_w8,591,32,16,0.0625,7,0
hybrid_w8,592,32,16,0.0625,8,0
hybrid_w8,593,32,16,0.0625,8,0
hybrid_w8,594,32,16,0.0625,6,0
hybrid_w8,595,32,16,0.0625,4,0
hybrid_w8,596,32,16,0.0625,6,0
hybrid_w8,597,32,16,0.0625,4,0
hybrid_w8,598,32,16,0.0625,4,0
hybrid_w8,599,32,16,0.0625,4,0
hybrid_w8,600,32,16,0.0625,6,0
hybrid_w8,601,32,16,0.0625,7,0
hybrid_w8,602,32,16,0.0625,8,0
hybrid_w8,603,32,16,0.0625,10,0
hybrid_w8,604,32,16,0.0625,9,0
hybrid_w8,605,32,16,0.0625,8,0
hybrid_w8,606,32,16,0.0625,9,0
hybrid_w8,607,32,16,0.0625,6,0
hybrid_w8,608,32,16,0.0625,7,0
hybrid_w8,609,32,16,0.0625,7,0
hybrid_w8,610,32,16,0.0625,3,0
hybrid_w8,611,32,16,0.0625,4,0
hybrid_w8,612,32,16,0.0625,5,0
hybrid_w8,613,32,16,0.0625,3,0
hybrid_w8,614,32,16,0.0625,3,0
hybrid_w8,615,32,16,0.0625,7,0
hybrid_w8,616,32,16,0.0625,9,0
hybrid_w8,617,32,16,0.0625,8,0
hybrid_w8,618,32,16,0.0625,4,0
hybrid_w8,619,32,16,0.0625,9,0
hybrid_w8,620,32,16,0.0625,8,0
hybrid_w8,621,32,16,0.0625,7,0
hybrid_w8,622,32,16,0.0625,8,0
hybrid_w8,623,32,16,0.0625,7,0
hybrid_w8,624,32,16,0.0625,9,0
hybrid_w8,625,32,16,0.0625,8,0
hybrid_w8,626,32,16,0.0625,5,0
hybrid_w8,627,32,16,0.0625,6,0
hybrid_w8,628,32,16,0.0625,8,0
hybrid_w8,629,32,16,0.0625,5,0
hybrid_w8,630,32,16,0.0625,5,0
hybrid_w8,631,32,16,0.0625,5,0
hybrid_w8,632,32,16,0.0625,6,0
hybrid_w8,633,32,16,0.0625,8,0
hybrid_w8,634,32,16,0.0625,8,0
hybrid_w8,635,32,16,0.0625,7,0
hybrid_w8,636,32,16,0.0625,10,0
hybrid_w8,637,32,16,0.0625,8,0
hybrid_w8,638,32,16,0.0625,9,0
hybrid_w8,639,32,16,0.0625,9,0
hybrid_w8,640,32,16,0.0625,7,0
hybrid_w8,641,32,16,0.0625,4,0
hybrid_w8,642,32,16,0.0625,5,0
hybrid_w8,643,32,16,0.0625,5,0
hybrid_w8,644,32,16,0.0625,3,0
hybrid_w8,645,32,16,0.0625,5,0
hybrid_w8,646,32,16,0.0625,5,0
hybrid_w8,647,32,16,0.0625,6,0
hybrid_w8,648,32,16,0.0625,2,0
hybrid_w8,649,32,16,0.0625,9,0
hybrid_w8,650,32,16,0.0625,6,0
hybrid_w8,651,32,16,0.0625,7,0
hybrid_w8,652,32,16,0.0625,9,0
hybrid_w8,653,32,16,0.0625,8,0
hybrid_w8,654,32,16,0.0625,7,0
hybrid_w8,655,32,16,0.0625,9,0
hybrid_w8,656,32,16,0.0625,8,0
hybrid_w8,657,32,16,0.0625,2,0
hybrid_w8,658,32,16,0.0625,7,0
hybrid_w8,659,32,16,0.0625,6,0
hybrid_w8,660,32,16,0.0625,5,0
hybrid_w8,661,32,16,0.0625,3,0
hybrid_w8,662,32,16,0.0625,3,0
hybrid_w8,663,32,16,0.0625,8,0
hybrid_w8,664,32,16,0.0625,9,0
hybrid_w8,665,32,16,0.0625,9,0
hybrid_w8,666,32,16,0.0625,7,0
hybrid_w8,667,32,16,0.0625,7,0
hybrid_w8,668,32,16,0.0625,8,0
hybrid_w8,669,32,16,0.0625,7,0
hybrid_w8,670,32,16,0.0625,5,0
hybrid_w8,671,32,16,0.0625,8,0
hybrid_w8,672,32,16,0.0625,7,0
hybrid_w8,673,32,16,0.0625,4,0
hybrid_w8,674,32,16,0.0625,5,0
hybrid_w8,675,32,16,0.0625,4,0
hybrid_w8,676,32,16,0.0625,6,0
hybrid_w8,677,32,16,0.0625,6,0
hybrid_w8,678,32,16,0.0625,7,0
hybrid_w8,679,32,16,0.0625,8,0
hybrid_w8,680,32,16,0.0625,9,0
hybrid_w8,681,32,16,0.0625,7,0
hybrid_w8,682,32,16,0.0625,7,0
hybrid_w8,683,32,16,0.0625,8,0
hybrid_w8,684,32,16,0.0625,10,0
hybrid_w8,685,32,16,0.0625,7,0
hybrid_w8,686,32,16,0.0625,8,0
hybrid_w8,687,32,16,0.0625,7,0
hybrid_w8,688,32,16,0.0625,4,0
hybrid_w8,689,32,16,0.0625,4,0
hybrid_w8,690,32,16,0.0625,6,0
hybrid_w8,691,32,16,0.0625,3,0
hybrid_w8,692,32,16,0.0625,4,0
hybrid_w8,693,32,16,0.0625,6,0
hybrid_w8,694,32,16,0.0625,8,0
hybrid_w8,695,32,16,0.0625,3,0
hybrid_w8,696,32,16,0.0625,3,0
hybrid_w8,697,32,16,0.0625,9,0
hybrid_w8,698,32,16,0.0625,9,0
hybrid_w8,699,32,16,0.0625,8,0
hybrid_w8,700,32,16,0.0625,9,0
hybrid_w8,701,32,16,0.0625,7,0
hybrid_w8,702,32,16,0.0625,8,0
hybrid_w8,703,32,16,0.0625,7,0
hybrid_w8,704,32,16,0.0625,5,0
hybrid_w8,705,32,16,0.0625,4,0
hybrid_w8,706,32,16,0.0625,5,0
hybrid_w8,707,32,16,0.0625,3,0
hybrid_w8,708,32,16,0.0625,5,0
hybrid_w8,709,32,16,0.0625,6,0
hybrid_w8,710,32,16,0.0625,7,0
hybrid_w8,711,32,16,0.0625,9,0
hybrid_w8,712,32,16,0.0625,7,0
hybrid_w8,713,32,16,0.0625,5,0
hybrid_w8,714,32,16,0.0625,9,0
hybrid_w8,715,32,16,0.0625,11,0
hybrid_w8,716,32,16,0.0625,7,0
hybrid_w8,717,32,16,0.0625,7,0
hybrid_w8,718,32,16,0.0625,8,0
hybrid_w8,719,32,16,0.0625,7,0
hybrid_w8,720,32,16,0.0625,4,0
hybrid_w8,721,32,16,0.0625,7,0
hybrid_w8,722,32,16,0.0625,6,0
hybrid_w8,723,32,16,0.0625,5,0
hybrid_w8,724,32,16,0.0625,4,0
hybrid_w8,725,32,16,0.0625,7,0
hybrid_w8,726,32,16,0.0625,6,0
hybrid_w8,727,32,16,0.0625,7,0
hybrid_w8,728,32,16,0.0625,8,0
hybrid_w8,729,32,16,0.0625,6,0
hybrid_w8,730,32,16,0.0625,7,0
hybrid_w8,731,32,16,0.0625,8,0
hybrid_w8,732,32,16,0.0625,7,0
hybrid_w8,733,32,16,0.0625,8,0
hybrid_w8,734,32,16,0.0625,7,0
hybrid_w8,735,32,16,0.0625,4,0
hybrid_w8,736,32,16,0.0625,7,0
hybrid_w8,737,32,16,0.0625,5,0
hybrid_w8,738,32,16,0.0625,4,0
hybrid_w8,739,32,16,0.0625,4,0
hybrid_w8,740,32,16,0.0625,5,0
hybrid_w8,741,32,16,0.0625,7,0
hybrid_w8,742,32,16,0.0625,8,0
hybrid_w8,743,32,16,0.0625,5,0
hybrid_w8,744,32,16,0.0625,7,0
hybrid_w8,745,32,16,0.0625,8,0
hybrid_w8,746,32,16,0.0625,7,0
hybrid_w8,747,32,16,0.0625,12,0
hybrid_w8,748,32,16,0.0625,6,0
hybrid_w8,749,32,16,0.0625,8,0
hybrid_w8,750,32,16,0.0625,8,0
hybrid_w8,751,32,16,0.0625,5,0
hybrid_w8,752,32,16,0.0625,6,0
hybrid_w8,753,32,16,0.0625,6,0
hybrid_w8,754,32,16,0.0625,6,0
hybrid_w8,755,32,16,0.0625,6,0
hybrid_w8,756,32,16,0.0625,8,0
hybrid_w8,757,32,16,0.0625,5,0
hybrid_w8,758,32,16,0.0625,10,0
hybrid_w8,759,32,16,0.0625,9,0
hybrid_w8,760,32,16,0.0625,6,0
hybrid_w8,761,32,16,0.0625,7,0
hybrid_w8,762,32,16,0.0625,8,0
hybrid_w8,763,32,16,0.0625,8,0
hybrid_w8,764,32,16,0.0625,9,0
hybrid_w8,765,32,16,0.0625,7,0
hybrid_w8,766,32,16,0.0625,5,0
hybrid_w8,767,32,16,0.0625,6,0
hybrid_w8,768,32,16,0.0625,7,0
hybrid_w8,769,32,16,0.0625,5,0
hybrid_w8,770,32,16,0.0625,5,0
hybrid_w8,771,32,16,0.0625,6,0
hybrid_w8,772,32,16,0.0625,7,0
hybrid_w8,773,32,16,0.0625,4,0
hybrid_w8,774,32,16,0.0625,5,0
hybrid_w8,775,32,16,0.0625,6,0
hybrid_w8,776,32,16,0.0625,8,0
hybrid_w8,777,32,16,0.0625,7,0
hybrid_w8,778,32,16,0.0625,10,0
hybrid_w8,779,32,16,0.0625,6,0
hybrid_w8,780,32,16,0.0625,8,0
hybrid_w8,781,32,16,0.0625,7,0
hybrid_w8,782,32,16,0.0625,4,0
hybrid_w8,783,32,16,0.0625,7,0
hybrid_w8,784,32,16,0.0625,5,0
hybrid_w8,785,32,16,0.0625,3,0
hybrid_w8,786,32,16,0.0625,3,0
hybrid_w8,787,32,16,0.0625,4,0
hybrid_w8,788,32,16,0.0625,7,0
hybrid_w8,789,32,16,0.0625,9,0
hybrid_w8,790,32,16,0.0625,5,0
hybrid_w8,791,32,16,0.0625,7,0
hybrid_w8,792,32,16,0.0625,8,0
hybrid_w8,793,32,16,0.0625,11,0
hybrid_w8,794,32,16,0.0625,8,0
hybrid_w8,795,32,16,0.0625,6,0
hybrid_w8,796,32,16,0.0625,8,0
hybrid_w8,797,32,16,0.0625,6,0
hybrid_w8,798,32,16,0.0625,5,0
hybrid_w8,799,32,16,0.0625,6,0
hybrid_w8,800,32,16,0.0625,6,0
hybrid_w8,801,32,16,0.0625,5,0
hybrid_w8,802,32,16,0.0625,5,0
hybrid_w8,803,32,16,0.0625,4,0
hybrid_w8,804,32,16,0.0625,6,0
hybrid_w8,805,32,16,0.0625,7,0
hybrid_w8,806,32,16,0.0625,7,0
hybrid_w8,807,32,16,0.0625,8,0
hybrid_w8,808,32,16,0.0625,9,0
hybrid_w8,809,32,16,0.0625,9,0
hybrid_w8,810,32,16,0.0625,8,0
hybrid_w8,811,32,16,0.0625,6,0
hybrid_w8,812,32,16,0.0625,7,0
hybrid_w8,813,32,16,0.0625,4,0
hybrid_w8,814,32,16,0.0625,4,0
hybrid_w8,815,32,16,0.0625,5,0
hybrid_w8,816,32,16,0.0625,5,0
hybrid_w8,817,32,16,0.0625,5,0
hybrid_w8,818,32,16,0.0625,8,0
hybrid_w8,819,32,16,0.0625,9,0
hybrid_w8,820,32,16,0.0625,3,0
hybrid_w8,821,32,16,0.0625,3,0
hybrid_w8,822,32,16,0.0625,9,0
hybrid_w8,823,32,16,0.0625,9,0
hybrid_w8,824,32,16,0.0625,10,0
hybrid_w8,825,32,16,0.0625,8,0
hybrid_w8,826,32,16,0.0625,7,0
hybrid_w8,827,32,16,0.0625,9,0
hybrid_w8,828,32,16,0.0625,7,0
hybrid_w8,829,32,16,0.0625,3,0
hybrid_w8,830,32,16,0.0625,4,0
hybrid_w8,831,32,16,0.0625,6,0
hybrid_w8,832,32,16,0.0625,3,0
hybrid_w8,833,32,16,0.0625,6,0
hybrid_w8,834,32,16,0.0625,3,0
hybrid_w8,835,32,16,0.0625,9,0
hybrid_w8,836,32,16,0.0625,10,0
hybrid_w8,837,32,16,0.0625,5,0
hybrid_w8,838,32,16,0.0625,7,0
hybrid_w8,839,32,16,0.0625,10,0
hybrid_w8,840,32,16,0.0625,11,0
hybrid_w8,841,32,16,0.0625,9,0
hybrid_w8,842,32,16,0.0625,8,0
hybrid_w8,843,32,16,0.0625,5,0
hybrid_w8,844,32,16,0.0625,5,0
hybrid_w8,845,32,16,0.0625,4,0
hybrid_w8,846,32,16,0.0625,7,0
hybrid_w8,847,32,16,0.0625,5,0
hybrid_w8,848,32,16,0.0625,5,0
hybrid_w8,849,32,16,0.0625,6,0
hybrid_w8,850,32,16,0.0625,6,0
hybrid_w8,851,32,16,0.0625,3,0
hybrid_w8,852,32,16,0.0625,8,0
hybrid_w8,853,32,16,0.0625,8,0
hybrid_w8,854,32,16,0.0625,7,0
hybrid_w8,855,32,16,0.0625,7,0
hybrid_w8,856,32,16,0.0625,10,0
hybrid_w8,857,32,16,0.0625,5,0
hybrid_w8,858,32,16,0.0625,9,0
hybrid_w8,859,32,16,0.0625,6,0
hybrid_w8,860,32,16,0.0625,3,0
hybrid_w8,861,32,16,0.0625,5,0
hybrid_w8,862,32,16,0.0625,6,0
hybrid_w8,863,32,16,0.0625,3,0
hybrid_w8,864,32,16,0.0625,3,0
hybrid_w8,865,32,16,0.0625,6,0
hybrid_w8,866,32,16,0.0625,6,0
hybrid_w8,867,32,16,0.0625,7,0
hybrid_w8,868,32,16,0.0625,5,0
hybrid_w8,869,32,16,0.0625,8,0
hybrid_w8,870,32,16,0.0625,9,0
hybrid_w8,871,32,16,0.0625,8,0
hybrid_w8,872,32,16,0.0625,10,0
hybrid_w8,873,32,16,0.0625,5,0
hybrid_w8,874,32,16,0.0625,8,0
hybrid_w8,875,32,16,0.0625,8,0
hybrid_w8,876,32,16,0.0625,5,0
hybrid_w8,877,32,16,0.0625,6,0
hybrid_w8,878,32,16,0.0625,6,0
hybrid_w8,879,32,16,0.0625,6,0
hybrid_w8,880,32,16,0.0625,6,0
hybrid_w8,881,32,16,0.0625,5,0
hybrid_w8,882,32,16,0.0625,7,0
hybrid_w8,883,32,16,0.0625,9,0
hybrid_w8,884,32,16,0.0625,6,0
hybrid_w8,885,32,16,0.0625,7,0
hybrid_w8,886,32,16,0.0625,11,0
hybrid_w8,887,32,16,0.0625,10,0
hybrid_w8,888,32,16,0.0625,6,0
hybrid_w8,889,32,16,0.0625,6,0
hybrid_w8,890,32,16,0.0625,5,0
hybrid_w8,891,32,16,0.0625,5,0
hybrid_w8,892,32,16,0.0625,6,0
hybrid_w8,893,32,16,0.0625,7,0
hybrid_w8,894,32,16,0.0625,5,0
hybrid_w8,895,32,16,0.0625,5,0
hybrid_w8,896,32,16,0.0625,5,0
hybrid_w8,897,32,16,0.0625,9,0
hybrid_w8,898,32,16,0.0625,4,0
hybrid_w8,899,32,16,0.0625,8,0
hybrid_w8,900,32,16,0.0625,6,0
hybrid_w8,901,32,16,0.0625,7,0
hybrid_w8,902,32,16,0.0625,9,0
hybrid_w8,903,32,16,0.0625,9,0
hybrid_w8,904,32,16,0.0625,7,0
hybrid_w8,905,32,16,0.0625,10,0
hybrid_w8,906,32,16,0.0625,7,0
hybrid_w8,907,32,16,0.0625,3,0
hybrid_w8,908,32,16,0.0625,4,0
hybrid_w8,909,32,16,0.0625,6,0
hybrid_w8,910,32,16,0.0625,4,0
hybrid_w8,911,32,16,0.0625,3,0
hybrid_w8,912,32,16,0.0625,4,0
hybrid_w8,913,32,16,0.0625,9,0
hybrid_w8,914,32,16,0.0625,8,0
hybrid_w8,915,32,16,0.0625,4,0
hybrid_w8,916,32,16,0.0625,4,0
hybrid_w8,917,32,16,0.0625,9,0
hybrid_w8,918,32,16,0.0625,10,0
hybrid_w8,919,32,16,0.0625,9,0
hybrid_w8,920,32,16,0.0625,8,0
hybrid_w8,921,32,16,0.0625,8,0
hybrid_w8,922,32,16,0.0625,6,0
hybrid_w8,923,32,16,0.0625,5,0
hybrid_w8,924,32,16,0.0625,5,0
hybrid_w8,925,32,16,0.0625,5,0
hybrid_w8,926,32,16,0.0625,6,0
hybrid_w8,927,32,16,0.0625,6,0
hybrid_w8,928,32,16,0.0625,7,0
hybrid_w8,929,32,16,0.0625,6,0
hybrid_w8,930,32,16,0.0625,8,0
hybrid_w8,931,32,16,0.0625,7,0
hybrid_w8,932,32,16,0.0625,6,0
hybrid_w8,933,32,16,0.0625,9,0
hybrid_w8,934,32,16,0.0625,9,0
hybrid_w8,935,32,16,0.0625,9,0
hybrid_w8,936,32,16,0.0625,7,0
hybrid_w8,937,32,16,0.0625,8,0
hybrid_w8,938,32,16,0.0625,4,0
hybrid_w8,939,32,16,0.0625,4,0
hybrid_w8,940,32,16,0.0625,7,0
hybrid_w8,941,32,16,0.0625,4,0
hybrid_w8,942,32,16,0.0625,4,0
hybrid_w8,943,32,16,0.0625,5,0
hybrid_w8,944,32,16,0.0625,8,0
hybrid_w8,945,32,16,0.0625,3,0
hybrid_w8,946,32,16,0.0625,3,0
hybrid_w8,947,32,16,0.0625,7,0
hybrid_w8,948,32,16,0.0625,8,0
hybrid_w8,949,32,16,0.0625,10,0
hybrid_w8,950,32,16,0.0625,7,0
hybrid_w8,951,32,16,0.0625,5,0
hybrid_w8,952,32,16,0.0625,9,0
hybrid_w8,953,32,16,0.0625,6,0
hybrid_w8,954,32,16,0.0625,6,0
hybrid_w8,955,32,16,0.0625,5,0
hybrid_w8,956,32,16,0.0625,4,0
hybrid_w8,957,32,16,0.0625,4,0
hybrid_w8,958,32,16,0.0625,6,0
hybrid_w8,959,32,16,0.0625,5,0
hybrid_w8,960,32,16,0.0625,7,0
hybrid_w8,961,32,16,0.0625,8,0
hybrid_w8,962,32,16,0.0625,6,0
hybrid_w8,963,32,16,0.0625,5,0
hybrid_w8,964,32,16,0.0625,11,0
hybrid_w8,965,32,16,0.0625,11,0
hybrid_w8,966,32,16,0.0625,8,0
hybrid_w8,967,32,16,0.0625,8,0
hybrid_w8,968,32,16,0.0625,6,0
hybrid_w8,969,32,16,0.0625,7,0
hybrid_w8,970,32,16,0.0625,5,0
hybrid_w8,971,32,16,0.0625,6,0
hybrid_w8,972,32,16,0.0625,5,0
hybrid_w8,973,32,16,0.0625,7,0
hybrid_w8,974,32,16,0.0625,6,0
hybrid_w8,975,32,16,0.0625,5,0
hybrid_w8,976,32,16,0.0625,6,0
hybrid_w8,977,32,16,0.0625,7,0
hybrid_w8,978,32,16,0.0625,7,0
hybrid_w8,979,32,16,0.0625,7,0
hybrid_w8,980,32,16,0.0625,10,0
hybrid_w8,981,32,16,0.0625,9,0
hybrid_w8,982,32,16,0.0625,7,0
hybrid_w8,983,32,16,0.0625,9,0
hybrid_w8,984,32,16,0.0625,5,0
hybrid_w8,985,32,16,0.0625,4,0
hybrid_w8,986,32,16,0.0625,5,0
hybrid_w8,987,32,16,0.0625,5,0
hybrid_w8,988,32,16,0.0625,4,0
hybrid_w8,989,32,16,0.0625,3,0
hybrid_w8,990,32,16,0.0625,7,0
hybrid_w8,991,32,16,0.0625,7,0
hybrid_w8,992,32,16,0.0625,9,0
hybrid_w8,993,32,16,0.0625,4,0
hybrid_w8,994,32,16,0.0625,7,0
hybrid_w8,995,32,16,0.0625,9,0
hybrid_w8,996,32,16,0.0625,9,0
hybrid_w8,997,32,16,0.0625,10,0
hybrid_w8,998,32,16,0.0625,5,0
hybrid_w8,999,32,16,0.0625,9,0
hybrid_w16,0,32,16,0.0625,8,0
hybrid_w16,1,32,16,0.0625,10,0
hybrid_w16,2,32,16,0.0625,12,0
hybrid_w16,3,32,16,0.0625,8,0
hybrid_w16,4,32,16,0.0625,9,0
hybrid_w16,5,32,16,0.0625,10,0
hybrid_w16,6,32,16,0.0625,7,0
hybrid_w16,7,32,16,0.0625,9,0
hybrid_w16,8,32,16,0.0625,10,0
hybrid_w16,9,32,16,0.0625,10,0
hybrid_w16,10,32,16,0.0625,11,0
hybrid_w16,11,32,16,0.0625,7,0
hybrid_w16,12,32,16,0.0625,10,0
hybrid_w16,13,32,16,0.0625,10,0
hybrid_w16,14,32,16,0.0625,10,0
hybrid_w16,15,32,16,0.0625,10,0
hybrid_w16,16,32,16,0.0625,8,0
hybrid_w16,17,32,16,0.0625,10,0
hybrid_w16,18,32,16,0.0625,7,0
hybrid_w16,19,32,16,0.0625,9,0
hybrid_w16,20,32,16,0.0625,8,0
hybrid_w16,21,32,16,0.0625,10,0
hybrid_w16,22,32,16,0.0625,11,0
hybrid_w16,23,32,16,0.0625,9,0
hybrid_w16,24,32,16,0.0625,7,0
hybrid_w16,25,32,16,0.0625,8,0
hybrid_w16,26,32,16,0.0625,9,0
hybrid_w16,27,32,16,0.0625,9,0
hybrid_w16,28,32,16,0.0625,10,0
hybrid_w16,29,32,16,0.0625,11,0
hybrid_w16,30,32,16,0.0625,10,0
hybrid_w16,31,32,16,0.0625,13,0
hybrid_w16,32,32,16,0.0625,9,0
hybrid_w16,33,32,16,0.0625,9,0
hybrid_w16,34,32,16,0.0625,10,0
hybrid_w16,35,32,16,0.0625,7,0
hybrid_w16,36,32,16,0.0625,10,0
hybrid_w16,37,32,16,0.0625,10,0
hybrid_w16,38,32,16,0.0625,10,0
hybrid_w16,39,32,16,0.0625,10,0
hybrid_w16,40,32,16,0.0625,9,0
hybrid_w16,41,32,16,0.0625,11,0
hybrid_w16,42,32,16,0.0625,8,0
hybrid_w16,43,32,16,0.0625,7,0
hybrid_w16,44,32,16,0.0625,12,0
hybrid_w16,45,32,16,0.0625,10,0
hybrid_w16,46,32,16,0.0625,9,0
hybrid_w16,47,32,16,0.0625,7,0
hybrid_w16,48,32,16,0.0625,8,0
hybrid_w16,49,32,16,0.0625,8,0
hybrid_w16,50,32,16,0.0625,10,0
hybrid_w16,51,32,16,0.0625,8,0
hybrid_w16,52,32,16,0.0625,10,0
hybrid_w16,53,32,16,0.0625,10,0
hybrid_w16,54,32,16,0.0625,10,0
hybrid_w16,55,32,16,0.0625,12,0
hybrid_w16,56,32,16,0.0625,9,0
hybrid_w16,57,32,16,0.0625,7,0
hybrid_w16,58,32,16,0.0625,10,0
hybrid_w16,59,32,16,0.0625,9,0
hybrid_w16,60,32,16,0.0625,9,0
hybrid_w16,61,32,16,0.0625,9,0
hybrid_w16,62,32,16,0.0625,10,0
hybrid_w16,63,32,16,0.0625,8,0
hybrid_w16,64,32,16,0.0625,8,0
hybrid_w16,65,32,16,0.0625,8,0
hybrid_w16,66,32,16,0.0625,7,0
hybrid_w16,67,32,16,0.0625,9,0
hybrid_w16,68,32,16,0.0625,9,0
hybrid_w16,69,32,16,0.0625,11,0
hybrid_w16,70,32,16,0.0625,10,0
hybrid_w16,71,32,16,0.0625,6,0
hybrid_w16,72,32,16,0.0625,10,0
hybrid_w16,73,32,16,0.0625,7,0
hybrid_w16,74,32,16,0.0625,7,0
hybrid_w16,75,32,16,0.0625,10,0
hybrid_w16,76,32,16,0.0625,10,0
hybrid_w16,77,32,16,0.0625,9,0
hybrid_w16,78,32,16,0.0625,8,0
hybrid_w16,79,32,16,0.0625,9,0
hybrid_w16,80,32,16,0.0625,9,0
hybrid_w16,81,32,16,0.0625,7,0
hybrid_w16,82,32,16,0.0625,9,0
hybrid_w16,83,32,16,0.0625,10,0
hybrid_w16,84,32,16,0.0625,9,0
hybrid_w16,85,32,16,0.0625,10,0
hybrid_w16,86,32,16,0.0625,10,0
hybrid_w16,87,32,16,0.0625,8,0
hybrid_w16,88,32,16,0.0625,9,0
hybrid_w16,89,32,16,0.0625,10,0
hybrid_w16,90,32,16,0.0625,10,0
hybrid_w16,91,32,16,0.0625,13,0
hybrid_w16,92,32,16,0.0625,11,0
hybrid_w16,93,32,16,0.0625,10,0
hybrid_w16,94,32,16,0.0625,10,0
hybrid_w16,95,32,16,0.0625,8,0
hybrid_w16,96,32,16,0.0625,10,0
hybrid_w16,97,32,16,0.0625,8,0
hybrid_w16,98,32,16,0.0625,9,0
hybrid_w16,99,32,16,0.0625,10,0
hybrid_w16,100,32,16,0.0625,9,0
hybrid_w16,101,32,16,0.0625,11,0
hybrid_w16,102,32,16,0.0625,7,0
hybrid_w16,103,32,16,0.0625,8,0
hybrid_w16,104,32,16,0.0625,8,0
hybrid_w16,105,32,16,0.0625,9,0
hybrid_w16,106,32,16,0.0625,9,0
hybrid_w16,107,32,16,0.0625,10,0
hybrid_w16,108,32,16,0.0625,9,0
hybrid_w16,109,32,16,0.0625,9,0
hybrid_w16,110,32,16,0.0625,9,0
hybrid_w16,111,32,16,0.0625,8,0
hybrid_w16,112,32,16,0.0625,6,0
hybrid_w16,113,32,16,0.0625,8,0
hybrid_w16,114,32,16,0.0625,10,0
hybrid_w16,115,32,16,0.0625,10,0
hybrid_w16,116,32,16,0.0625,10,0
hybrid_w16,117,32,16,0.0625,8,0
hybrid_w16,118,32,16,0.0625,8,0
hybrid_w16,119,32,16,0.0625,6,0
hybrid_w16,120,32,16,0.0625,8,0
hybrid_w16,121,32,16,0.0625,6,0
hybrid_w16,122,32,16,0.0625,10,0
hybrid_w16,123,32,16,0.0625,9,0
hybrid_w16,124,32,16,0.0625,11,0
hybrid_w16,125,32,16,0.0625,8,0
hybrid_w16,126,32,16,0.0625,10,0
hybrid_w16,127,32,16,0.0625,8,0
hybrid_w16,128,32,16,0.0625,8,0
hybrid_w16,129,32,16,0.0625,10,0
hybrid_w16,130,32,16,0.0625,10,0
hybrid_w16,131,32,16,0.0625,10,0
hybrid_w16,132,32,16,0.0625,11,0
hybrid_w16,133,32,16,0.0625,7,0
hybrid_w16,134,32,16,0.0625,8,0
hybrid_w16,135,32,16,0.0625,10,0
hybrid_w16,136,32,16,0.0625,11,0
hybrid_w16,137,32,16,0.0625,10,0
hybrid_w16,138,32,16,0.0625,12,0
hybrid_w16,139,32,16,0.0625,9,0
hybrid_w16,140,32,16,0.0625,10,0
hybrid_w16,141,32,16,0.0625,11,0
hybrid_w16,142,32,16,0.0625,7,0
hybrid_w16,143,32,16,0.0625,5,0
hybrid_w16,144,32,16,0.0625,9,0
hybrid_w16,145,32,16,0.0625,9,0
hybrid_w16,146,32,16,0.0625,9,0
hybrid_w16,147,32,16,0.0625,10,0
hybrid_w16,148,32,16,0.0625,9,0
hybrid_w16,149,32,16,0.0625,11,0
hybrid_w16,150,32,16,0.0625,6,0
hybrid_w16,151,32,16,0.0625,10,0
hybrid_w16,152,32,16,0.0625,8,0
hybrid_w16,153,32,16,0.0625,11,0
hybrid_w16,154,32,16,0.0625,12,0
hybrid_w16,155,32,16,0.0625,12,0
hybrid_w16,156,32,16,0.0625,10,0
hybrid_w16,157,32,16,0.0625,9,0
hybrid_w16,158,32,16,0.0625,9,0
hybrid_w16,159,32,16,0.0625,8,0
hybrid_w16,160,32,16,0.0625,7,0
hybrid_w16,161,32,16,0.0625,10,0
hybrid_w16,162,32,16,0.0625,10,0
hybrid_w16,163,32,16,0.0625,11,0
hybrid_w16,164,32,16,0.0625,8,0
hybrid_w16,165,32,16,0.0625,8,0
hybrid_w16,166,32,16,0.0625,8,0
hybrid_w16,167,32,16,0.0625,8,0
hybrid_w16,168,32,16,0.0625,7,0
hybrid_w16,169,32,16,0.0625,11,0
hybrid_w16,170,32,16,0.0625,7,0
hybrid_w16,171,32,16,0.0625,8,0
hybrid_w16,172,32,16,0.0625,5,0
hybrid_w16,173,32,16,0.0625,9,0
hybrid_w16,174,32,16,0.0625,8,0
hybrid_w16,175,32,16,0.0625,9,0
hybrid_w16,176,32,16,0.0625,7,0
hybrid_w16,177,32,16,0.0625,10,0
hybrid_w16,178,32,16,0.0625,11,0
hybrid_w16,179,32,16,0.0625,9,0
hybrid_w16,180,32,16,0.0625,9,0
hybrid_w16,181,32,16,0.0625,8,0
hybrid_w16,182,32,16,0.0625,9,0
hybrid_w16,183,32,16,0.0625,8,0
hybrid_w16,184,32,16,0.0625,10,0
hybrid_w16,185,32,16,0.0625,8,0
hybrid_w16,186,32,16,0.0625,11,0
hybrid_w16,187,32,16,0.0625,9,0
hybrid_w16,188,32,16,0.0625,9,0
hybrid_w16,189,32,16,0.0625,7,0
hybrid_w16,190,32,16,0.0625,7,0
hybrid_w16,191,32,16,0.0625,8,0
hybrid_w16,192,32,16,0.0625,12,0
hybrid_w16,193,32,16,0.0625,12,0
hybrid_w16,194,32,16,0.0625,9,0
hybrid_w16,195,32,16,0.0625,9,0
hybrid_w16,196,32,16,0.0625,8,0
hybrid_w16,197,32,16,0.0625,7,0
hybrid_w16,198,32,16,0.0625,7,0
hybrid_w16,199,32,16,0.0625,8,0
hybrid_w16,200,32,16,0.0625,11,0
hybrid_w16,201,32,16,0.0625,11,0
hybrid_w16,202,32,16,0.0625,12,0
hybrid_w16,203,32,16,0.0625,9,0
hybrid_w16,204,32,16,0.0625,6,0
hybrid_w16,205,32,16,0.0625,8,0
hybrid_w16,206,32,16,0.0625,6,0
hybrid_w16,207,32,16,0.0625,8,0
hybrid_w16,208,32,16,0.0625,10,0
hybrid_w16,209,32,16,0.0625,10,0
hybrid_w16,210,32,16,0.0625,10,0
hybrid_w16,211,32,16,0.0625,7,0
hybrid_w16,212,32,16,0.0625,8,0
hybrid_w16,213,32,16,0.0625,9,0
hybrid_w16,214,32,16,0.0625,10,0
hybrid_w16,215,32,16,0.0625,8,0
hybrid_w16,216,32,16,0.0625,11,0
hybrid_w16,217,32,16,0.0625,11,0
hybrid_w16,218,32,16,0.0625,8,0
hybrid_w16,219,32,16,0.0625,9,0
hybrid_w16,220,32,16,0.0625,9,0
hybrid_w16,221,32,16,0.0625,7,0
hybrid_w16,222,32,16,0.0625,10,0
hybrid_w16,223,32,16,0.0625,11,0
hybrid_w16,224,32,16,0.0625,11,0
hybrid_w16,225,32,16,0.0625,9,0
hybrid_w16,226,32,16,0.0625,10,0
hybrid_w16,227,32,16,0.0625,10,0
hybrid_w16,228,32,16,0.0625,7,0
hybrid_w16,229,32,16,0.0625,7,0
hybrid_w16,230,32,16,0.0625,10,0
hybrid_w16,231,32,16,0.0625,10,0
hybrid_w16,232,32,16,0.0625,10,0
hybrid_w16,233,32,16,0.0625,8,0
hybrid_w16,234,32,16,0.0625,10,0
hybrid_w16,235,32,16,0.0625,8,0
hybrid_w16,236,32,16,0.0625,7,0
hybrid_w16,237,32,16,0.0625,7,0
hybrid_w16,238,32,16,0.0625,9,0
hybrid_w16,239,32,16,0.0625,13,0
hybrid_w16,240,32,16,0.0625,11,0
hybrid_w16,241,32,16,0.0625,11,0
hybrid_w16,242,32,16,0.0625,6,0
hybrid_w16,243,32,16,0.0625,6,0
hybrid_w16,244,32,16,0.0625,9,0
hybrid_w16,245,32,16,0.0625,10,0
hybrid_w16,246,32,16,0.0625,7,0
hybrid_w16,247,32,16,0.0625,11,0
hybrid_w16,248,32,16,0.0625,9,0
hybrid_w16,249,32,16,0.0625,10,0
hybrid_w16,250,32,16,0.0625,7,0
hybrid_w16,251,32,16,0.0625,9,0
hybrid_w16,252,32,16,0.0625,7,0
hybrid_w16,253,32,16,0.0625,7,0
hybrid_w16,254,32,16,0.0625,11,0
hybrid_w16,255,32,16,0.0625,9,0
hybrid_w16,256,32,16,0.0625,11,0
hybrid_w16,257,32,16,0.0625,10,0
hybrid_w16,258,32,16,0.0625,7,0
hybrid_w16,259,32,16,0.0625,9,0
hybrid_w16,260,32,16,0.0625,12,0
hybrid_w16,261,32,16,0.0625,10,0
hybrid_w16,262,32,16,0.0625,10,0
hybrid_w16,263,32,16,0.0625,12,0
hybrid_w16,264,32,16,0.0625,11,0
hybrid_w16,265,32,16,0.0625,11,0
hybrid_w16,266,32,16,0.0625,7,0
hybrid_w16,267,32,16,0.0625,6,0
hybrid_w16,268,32,16,0.0625,7,0
hybrid_w16,269,32,16,0.0625,10,0
hybrid_w16,270,32,16,0.0625,8,0
hybrid_w16,271,32,16,0.0625,9,0
hybrid_w16,272,32,16,0.0625,12,0
hybrid_w16,273,32,16,0.0625,9,0
hybrid_w16,274,32,16,0.0625,7,0
hybrid_w16,275,32,16,0.0625,10,0
hybrid_w16,276,32,16,0.0625,6,0
hybrid_w16,277,32,16,0.0625,7,0
hybrid_w16,278,32,16,0.0625,11,0
hybrid_w16,279,32,16,0.0625,10,0
hybrid_w16,280,32,16,0.0625,11,0
hybrid_w16,281,32,16,0.0625,9,0
hybrid_w16,282,32,16,0.0625,9,0
hybrid_w16,283,32,16,0.0625,9,0
hybrid_w16,284,32,16,0.0625,7,0
hybrid_w16,285,32,16,0.0625,8,0
hybrid_w16,286,32,16,0.0625,8,0
hybrid_w16,287,32,16,0.0625,8,0
hybrid_w16,288,32,16,0.0625,11,0
hybrid_w16,289,32,16,0.0625,6,0
hybrid_w16,290,32,16,0.0625,8,0
hybrid_w16,291,32,16,0.0625,7,0
hybrid_w16,292,32,16,0.0625,11,0
hybrid_w16,293,32,16,0.0625,10,0
hybrid_w16,294,32,16,0.0625,8,0
hybrid_w16,295,32,16,0.0625,12,0
hybrid_w16,296,32,16,0.0625,10,0
hybrid_w16,297,32,16,0.0625,5,0
hybrid_w16,298,32,16,0.0625,9,0
hybrid_w16,299,32,16,0.0625,9,0
hybrid_w16,300,32,16,0.0625,9,0
hybrid_w16,301,32,16,0.0625,9,0
hybrid_w16,302,32,16,0.0625,9,0
hybrid_w16,303,32,16,0.0625,10,0
hybrid_w16,304,32,16,0.0625,10,0
hybrid_w16,305,32,16,0.0625,8,0
hybrid_w16,306,32,16,0.0625,7,0
hybrid_w16,307,32,16,0.0625,6,0
hybrid_w16,308,32,16,0.0625,8,0
hybrid_w16,309,32,16,0.0625,8,0
hybrid_w16,310,32,16,0.0625,8,0
hybrid_w16,311,32,16,0.0625,8,0
hybrid_w16,312,32,16,0.0625,6,0
hybrid_w16,313,32,16,0.0625,8,0
hybrid_w16,314,32,16,0.0625,8,0
hybrid_w16,315,32,16,0.0625,7,0
hybrid_w16,316,32,16,0.0625,9,0
hybrid_w16,317,32,16,0.0625,10,0
hybrid_w16,318,32,16,0.0625,9,0
hybrid_w16,319,32,16,0.0625,11,0
hybrid_w16,320,32,16,0.0625,8,0
hybrid_w16,321,32,16,0.0625,9,0
hybrid_w16,322,32,16,0.0625,9,0
hybrid_w16,323,32,16,0.0625,6,0
hybrid_w16,324,32,16,0.0625,8,0
hybrid_w16,325,32,16,0.0625,8,0
hybrid_w16,326,32,16,0.0625,11,0
hybrid_w16,327,32,16,0.0625,10,0
hybrid_w16,328,32,16,0.0625,8,0
hybrid_w16,329,32,16,0.0625,8,0
hybrid_w16,330,32,16,0.0625,8,0
hybrid_w16,331,32,16,0.0625,8,0
hybrid_w16,332,32,16,0.0625,9,0
hybrid_w16,333,32,16,0.0625,11,0
hybrid_w16,334,32,16,0.0625,12,0
hybrid_w16,335,32,16,0.0625,8,0
hybrid_w16,336,32,16,0.0625,6,0
hybrid_w16,337,32,16,0.0625,10,0
hybrid_w16,338,32,16,0.0625,6,0
hybrid_w16,339,32,16,0.0625,8,0
hybrid_w16,340,32,16,0.0625,10,0
hybrid_w16,341,32,16,0.0625,11,0
hybrid_w16,342,32,16,0.0625,8,0
hybrid_w16,343,32,16,0.0625,10,0
hybrid_w16,344,32,16,0.0625,9,0
hybrid_w16,345,32,16,0.0625,9,0
hybrid_w16,346,32,16,0.0625,8,0
hybrid_w16,347,32,16,0.0625,8,0
hybrid_w16,348,32,16,0.0625,8,0
hybrid_w16,349,32,16,0.0625,13,0
hybrid_w16,350,32,16,0.0625,9,0
hybrid_w16,351,32,16,0.0625,11,0
hybrid_w16,352,32,16,0.0625,9,0
hybrid_w16,353,32,16,0.0625,7,0
hybrid_w16,354,32,16,0.0625,9,0
hybrid_w16,355,32,16,0.0625,9,0
hybrid_w16,356,32,16,0.0625,12,0
hybrid_w16,357,32,16,0.0625,12,0
hybrid_w16,358,32,16,0.0625,9,0
hybrid_w16,359,32,16,0.0625,9,0
hybrid_w16,360,32,16,0.0625,8,0
hybrid_w16,361,32,16,0.0625,8,0
hybrid_w16,362,32,16,0.0625,7,0
hybrid_w16,363,32,16,0.0625,8,0
hybrid_w16,364,32,16,0.0625,9,0
hybrid_w16,365,32,16,0.0625,9,0
hybrid_w16,366,32,16,0.0625,10,0
hybrid_w16,367,32,16,0.0625,6,0
hybrid_w16,368,32,16,0.0625,10,0
hybrid_w16,369,32,16,0.0625,5,0
hybrid_w16,370,32,16,0.0625,10,0
hybrid_w16,371,32,16,0.0625,8,0
hybrid_w16,372,32,16,0.0625,10,0
hybrid_w16,373,32,16,0.0625,12,0
hybrid_w16,374,32,16,0.0625,9,0
hybrid_w16,375,32,16,0.0625,6,0
hybrid_w16,376,32,16,0.0625,9,0
hybrid_w16,377,32,16,0.0625,7,0
hybrid_w16,378,32,16,0.0625,9,0
hybrid_w16,379,32,16,0.0625,9,0
hybrid_w16,380,32,16,0.0625,13,0
hybrid_w16,381,32,16,0.0625,8,0
hybrid_w16,382,32,16,0.0625,8,0
hybrid_w16,383,32,16,0.0625,8,0
hybrid_w16,384,32,16,0.0625,9,0
hybrid_w16,385,32,16,0.0625,9,0
hybrid_w16,386,32,16,0.0625,10,0
hybrid_w16,387,32,16,0.0625,11,0
hybrid_w16,388,32,16,0.0625,12,0
hybrid_w16,389,32,16,0.0625,11,0
hybrid_w16,390,32,16,0.0625,8,0
hybrid_w16,391,32,16,0.0625,9,0
hybrid_w16,392,32,16,0.0625,5,0
hybrid_w16,393,32,16,0.0625,6,0
hybrid_w16,394,32,16,0.0625,9,0
hybrid_w16,395,32,16,0.0625,11,0
hybrid_w16,396,32,16,0.0625,9,0
hybrid_w16,397,32,16,0.0625,10,0
hybrid_w16,398,32,16,0.0625,8,0
hybrid_w16,399,32,16,0.0625,9,0
hybrid_w16,400,32,16,0.0625,9,0
hybrid_w16,401,32,16,0.0625,8,0
hybrid_w16,402,32,16,0.0625,10,0
hybrid_w16,403,32,16,0.0625,9,0
hybrid_w16,404,32,16,0.0625,10,0
hybrid_w16,405,32,16,0.0625,10,0
hybrid_w16,406,32,16,0.0625,8,0
hybrid_w16,407,32,16,0.0625,6,0
hybrid_w16,408,32,16,0.0625,7,0
hybrid_w16,409,32,16,0.0625,7,0
hybrid_w16,410,32,16,0.0625,11,0
hybrid_w16,411,32,16,0.0625,11,0
hybrid_w16,412,32,16,0.0625,7,0
hybrid_w16,413,32,16,0.0625,11,0
hybrid_w16,414,32,16,0.0625,5,0
hybrid_w16,415,32,16,0.0625,10,0
hybrid_w16,416,32,16,0.0625,6,0
hybrid_w16,417,32,16,0.0625,6,0
hybrid_w16,418,32,16,0.0625,8,0
hybrid_w16,419,32,16,0.0625,9,0
hybrid_w16,420,32,16,0.0625,9,0
hybrid_w16,421,32,16,0.0625,8,0
hybrid_w16,422,32,16,0.0625,8,0
hybrid_w16,423,32,16,0.0625,10,0
hybrid_w16,424,32,16,0.0625,7,0
hybrid_w16,425,32,16,0.0625,9,0
hybrid_w16,426,32,16,0.0625,10,0
hybrid_w16,427,32,16,0.0625,12,0
hybrid_w16,428,32,16,0.0625,13,0
hybrid_w16,429,32,16,0.0625,7,0
hybrid_w16,430,32,16,0.0625,10,0
hybrid_w16,431,32,16,0.0625,7,0
hybrid_w16,432,32,16,0.0625,7,0
hybrid_w16,433,32,16,0.0625,9,0
hybrid_w16,434,32,16,0.0625,10,0
hybrid_w16,435,32,16,0.0625,9,0
hybrid_w16,436,32,16,0.0625,10,0
hybrid_w16,437,32,16,0.0625,11,0
hybrid_w16,438,32,16,0.0625,6,0
hybrid_w16,439,32,16,0.0625,10,0
hybrid_w16,440,32,16,0.0625,7,0
hybrid_w16,441,32,16,0.0625,12,0
hybrid_w16,442,32,16,0.0625,11,0
hybrid_w16,443,32,16,0.0625,10,0
hybrid_w16,444,32,16,0.0625,13,0
hybrid_w16,445,32,16,0.0625,9,0
hybrid_w16,446,32,16,0.0625,9,0
hybrid_w16,447,32,16,0.0625,5,0
hybrid_w16,448,32,16,0.0625,7,0
hybrid_w16,449,32,16,0.0625,8,0
hybrid_w16,450,32,16,0.0625,10,0
hybrid_w16,451,32,16,0.0625,10,0
hybrid_w16,452,32,16,0.0625,10,0
hybrid_w16,453,32,16,0.0625,10,0
hybrid_w16,454,32,16,0.0625,7,0
hybrid_w16,455,32,16,0.0625,6,0
hybrid_w16,456,32,16,0.0625,9,0
hybrid_w16,457,32,16,0.0625,7,0
hybrid_w16,458,32,16,0.0625,9,0
hybrid_w16,459,32,16,0.0625,12,0
hybrid_w16,460,32,16,0.0625,12,0
hybrid_w16,461,32,16,0.0625,6,0
hybrid_w16,462,32,16,0.0625,9,0
hybrid_w16,463,32,16,0.0625,7,0
hybrid_w16,464,32,16,0.0625,9,0
hybrid_w16,465,32,16,0.0625,11,0
hybrid_w16,466,32,16,0.0625,11,0
hybrid_w16,467,32,16,0.0625,10,0
hybrid_w16,468,32,16,0.0625,11,0
hybrid_w16,469,32,16,0.0625,8,0
hybrid_w16,470,32,16,0.0625,8,0
hybrid_w16,471,32,16,0.0625,7,0
hybrid_w16,472,32,16,0.0625,7,0
hybrid_w16,473,32,16,0.0625,11,0
hybrid_w16,474,32,16,0.0625,11,0
hybrid_w16,475,32,16,0.0625,8,0
hybrid_w16,476,32,16,0.0625,9,0
hybrid_w16,477,32,16,0.0625,9,0
hybrid_w16,478,32,16,0.0625,8,0
hybrid_w16,479,32,16,0.0625,6,0
hybrid_w16,480,32,16,0.0625,10,0
hybrid_w16,481,32,16,0.0625,11,0
hybrid_w16,482,32,16,0.0625,8,0
hybrid_w16,483,32,16,0.0625,10,0
hybrid_w16,484,32,16,0.0625,9,0
hybrid_w16,485,32,16,0.0625,11,0
hybrid_w16,486,32,16,0.0625,10,0
hybrid_w16,487,32,16,0.0625,8,0
hybrid_w16,488,32,16,0.0625,8,0
hybrid_w16,489,32,16,0.0625,10,0
hybrid_w16,490,32,16,0.0625,10,0
hybrid_w16,491,32,16,0.0625,13,0
hybrid_w16,492,32,16,0.0625,8,0
hybrid_w16,493,32,16,0.0625,8,0
hybrid_w16,494,32,16,0.0625,8,0
hybrid_w16,495,32,16,0.0625,8,0
hybrid_w16,496,32,16,0.0625,8,0
hybrid_w16,497,32,16,0.0625,11,0
hybrid_w16,498,32,16,0.0625,12,0
hybrid_w16,499,32,16,0.0625,10,0
hybrid_w16,500,32,16,0.0625,6,0
hybrid_w16,501,32,16,0.0625,8,0
hybrid_w16,502,32,16,0.0625,6,0
hybrid_w16,503,32,16,0.0625,8,0
hybrid_w16,504,32,16,0.0625,10,0
hybrid_w16,505,32,16,0.0625,11,0
hybrid_w16,506,32,16,0.0625,8,0
hybrid_w16,507,32,16,0.0625,8,0
hybrid_w16,508,32,16,0.0625,5,0
hybrid_w16,509,32,16,0.0625,9,0
hybrid_w16,510,32,16,0.0625,7,0
hybrid_w16,511,32,16,0.0625,9,0
hybrid_w16,512,32,16,0.0625,10,0
hybrid_w16,513,32,16,0.0625,9,0
hybrid_w16,514,32,16,0.0625,10,0
hybrid_w16,515,32,16,0.0625,9,0
hybrid_w16,516,32,16,0.0625,10,0
hybrid_w16,517,32,16,0.0625,6,0
hybrid_w16,518,32,16,0.0625,8,0
hybrid_w16,519,32,16,0.0625,9,0
hybrid_w16,520,32,16,0.0625,12,0
hybrid_w16,521,32,16,0.0625,11,0
hybrid_w16,522,32,16,0.0625,6,0
hybrid_w16,523,32,16,0.0625,6,0
hybrid_w16,524,32,16,0.0625,8,0
hybrid_w16,525,32,16,0.0625,8,0
hybrid_w16,526,32,16,0.0625,6,0
hybrid_w16,527,32,16,0.0625,7,0
hybrid_w16,528,32,16,0.0625,11,0
hybrid_w16,529,32,16,0.0625,9,0
hybrid_w16,530,32,16,0.0625,10,0
hybrid_w16,531,32,16,0.0625,9,0
hybrid_w16,532,32,16,0.0625,8,0
hybrid_w16,533,32,16,0.0625,6,0
hybrid_w16,534,32,16,0.0625,6,0
hybrid_w16,535,32,16,0.0625,11,0
hybrid_w16,536,32,16,0.0625,12,0
hybrid_w16,537,32,16,0.0625,15,0
hybrid_w16,538,32,16,0.0625,10,0
hybrid_w16,539,32,16,0.0625,6,0
hybrid_w16,540,32,16,0.0625,7,0
hybrid_w16,541,32,16,0.0625,7,0
hybrid_w16,542,32,16,0.0625,7,0
hybrid_w16,543,32,16,0.0625,8,0
hybrid_w16,544,32,16,0.0625,11,0
hybrid_w16,545,32,16,0.0625,9,0
hybrid_w16,546,32,16,0.0625,9,0
hybrid_w16,547,32,16,0.0625,7,0
hybrid_w16,548,32,16,0.0625,8,0
hybrid_w16,549,32,16,0.0625,7,0
hybrid_w16,550,32,16,0.0625,9,0
hybrid_w16,551,32,16,0.0625,9,0
hybrid_w16,552,32,16,0.0625,10,0
hybrid_w16,553,32,16,0.0625,12,0
hybrid_w16,554,32,16,0.0625,9,0
hybrid_w16,555,32,16,0.0625,6,0
hybrid_w16,556,32,16,0.0625,7,0
hybrid_w16,557,32,16,0.0625,6,0
hybrid_w16,558,32,16,0.0625,6,0
hybrid_w16,559,32,16,0.0625,13,0
hybrid_w16,560,32,16,0.0625,13,0
hybrid_w16,561,32,16,0.0625,7,0
hybrid_w16,562,32,16,0.0625,10,0
hybrid_w16,563,32,16,0.0625,10,0
hybrid_w16,564,32,16,0.0625,8,0
hybrid_w16,565,32,16,0.0625,9,0
hybrid_w16,566,32,16,0.0625,9,0
hybrid_w16,567,32,16,0.0625,11,0
hybrid_w16,568,32,16,0.0625,13,0
hybrid_w16,569,32,16,0.0625,12,0
hybrid_w16,570,32,16,0.0625,8,0
hybrid_w16,571,32,16,0.0625,10,0
hybrid_w16,572,32,16,0.0625,7,0
hybrid_w16,573,32,16,0.0625,5,0
hybrid_w16,574,32,16,0.0625,8,0
hybrid_w16,575,32,16,0.0625,11,0
hybrid_w16,576,32,16,0.0625,11,0
hybrid_w16,577,32,16,0.0625,12,0
hybrid_w16,578,32,16,0.0625,6,0
hybrid_w16,579,32,16,0.0625,8,0
hybrid_w16,580,32,16,0.0625,9,0
hybrid_w16,581,32,16,0.0625,9,0
hybrid_w16,582,32,16,0.0625,7,0
hybrid_w16,583,32,16,0.0625,11,0
hybrid_w16,584,32,16,0.0625,10,0
hybrid_w16,585,32,16,0.0625,13,0
hybrid_w16,586,32,16,0.0625,7,0
hybrid_w16,587,32,16,0.0625,7,0
hybrid_w16,588,32,16,0.0625,7,0
hybrid_w16,589,32,16,0.0625,9,0
hybrid_w16,590,32,16,0.0625,11,0
hybrid_w16,591,32,16,0.0625,12,0
hybrid_w16,592,32,16,0.0625,11,0
hybrid_w16,593,32,16,0.0625,10,0
hybrid_w16,594,32,16,0.0625,8,0
hybrid_w16,595,32,16,0.0625,8,0
hybrid_w16,596,32,16,0.0625,5,0
hybrid_w16,597,32,16,0.0625,9,0
hybrid_w16,598,32,16,0.0625,10,0
hybrid_w16,599,32,16,0.0625,10,0
hybrid_w16,600,32,16,0.0625,9,0
hybrid_w16,601,32,16,0.0625,11,0
hybrid_w16,602,32,16,0.0625,9,0
hybrid_w16,603,32,16,0.0625,8,0
hybrid_w16,604,32,16,0.0625,6,0
hybrid_w16,605,32,16,0.0625,9,0
hybrid_w16,606,32,16,0.0625,9,0
hybrid_w16,607,32,16,0.0625,10,0
hybrid_w16,608,32,16,0.0625,11,0
hybrid_w16,609,32,16,0.0625,9,0
hybrid_w16,610,32,16,0.0625,10,0
hybrid_w16,611,32,16,0.0625,8,0
hybrid_w16,612,32,16,0.0625,7,0
hybrid_w16,613,32,16,0.0625,5,0
hybrid_w16,614,32,16,0.0625,10,0
hybrid_w16,615,32,16,0.0625,10,0
hybrid_w16,616,32,16,0.0625,10,0
hybrid_w16,617,32,16,0.0625,7,0
hybrid_w16,618,32,16,0.0625,10,0
hybrid_w16,619,32,16,0.0625,8,0
hybrid_w16,620,32,16,0.0625,8,0
hybrid_w16,621,32,16,0.0625,10,0
hybrid_w16,622,32,16,0.0625,14,0
hybrid_w16,623,32,16,0.0625,11,0
hybrid_w16,624,32,16,0.0625,13,0
hybrid_w16,625,32,16,0.0625,6,0
hybrid_w16,626,32,16,0.0625,7,0
hybrid_w16,627,32,16,0.0625,8,0
hybrid_w16,628,32,16,0.0625,10,0
hybrid_w16,629,32,16,0.0625,11,0
hybrid_w16,630,32,16,0.0625,12,0
hybrid_w16,631,32,16,0.0625,13,0
hybrid_w16,632,32,16,0.0625,7,0
hybrid_w16,633,32,16,0.0625,6,0
hybrid_w16,634,32,16,0.0625,9,0
hybrid_w16,635,32,16,0.0625,8,0
hybrid_w16,636,32,16,0.0625,10,0
hybrid_w16,637,32,16,0.0625,12,0
hybrid_w16,638,32,16,0.0625,11,0
hybrid_w16,639,32,16,0.0625,12,0
hybrid_w16,640,32,16,0.0625,9,0
hybrid_w16,641,32,16,0.0625,6,0
hybrid_w16,642,32,16,0.0625,9,0
hybrid_w16,643,32,16,0.0625,8,0
hybrid_w16,644,32,16,0.0625,7,0
hybrid_w16,645,32,16,0.0625,9,0
hybrid_w16,646,32,16,0.0625,12,0
hybrid_w16,647,32,16,0.0625,7,0
hybrid_w16,648,32,16,0.0625,7,0
hybrid_w16,649,32,16,0.0625,10,0
hybrid_w16,650,32,16,0.0625,7,0
hybrid_w16,651,32,16,0.0625,5,0
hybrid_w16,652,32,16,0.0625,9,0
hybrid_w16,653,32,16,0.0625,9,0
hybrid_w16,654,32,16,0.0625,9,0
hybrid_w16,655,32,16,0.0625,12,0
hybrid_w16,656,32,16,0.0625,6,0
hybrid_w16,657,32,16,0.0625,8,0
hybrid_w16,658,32,16,0.0625,5,0
hybrid_w16,659,32,16,0.0625,7,0
hybrid_w16,660,32,16,0.0625,8,0
hybrid_w16,661,32,16,0.0625,11,0
hybrid_w16,662,32,16,0.0625,11,0
hybrid_w16,663,32,16,0.0625,10,0
hybrid_w16,664,32,16,0.0625,8,0
hybrid_w16,665,32,16,0.0625,7,0
hybrid_w16,666,32,16,0.0625,9,0
hybrid_w16,667,32,16,0.0625,10,0
hybrid_w16,668,32,16,0.0625,9,0
hybrid_w16,669,32,16,0.0625,12,0
hybrid_w16,670,32,16,0.0625,11,0
hybrid_w16,671,32,16,0.0625,10,0
hybrid_w16,672,32,16,0.0625,8,0
hybrid_w16,673,32,16,0.0625,9,0
hybrid_w16,674,32,16,0.0625,7,0
hybrid_w16,675,32,16,0.0625,9,0
hybrid_w16,676,32,16,0.0625,9,0
hybrid_w16,677,32,16,0.0625,11,0
hybrid_w16,678,32,16,0.0625,9,0
hybrid_w16,679,32,16,0.0625,10,0
hybrid_w16,680,32,16,0.0625,7,0
hybrid_w16,681,32,16,0.0625,6,0
hybrid_w16,682,32,16,0.0625,7,0
hybrid_w16,683,32,16,0.0625,8,0
hybrid_w16,684,32,16,0.0625,12,0
hybrid_w16,685,32,16,0.0625,13,0
hybrid_w16,686,32,16,0.0625,8,0
hybrid_w16,687,32,16,0.0625,8,0
hybrid_w16,688,32,16,0.0625,10,0
hybrid_w16,689,32,16,0.0625,7,0
hybrid_w16,690,32,16,0.0625,7,0
hybrid_w16,691,32,16,0.0625,10,0
hybrid_w16,692,32,16,0.0625,12,0
hybrid_w16,693,32,16,0.0625,12,0
hybrid_w16,694,32,16,0.0625,9,0
hybrid_w16,695,32,16,0.0625,10,0
hybrid_w16,696,32,16,0.0625,7,0
hybrid_w16,697,32,16,0.0625,9,0
hybrid_w16,698,32,16,0.0625,7,0
hybrid_w16,699,32,16,0.0625,9,0
hybrid_w16,700,32,16,0.0625,12,0
hybrid_w16,701,32,16,0.0625,12,0
hybrid_w16,702,32,16,0.0625,10,0
hybrid_w16,703,32,16,0.0625,5,0
hybrid_w16,704,32,16,0.0625,8,0
hybrid_w16,705,32,16,0.0625,7,0
hybrid_w16,706,32,16,0.0625,7,0
hybrid_w16,707,32,16,0.0625,9,0
hybrid_w16,708,32,16,0.0625,10,0
hybrid_w16,709,32,16,0.0625,8,0
hybrid_w16,710,32,16,0.0625,9,0
hybrid_w16,711,32,16,0.0625,6,0
hybrid_w16,712,32,16,0.0625,8,0
hybrid_w16,713,32,16,0.0625,7,0
hybrid_w16,714,32,16,0.0625,10,0
hybrid_w16,715,32,16,0.0625,9,0
hybrid_w16,716,32,16,0.0625,12,0
hybrid_w16,717,32,16,0.0625,12,0
hybrid_w16,718,32,16,0.0625,9,0
hybrid_w16,719,32,16,0.0625,8,0
hybrid_w16,720,32,16,0.0625,7,0
hybrid_w16,721,32,16,0.0625,7,0
hybrid_w16,722,32,16,0.0625,10,0
hybrid_w16,723,32,16,0.0625,10,0
hybrid_w16,724,32,16,0.0625,11,0
hybrid_w16,725,32,16,0.0625,9,0
hybrid_w16,726,32,16,0.0625,11,0
hybrid_w16,727,32,16,0.0625,9,0
hybrid_w16,728,32,16,0.0625,7,0
hybrid_w16,729,32,16,0.0625,6,0
hybrid_w16,730,32,16,0.0625,6,0
hybrid_w16,731,32,16,0.0625,11,0
hybrid_w16,732,32,16,0.0625,13,0
hybrid_w16,733,32,16,0.0625,11,0
hybrid_w16,734,32,16,0.0625,7,0
hybrid_w16,735,32,16,0.0625,9,0
hybrid_w16,736,32,16,0.0625,8,0
hybrid_w16,737,32,16,0.0625,11,0
hybrid_w16,738,32,16,0.0625,10,0
hybrid_w16,739,32,16,0.0625,9,0
hybrid_w16,740,32,16,0.0625,11,0
hybrid_w16,741,32,16,0.0625,11,0
hybrid_w16,742,32,16,0.0625,3,0
hybrid_w16,743,32,16,0.0625,9,0
hybrid_w16,744,32,16,0.0625,7,0
hybrid_w16,745,32,16,0.0625,5,0
hybrid_w16,746,32,16,0.0625,10,0
hybrid_w16,747,32,16,0.0625,12,0
hybrid_w16,748,32,16,0.0625,9,0
hybrid_w16,749,32,16,0.0625,10,0
hybrid_w16,750,32,16,0.0625,6,0
hybrid_w16,751,32,16,0.0625,9,0
hybrid_w16,752,32,16,0.0625,6,0
hybrid_w16,753,32,16,0.0625,9,0
hybrid_w16,754,32,16,0.0625,12,0
hybrid_w16,755,32,16,0.0625,12,0
hybrid_w16,756,32,16,0.0625,10,0
hybrid_w16,757,32,16,0.0625,9,0
hybrid_w16,758,32,16,0.0625,9,0
hybrid_w16,759,32,16,0.0625,7,0
hybrid_w16,760,32,16,0.0625,10,0
hybrid_w16,761,32,16,0.0625,8,0
hybrid_w16,762,32,16,0.0625,8,0
hybrid_w16,763,32,16,0.0625,12,0
hybrid_w16,764,32,16,0.0625,9,0
hybrid_w16,765,32,16,0.0625,9,0
hybrid_w16,766,32,16,0.0625,9,0
hybrid_w16,767,32,16,0.0625,9,0
hybrid_w16,768,32,16,0.0625,8,0
hybrid_w16,769,32,16,0.0625,10,0
hybrid_w16,770,32,16,0.0625,10,0
hybrid_w16,771,32,16,0.0625,13,0
hybrid_w16,772,32,16,0.0625,9,0
hybrid_w16,773,32,16,0.0625,7,0
hybrid_w16,774,32,16,0.0625,7,0
hybrid_w16,775,32,16,0.0625,7,0
hybrid_w16,776,32,16,0.0625,6,0
hybrid_w16,777,32,16,0.0625,9,0
hybrid_w16,778,32,16,0.0625,11,0
hybrid_w16,779,32,16,0.0625,9,0
hybrid_w16,780,32,16,0.0625,12,0
hybrid_w16,781,32,16,0.0625,8,0
hybrid_w16,782,32,16,0.0625,8,0
hybrid_w16,783,32,16,0.0625,6,0
hybrid_w16,784,32,16,0.0625,7,0
hybrid_w16,785,32,16,0.0625,8,0
hybrid_w16,786,32,16,0.0625,12,0
hybrid_w16,787,32,16,0.0625,12,0
hybrid_w16,788,32,16,0.0625,11,0
hybrid_w16,789,32,16,0.0625,8,0
hybrid_w16,790,32,16,0.0625,9,0
hybrid_w16,791,32,16,0.0625,5,0
hybrid_w16,792,32,16,0.0625,10,0
hybrid_w16,793,32,16,0.0625,10,0
hybrid_w16,794,32,16,0.0625,12,0
hybrid_w16,795,32,16,0.0625,9,0
hybrid_w16,796,32,16,0.0625,10,0
hybrid_w16,797,32,16,0.0625,8,0
hybrid_w16,798,32,16,0.0625,10,0
hybrid_w16,799,32,16,0.0625,6,0
hybrid_w16,800,32,16,0.0625,8,0
hybrid_w16,801,32,16,0.0625,11,0
hybrid_w16,802,32,16,0.0625,13,0
hybrid_w16,803,32,16,0.0625,10,0
hybrid_w16,804,32,16,0.0625,11,0
hybrid_w16,805,32,16,0.0625,8,0
hybrid_w16,806,32,16,0.0625,9,0
hybrid_w16,807,32,16,0.0625,8,0
hybrid_w16,808,32,16,0.0625,10,0
hybrid_w16,809,32,16,0.0625,11,0
hybrid_w16,810,32,16,0.0625,11,0
hybrid_w16,811,32,16,0.0625,10,0
hybrid_w16,812,32,16,0.0625,11,0
hybrid_w16,813,32,16,0.0625,5,0
hybrid_w16,814,32,16,0.0625,6,0
hybrid_w16,815,32,16,0.0625,4,0
hybrid_w16,816,32,16,0.0625,8,0
hybrid_w16,817,32,16,0.0625,13,0
hybrid_w16,818,32,16,0.0625,11,0
hybrid_w16,819,32,16,0.0625,9,0
hybrid_w16,820,32,16,0.0625,10,0
hybrid_w16,821,32,16,0.0625,8,0
hybrid_w16,822,32,16,0.0625,9,0
hybrid_w16,823,32,16,0.0625,9,0
hybrid_w16,824,32,16,0.0625,8,0
hybrid_w16,825,32,16,0.0625,7,0
hybrid_w16,826,32,16,0.0625,9,0
hybrid_w16,827,32,16,0.0625,11,0
hybrid_w16,828,32,16,0.0625,9,0
hybrid_w16,829,32,16,0.0625,8,0
hybrid_w16,830,32,16,0.0625,6,0
hybrid_w16,831,32,16,0.0625,7,0
hybrid_w16,832,32,16,0.0625,10,0
hybrid_w16,833,32,16,0.0625,11,0
hybrid_w16,834,32,16,0.0625,12,0
hybrid_w16,835,32,16,0.0625,11,0
hybrid_w16,836,32,16,0.0625,5,0
hybrid_w16,837,32,16,0.0625,8,0
hybrid_w16,838,32,16,0.0625,8,0
hybrid_w16,839,32,16,0.0625,6,0
hybrid_w16,840,32,16,0.0625,9,0
hybrid_w16,841,32,16,0.0625,10,0
hybrid_w16,842,32,16,0.0625,13,0
hybrid_w16,843,32,16,0.0625,10,0
hybrid_w16,844,32,16,0.0625,10,0
hybrid_w16,845,32,16,0.0625,6,0
hybrid_w16,846,32,16,0.0625,8,0
hybrid_w16,847,32,16,0.0625,10,0
hybrid_w16,848,32,16,0.0625,9,0
hybrid_w16,849,32,16,0.0625,12,0
hybrid_w16,850,32,16,0.0625,12,0
hybrid_w16,851,32,16,0.0625,9,0
hybrid_w16,852,32,16,0.0625,8,0
hybrid_w16,853,32,16,0.0625,9,0
hybrid_w16,854,32,16,0.0625,8,0
hybrid_w16,855,32,16,0.0625,9,0
hybrid_w16,856,32,16,0.0625,11,0
hybrid_w16,857,32,16,0.0625,12,0
hybrid_w16,858,32,16,0.0625,9,0
hybrid_w16,859,32,16,0.0625,8,0
hybrid_w16,860,32,16,0.0625,7,0
hybrid_w16,861,32,16,0.0625,8,0
hybrid_w16,862,32,16,0.0625,6,0
hybrid_w16,863,32,16,0.0625,9,0
hybrid_w16,864,32,16,0.0625,9,0
hybrid_w16,865,32,16,0.0625,13,0
hybrid_w16,866,32,16,0.0625,11,0
hybrid_w16,867,32,16,0.0625,4,0
hybrid_w16,868,32,16,0.0625,9,0
hybrid_w16,869,32,16,0.0625,7,0
hybrid_w16,870,32,16,0.0625,8,0
hybrid_w16,871,32,16,0.0625,11,0
hybrid_w16,872,32,16,0.0625,13,0
hybrid_w16,873,32,16,0.0625,12,0
hybrid_w16,874,32,16,0.0625,10,0
hybrid_w16,875,32,16,0.0625,6,0
hybrid_w16,876,32,16,0.0625,10,0
hybrid_w16,877,32,16,0.0625,9,0
hybrid_w16,878,32,16,0.0625,10,0
hybrid_w16,879,32,16,0.0625,9,0
hybrid_w16,880,32,16,0.0625,8,0
hybrid_w16,881,32,16,0.0625,9,0
hybrid_w16,882,32,16,0.0625,8,0
hybrid_w16,883,32,16,0.0625,8,0
hybrid_w16,884,32,16,0.0625,8,0
hybrid_w16,885,32,16,0.0625,7,0
hybrid_w16,886,32,16,0.0625,6,0
hybrid_w16,887,32,16,0.0625,8,0
hybrid_w16,888,32,16,0.0625,12,0
hybrid_w16,889,32,16,0.0625,9,0
hybrid_w16,890,32,16,0.0625,10,0
hybrid_w16,891,32,16,0.0625,9,0
hybrid_w16,892,32,16,0.0625,5,0
hybrid_w16,893,32,16,0.0625,7,0
hybrid_w16,894,32,16,0.0625,8,0
hybrid_w16,895,32,16,0.0625,9,0
hybrid_w16,896,32,16,0.0625,10,0
hybrid_w16,897,32,16,0.0625,8,0
hybrid_w16,898,32,16,0.0625,11,0
hybrid_w16,899,32,16,0.0625,10,0
hybrid_w16,900,32,16,0.0625,8,0
hybrid_w16,901,32,16,0.0625,8,0
hybrid_w16,902,32,16,0.0625,11,0
hybrid_w16,903,32,16,0.0625,8,0
hybrid_w16,904,32,16,0.0625,11,0
hybrid_w16,905,32,16,0.0625,12,0
hybrid_w16,906,32,16,0.0625,9,0
hybrid_w16,907,32,16,0.0625,8,0
hybrid_w16,908,32,16,0.0625,6,0
hybrid_w16,909,32,16,0.0625,7,0
hybrid_w16,910,32,16,0.0625,8,0
hybrid_w16,911,32,16,0.0625,12,0
hybrid_w16,912,32,16,0.0625,10,0
hybrid_w16,913,32,16,0.0625,9,0
hybrid_w16,914,32,16,0.0625,8,0
hybrid_w16,915,32,16,0.0625,7,0
hybrid_w16,916,32,16,0.0625,6,0
hybrid_w16,917,32,16,0.0625,8,0
hybrid_w16,918,32,16,0.0625,9,0
hybrid_w16,919,32,16,0.0625,13,0
hybrid_w16,920,32,16,0.0625,9,0
hybrid_w16,921,32,16,0.0625,10,0
hybrid_w16,922,32,16,0.0625,7,0
hybrid_w16,923,32,16,0.0625,10,0
hybrid_w16,924,32,16,0.0625,6,0
hybrid_w16,925,32,16,0.0625,10,0
hybrid_w16,926,32,16,0.0625,10,0
hybrid_w16,927,32,16,0.0625,12,0
hybrid_w16,928,32,16,0.0625,12,0
hybrid_w16,929,32,16,0.0625,11,0
hybrid_w16,930,32,16,0.0625,7,0
hybrid_w16,931,32,16,0.0625,9,0
hybrid_w16,932,32,16,0.0625,8,0
hybrid_w16,933,32,16,0.0625,11,0
hybrid_w16,934,32,16,0.0625,10,0
hybrid_w16,935,32,16,0.0625,10,0
hybrid_w16,936,32,16,0.0625,9,0
hybrid_w16,937,32,16,0.0625,8,0
hybrid_w16,938,32,16,0.0625,8,0
hybrid_w16,939,32,16,0.0625,8,0
hybrid_w16,940,32,16,0.0625,7,0
hybrid_w16,941,32,16,0.0625,8,0
hybrid_w16,942,32,16,0.0625,10,0
hybrid_w16,943,32,16,0.0625,13,0
hybrid_w16,944,32,16,0.0625,12,0
hybrid_w16,945,32,16,0.0625,7,0
hybrid_w16,946,32,16,0.0625,7,0
hybrid_w16,947,32,16,0.0625,8,0
hybrid_w16,948,32,16,0.0625,9,0
hybrid_w16,949,32,16,0.0625,9,0
hybrid_w16,950,32,16,0.0625,7,0
hybrid_w16,951,32,16,0.0625,12,0
hybrid_w16,952,32,16,0.0625,11,0
hybrid_w16,953,32,16,0.0625,5,0
hybrid_w16,954,32,16,0.0625,7,0
hybrid_w16,955,32,16,0.0625,7,0
hybrid_w16,956,32,16,0.0625,7,0
hybrid_w16,957,32,16,0.0625,13,0
hybrid_w16,958,32,16,0.0625,10,0
hybrid_w16,959,32,16,0.0625,11,0
hybrid_w16,960,32,16,0.0625,8,0
hybrid_w16,961,32,16,0.0625,5,0
hybrid_w16,962,32,16,0.0625,8,0
hybrid_w16,963,32,16,0.0625,7,0
hybrid_w16,964,32,16,0.0625,7,0
hybrid_w16,965,32,16,0.0625,8,0
hybrid_w16,966,32,16,0.0625,13,0
hybrid_w16,967,32,16,0.0625,13,0
hybrid_w16,968,32,16,0.0625,7,0
hybrid_w16,969,32,16,0.0625,6,0
hybrid_w16,970,32,16,0.0625,7,0
hybrid_w16,971,32,16,0.0625,8,0
hybrid_w16,972,32,16,0.0625,11,0
hybrid_w16,973,32,16,0.0625,6,0
hybrid_w16,974,32,16,0.0625,12,0
hybrid_w16,975,32,16,0.0625,10,0
hybrid_w16,976,32,16,0.0625,9,0
hybrid_w16,977,32,16,0.0625,8,0
hybrid_w16,978,32,16,0.0625,8,0
hybrid_w16,979,32,16,0.0625,6,0
hybrid_w16,980,32,16,0.0625,9,0
hybrid_w16,981,32,16,0.0625,10,0
hybrid_w16,982,32,16,0.0625,13,0
hybrid_w16,983,32,16,0.0625,9,0
hybrid_w16,984,32,16,0.0625,10,0
hybrid_w16,985,32,16,0.0625,9,0
hybrid_w16,986,32,16,0.0625,8,0
hybrid_w16,987,32,16,0.0625,7,0
hybrid_w16,988,32,16,0.0625,13,0
hybrid_w16,989,32,16,0.0625,11,0
hybrid_w16,990,32,16,0.0625,10,0
hybrid_w16,991,32,16,0.0625,10,0
hybrid_w16,992,32,16,0.0625,6,0
hybrid_w16,993,32,16,0.0625,10,0
hybrid_w16,994,32,16,0.0625,6,0
hybrid_w16,995,32,16,0.0625,7,0
hybrid_w16,996,32,16,0.0625,9,0
hybrid_w16,997,32,16,0.0625,11,0
hybrid_w16,998,32,16,0.0625,12,0
hybrid_w16,999,32,16,0.0625,11,0
hybrid_w32,0,32,16,0.0625,13,0
hybrid_w32,1,32,16,0.0625,12,0
hybrid_w32,2,32,16,0.0625,14,0
hybrid_w32,3,32,16,0.0625,12,0
hybrid_w32,4,32,16,0.0625,10,0
hybrid_w32,5,32,16,0.0625,9,0
hybrid_w32,6,32,16,0.0625,12,0
hybrid_w32,7,32,16,0.0625,12,0
hybrid_w32,8,32,16,0.0625,8,0
hybrid_w32,9,32,16,0.0625,13,0
hybrid_w32,10,32,16,0.0625,12,0
hybrid_w32,11,32,16,0.0625,12,0
hybrid_w32,12,32,16,0.0625,12,0
hybrid_w32,13,32,16,0.0625,10,0
hybrid_w32,14,32,16,0.0625,16,0
hybrid_w32,15,32,16,0.0625,13,0
hybrid_w32,16,32,16,0.0625,10,0
hybrid_w32,17,32,16,0.0625,12,0
hybrid_w32,18,32,16,0.0625,11,0
hybrid_w32,19,32,16,0.0625,11,0
hybrid_w32,20,32,16,0.0625,14,0
hybrid_w32,21,32,16,0.0625,11,0
hybrid_w32,22,32,16,0.0625,11,0
hybrid_w32,23,32,16,0.0625,12,0
hybrid_w32,24,32,16,0.0625,11,0
hybrid_w32,25,32,16,0.0625,11,0
hybrid_w32,26,32,16,0.0625,12,0
hybrid_w32,27,32,16,0.0625,11,0
hybrid_w32,28,32,16,0.0625,8,0
hybrid_w32,29,32,16,0.0625,10,0
hybrid_w32,30,32,16,0.0625,13,0
hybrid_w32,31,32,16,0.0625,11,0
hybrid_w32,32,32,16,0.0625,10,0
hybrid_w32,33,32,16,0.0625,11,0
hybrid_w32,34,32,16,0.0625,13,0
hybrid_w32,35,32,16,0.0625,11,0
hybrid_w32,36,32,16,0.0625,14,0
hybrid_w32,37,32,16,0.0625,11,0
hybrid_w32,38,32,16,0.0625,12,0
hybrid_w32,39,32,16,0.0625,10,0
hybrid_w32,40,32,16,0.0625,12,0
hybrid_w32,41,32,16,0.0625,12,0
hybrid_w32,42,32,16,0.0625,15,0
hybrid_w32,43,32,16,0.0625,9,0
hybrid_w32,44,32,16,0.0625,9,0
hybrid_w32,45,32,16,0.0625,11,0
hybrid_w32,46,32,16,0.0625,10,0
hybrid_w32,47,32,16,0.0625,12,0
hybrid_w32,48,32,16,0.0625,12,0
hybrid_w32,49,32,16,0.0625,12,0
hybrid_w32,50,32,16,0.0625,12,0
hybrid_w32,51,32,16,0.0625,11,0
hybrid_w32,52,32,16,0.0625,12,0
hybrid_w32,53,32,16,0.0625,14,0
hybrid_w32,54,32,16,0.0625,12,0
hybrid_w32,55,32,16,0.0625,11,0
hybrid_w32,56,32,16,0.0625,9,0
hybrid_w32,57,32,16,0.0625,14,0
hybrid_w32,58,32,16,0.0625,9,0
hybrid_w32,59,32,16,0.0625,13,0
hybrid_w32,60,32,16,0.0625,11,0
hybrid_w32,61,32,16,0.0625,13,0
hybrid_w32,62,32,16,0.0625,10,0
hybrid_w32,63,32,16,0.0625,10,0
hybrid_w32,64,32,16,0.0625,12,0
hybrid_w32,65,32,16,0.0625,11,0
hybrid_w32,66,32,16,0.0625,12,0
hybrid_w32,67,32,16,0.0625,12,0
hybrid_w32,68,32,16,0.0625,15,0
hybrid_w32,69,32,16,0.0625,14,0
hybrid_w32,70,32,16,0.0625,13,0
hybrid_w32,71,32,16,0.0625,11,0
hybrid_w32,72,32,16,0.0625,11,0
hybrid_w32,73,32,16,0.0625,12,0
hybrid_w32,74,32,16,0.0625,12,0
hybrid_w32,75,32,16,0.0625,12,0
hybrid_w32,76,32,16,0.0625,12,0
hybrid_w32,77,32,16,0.0625,12,0
hybrid_w32,78,32,16,0.0625,11,0
hybrid_w32,79,32,16,0.0625,12,0
hybrid_w32,80,32,16,0.0625,8,0
hybrid_w32,81,32,16,0.0625,11,0
hybrid_w32,82,32,16,0.0625,11,0
hybrid_w32,83,32,16,0.0625,11,0
hybrid_w32,84,32,16,0.0625,12,0
hybrid_w32,85,32,16,0.0625,13,0
hybrid_w32,86,32,16,0.0625,13,0
hybrid_w32,87,32,16,0.0625,10,0
hybrid_w32,88,32,16,0.0625,13,0
hybrid_w32,89,32,16,0.0625,14,0
hybrid_w32,90,32,16,0.0625,11,0
hybrid_w32,91,32,16,0.0625,11,0
hybrid_w32,92,32,16,0.0625,15,0
hybrid_w32,93,32,16,0.0625,14,0
hybrid_w32,94,32,16,0.0625,11,0
hybrid_w32,95,32,16,0.0625,10,0
hybrid_w32,96,32,16,0.0625,12,0
hybrid_w32,97,32,16,0.0625,14,0
hybrid_w32,98,32,16,0.0625,10,0
hybrid_w32,99,32,16,0.0625,11,0
hybrid_w32,100,32,16,0.0625,11,0
hybrid_w32,101,32,16,0.0625,12,0
hybrid_w32,102,32,16,0.0625,12,0
hybrid_w32,103,32,16,0.0625,8,0
hybrid_w32,104,32,16,0.0625,12,0
hybrid_w32,105,32,16,0.0625,8,0
hybrid_w32,106,32,16,0.0625,12,0
hybrid_w32,107,32,16,0.0625,10,0
hybrid_w32,108,32,16,0.0625,11,0
hybrid_w32,109,32,16,0.0625,15,0
hybrid_w32,110,32,16,0.0625,12,0
hybrid_w32,111,32,16,0.0625,13,0
hybrid_w32,112,32,16,0.0625,13,0
hybrid_w32,113,32,16,0.0625,13,0
hybrid_w32,114,32,16,0.0625,7,0
hybrid_w32,115,32,16,0.0625,13,0
hybrid_w32,116,32,16,0.0625,11,0
hybrid_w32,117,32,16,0.0625,12,0
hybrid_w32,118,32,16,0.0625,10,0
hybrid_w32,119,32,16,0.0625,12,0
hybrid_w32,120,32,16,0.0625,14,0
hybrid_w32,121,32,16,0.0625,13,0
hybrid_w32,122,32,16,0.0625,7,0
hybrid_w32,123,32,16,0.0625,10,0
hybrid_w32,124,32,16,0.0625,13,0
hybrid_w32,125,32,16,0.0625,9,0
hybrid_w32,126,32,16,0.0625,13,0
hybrid_w32,127,32,16,0.0625,10,0
hybrid_w32,128,32,16,0.0625,11,0
hybrid_w32,129,32,16,0.0625,12,0
hybrid_w32,130,32,16,0.0625,10,0
hybrid_w32,131,32,16,0.0625,13,0
hybrid_w32,132,32,16,0.0625,13,0
hybrid_w32,133,32,16,0.0625,10,0
hybrid_w32,134,32,16,0.0625,11,0
hybrid_w32,135,32,16,0.0625,12,0
hybrid_w32,136,32,16,0.0625,11,0
hybrid_w32,137,32,16,0.0625,12,0
hybrid_w32,138,32,16,0.0625,10,0
hybrid_w32,139,32,16,0.0625,11,0
hybrid_w32,140,32,16,0.0625,16,0
hybrid_w32,141,32,16,0.0625,9,0
hybrid_w32,142,32,16,0.0625,13,0
hybrid_w32,143,32,16,0.0625,13,0
hybrid_w32,144,32,16,0.0625,9,0
hybrid_w32,145,32,16,0.0625,10,0
hybrid_w32,146,32,16,0.0625,9,0
hybrid_w32,147,32,16,0.0625,12,0
hybrid_w32,148,32,16,0.0625,9,0
hybrid_w32,149,32,16,0.0625,10,0
hybrid_w32,150,32,16,0.0625,12,0
hybrid_w32,151,32,16,0.0625,16,0
hybrid_w32,152,32,16,0.0625,12,0
hybrid_w32,153,32,16,0.0625,11,0
hybrid_w32,154,32,16,0.0625,11,0
hybrid_w32,155,32,16,0.0625,12,0
hybrid_w32,156,32,16,0.0625,11,0
hybrid_w32,157,32,16,0.0625,10,0
hybrid_w32,158,32,16,0.0625,11,0
hybrid_w32,159,32,16,0.0625,13,0
hybrid_w32,160,32,16,0.0625,16,0
hybrid_w32,161,32,16,0.0625,14,0
hybrid_w32,162,32,16,0.0625,12,0
hybrid_w32,163,32,16,0.0625,12,0
hybrid_w32,164,32,16,0.0625,14,0
hybrid_w32,165,32,16,0.0625,13,0
hybrid_w32,166,32,16,0.0625,14,0
hybrid_w32,167,32,16,0.0625,14,0
hybrid_w32,168,32,16,0.0625,10,0
hybrid_w32,169,32,16,0.0625,9,0
hybrid_w32,170,32,16,0.0625,11,0
hybrid_w32,171,32,16,0.0625,14,0
hybrid_w32,172,32,16,0.0625,10,0
hybrid_w32,173,32,16,0.0625,11,0
hybrid_w32,174,32,16,0.0625,15,0
hybrid_w32,175,32,16,0.0625,12,0
hybrid_w32,176,32,16,0.0625,11,0
hybrid_w32,177,32,16,0.0625,9,0
hybrid_w32,178,32,16,0.0625,13,0
hybrid_w32,179,32,16,0.0625,12,0
hybrid_w32,180,32,16,0.0625,10,0
hybrid_w32,181,32,16,0.0625,9,0
hybrid_w32,182,32,16,0.0625,12,0
hybrid_w32,183,32,16,0.0625,8,0
hybrid_w32,184,32,16,0.0625,8,0
hybrid_w32,185,32,16,0.0625,13,0
hybrid_w32,186,32,16,0.0625,11,0
hybrid_w32,187,32,16,0.0625,9,0
hybrid_w32,188,32,16,0.0625,11,0
hybrid_w32,189,32,16,0.0625,12,0
hybrid_w32,190,32,16,0.0625,12,0
hybrid_w32,191,32,16,0.0625,12,0
hybrid_w32,192,32,16,0.0625,11,0
hybrid_w32,193,32,16,0.0625,9,0
hybrid_w32,194,32,16,0.0625,14,0
hybrid_w32,195,32,16,0.0625,16,0
hybrid_w32,196,32,16,0.0625,13,0
hybrid_w32,197,32,16,0.0625,12,0
hybrid_w32,198,32,16,0.0625,12,0
hybrid_w32,199,32,16,0.0625,9,0
hybrid_w32,200,32,16,0.0625,12,0
hybrid_w32,201,32,16,0.0625,11,0
hybrid_w32,202,32,16,0.0625,13,0
hybrid_w32,203,32,16,0.0625,12,0
hybrid_w32,204,32,16,0.0625,9,0
hybrid_w32,205,32,16,0.0625,13,0
hybrid_w32,206,32,16,0.0625,13,0
hybrid_w32,207,32,16,0.0625,14,0
hybrid_w32,208,32,16,0.0625,8,0
hybrid_w32,209,32,16,0.0625,14,0
hybrid_w32,210,32,16,0.0625,10,0
hybrid_w32,211,32,16,0.0625,10,0
hybrid_w32,212,32,16,0.0625,9,0
hybrid_w32,213,32,16,0.0625,15,0
hybrid_w32,214,32,16,0.0625,13,0
hybrid_w32,215,32,16,0.0625,10,0
hybrid_w32,216,32,16,0.0625,11,0
hybrid_w32,217,32,16,0.0625,13,0
hybrid_w32,218,32,16,0.0625,12,0
hybrid_w32,219,32,16,0.0625,9,0
hybrid_w32,220,32,16,0.0625,11,0
hybrid_w32,221,32,16,0.0625,14,0
hybrid_w32,222,32,16,0.0625,13,0
hybrid_w32,223,32,16,0.0625,11,0
hybrid_w32,224,32,16,0.0625,9,0
hybrid_w32,225,32,16,0.0625,11,0
hybrid_w32,226,32,16,0.0625,11,0
hybrid_w32,227,32,16,0.0625,13,0
hybrid_w32,228,32,16,0.0625,11,0
hybrid_w32,229,32,16,0.0625,11,0
hybrid_w32,230,32,16,0.0625,10,0
hybrid_w32,231,32,16,0.0625,11,0
hybrid_w32,232,32,16,0.0625,11,0
hybrid_w32,233,32,16,0.0625,12,0
hybrid_w32,234,32,16,0.0625,10,0
hybrid_w32,235,32,16,0.0625,10,0
hybrid_w32,236,32,16,0.0625,10,0
hybrid_w32,237,32,16,0.0625,11,0
hybrid_w32,238,32,16,0.0625,9,0
hybrid_w32,239,32,16,0.0625,10,0
hybrid_w32,240,32,16,0.0625,11,0
hybrid_w32,241,32,16,0.0625,11,0
hybrid_w32,242,32,16,0.0625,10,0
hybrid_w32,243,32,16,0.0625,11,0
hybrid_w32,244,32,16,0.0625,15,0
hybrid_w32,245,32,16,0.0625,14,0
hybrid_w32,246,32,16,0.0625,11,0
hybrid_w32,247,32,16,0.0625,12,0
hybrid_w32,248,32,16,0.0625,11,0
hybrid_w32,249,32,16,0.0625,13,0
hybrid_w32,250,32,16,0.0625,11,0
hybrid_w32,251,32,16,0.0625,10,0
hybrid_w32,252,32,16,0.0625,14,0
hybrid_w32,253,32,16,0.0625,13,0
hybrid_w32,254,32,16,0.0625,11,0
hybrid_w32,255,32,16,0.0625,12,0
hybrid_w32,256,32,16,0.0625,11,0
hybrid_w32,257,32,16,0.0625,15,0
hybrid_w32,258,32,16,0.0625,9,0
hybrid_w32,259,32,16,0.0625,12,0
hybrid_w32,260,32,16,0.0625,11,0
hybrid_w32,261,32,16,0.0625,10,0
hybrid_w32,262,32,16,0.0625,12,0
hybrid_w32,263,32,16,0.0625,11,0
hybrid_w32,264,32,16,0.0625,10,0
hybrid_w32,265,32,16,0.0625,15,0
hybrid_w32,266,32,16,0.0625,12,0
hybrid_w32,267,32,16,0.0625,10,0
hybrid_w32,268,32,16,0.0625,13,0
hybrid_w32,269,32,16,0.0625,12,0
hybrid_w32,270,32,16,0.0625,10,0
hybrid_w32,271,32,16,0.0625,11,0
hybrid_w32,272,32,16,0.0625,12,0
hybrid_w32,273,32,16,0.0625,11,0
hybrid_w32,274,32,16,0.0625,11,0
hybrid_w32,275,32,16,0.0625,12,0
hybrid_w32,276,32,16,0.0625,12,0
hybrid_w32,277,32,16,0.0625,9,0
hybrid_w32,278,32,16,0.0625,9,0
hybrid_w32,279,32,16,0.0625,12,0
hybrid_w32,280,32,16,0.0625,12,0
hybrid_w32,281,32,16,0.0625,10,0
hybrid_w32,282,32,16,0.0625,11,0
hybrid_w32,283,32,16,0.0625,11,0
hybrid_w32,284,32,16,0.0625,14,0
hybrid_w32,285,32,16,0.0625,14,0
hybrid_w32,286,32,16,0.0625,10,0
hybrid_w32,287,32,16,0.0625,11,0
hybrid_w32,288,32,16,0.0625,15,0
hybrid_w32,289,32,16,0.0625,12,0
hybrid_w32,290,32,16,0.0625,12,0
hybrid_w32,291,32,16,0.0625,14,0
hybrid_w32,292,32,16,0.0625,11,0
hybrid_w32,293,32,16,0.0625,9,0
hybrid_w32,294,32,16,0.0625,10,0
hybrid_w32,295,32,16,0.0625,11,0
hybrid_w32,296,32,16,0.0625,12,0
hybrid_w32,297,32,16,0.0625,11,0
hybrid_w32,298,32,16,0.0625,12,0
hybrid_w32,299,32,16,0.0625,13,0
hybrid_w32,300,32,16,0.0625,11,0
hybrid_w32,301,32,16,0.0625,12,0
hybrid_w32,302,32,16,0.0625,12,0
hybrid_w32,303,32,16,0.0625,11,0
hybrid_w32,304,32,16,0.0625,10,0
hybrid_w32,305,32,16,0.0625,12,0
hybrid_w32,306,32,16,0.0625,12,0
hybrid_w32,307,32,16,0.0625,14,0
hybrid_w32,308,32,16,0.0625,11,0
hybrid_w32,309,32,16,0.0625,9,0
hybrid_w32,310,32,16,0.0625,11,0
hybrid_w32,311,32,16,0.0625,12,0
hybrid_w32,312,32,16,0.0625,10,0
hybrid_w32,313,32,16,0.0625,11,0
hybrid_w32,314,32,16,0.0625,14,0
hybrid_w32,315,32,16,0.0625,14,0
hybrid_w32,316,32,16,0.0625,14,0
hybrid_w32,317,32,16,0.0625,11,0
hybrid_w32,318,32,16,0.0625,9,0
hybrid_w32,319,32,16,0.0625,10,0
hybrid_w32,320,32,16,0.0625,13,0
hybrid_w32,321,32,16,0.0625,11,0
hybrid_w32,322,32,16,0.0625,14,0
hybrid_w32,323,32,16,0.0625,16,0
hybrid_w32,324,32,16,0.0625,12,0
hybrid_w32,325,32,16,0.0625,10,0
hybrid_w32,326,32,16,0.0625,11,0
hybrid_w32,327,32,16,0.0625,14,0
hybrid_w32,328,32,16,0.0625,11,0
hybrid_w32,329,32,16,0.0625,10,0
hybrid_w32,330,32,16,0.0625,11,0
hybrid_w32,331,32,16,0.0625,11,0
hybrid_w32,332,32,16,0.0625,10,0
hybrid_w32,333,32,16,0.0625,9,0
hybrid_w32,334,32,16,0.0625,13,0
hybrid_w32,335,32,16,0.0625,11,0
hybrid_w32,336,32,16,0.0625,8,0
hybrid_w32,337,32,16,0.0625,10,0
hybrid_w32,338,32,16,0.0625,13,0
hybrid_w32,339,32,16,0.0625,14,0
hybrid_w32,340,32,16,0.0625,11,0
hybrid_w32,341,32,16,0.0625,11,0
hybrid_w32,342,32,16,0.0625,11,0
hybrid_w32,343,32,16,0.0625,13,0
hybrid_w32,344,32,16,0.0625,9,0
hybrid_w32,345,32,16,0.0625,12,0
hybrid_w32,346,32,16,0.0625,15,0
hybrid_w32,347,32,16,0.0625,14,0
hybrid_w32,348,32,16,0.0625,11,0
hybrid_w32,349,32,16,0.0625,10,0
hybrid_w32,350,32,16,0.0625,11,0
hybrid_w32,351,32,16,0.0625,13,0
hybrid_w32,352,32,16,0.0625,10,0
hybrid_w32,353,32,16,0.0625,12,0
hybrid_w32,354,32,16,0.0625,13,0
hybrid_w32,355,32,16,0.0625,9,0
hybrid_w32,356,32,16,0.0625,10,0
hybrid_w32,357,32,16,0.0625,9,0
hybrid_w32,358,32,16,0.0625,12,0
hybrid_w32,359,32,16,0.0625,10,0
hybrid_w32,360,32,16,0.0625,13,0
hybrid_w32,361,32,16,0.0625,13,0
hybrid_w32,362,32,16,0.0625,10,0
hybrid_w32,363,32,16,0.0625,12,0
hybrid_w32,364,32,16,0.0625,8,0
hybrid_w32,365,32,16,0.0625,14,0
hybrid_w32,366,32,16,0.0625,11,0
hybrid_w32,367,32,16,0.0625,13,0
hybrid_w32,368,32,16,0.0625,8,0
hybrid_w32,369,32,16,0.0625,12,0
hybrid_w32,370,32,16,0.0625,14,0
hybrid_w32,371,32,16,0.0625,11,0
hybrid_w32,372,32,16,0.0625,11,0
hybrid_w32,373,32,16,0.0625,13,0
hybrid_w32,374,32,16,0.0625,10,0
hybrid_w32,375,32,16,0.0625,14,0
hybrid_w32,376,32,16,0.0625,9,0
hybrid_w32,377,32,16,0.0625,12,0
hybrid_w32,378,32,16,0.0625,13,0
hybrid_w32,379,32,16,0.0625,11,0
hybrid_w32,380,32,16,0.0625,12,0
hybrid_w32,381,32,16,0.0625,12,0
hybrid_w32,382,32,16,0.0625,12,0
hybrid_w32,383,32,16,0.0625,13,0
hybrid_w32,384,32,16,0.0625,9,0
hybrid_w32,385,32,16,0.0625,11,0
hybrid_w32,386,32,16,0.0625,11,0
hybrid_w32,387,32,16,0.0625,12,0
hybrid_w32,388,32,16,0.0625,10,0
hybrid_w32,389,32,16,0.0625,14,0
hybrid_w32,390,32,16,0.0625,12,0
hybrid_w32,391,32,16,0.0625,10,0
hybrid_w32,392,32,16,0.0625,10,0
hybrid_w32,393,32,16,0.0625,12,0
hybrid_w32,394,32,16,0.0625,10,0
hybrid_w32,395,32,16,0.0625,11,0
hybrid_w32,396,32,16,0.0625,12,0
hybrid_w32,397,32,16,0.0625,14,0
hybrid_w32,398,32,16,0.0625,8,0
hybrid_w32,399,32,16,0.0625,10,0
hybrid_w32,400,32,16,0.0625,12,0
hybrid_w32,401,32,16,0.0625,13,0
hybrid_w32,402,32,16,0.0625,13,0
hybrid_w32,403,32,16,0.0625,9,0
hybrid_w32,404,32,16,0.0625,13,0
hybrid_w32,405,32,16,0.0625,12,0
hybrid_w32,406,32,16,0.0625,12,0
hybrid_w32,407,32,16,0.0625,12,0
hybrid_w32,408,32,16,0.0625,10,0
hybrid_w32,409,32,16,0.0625,13,0
hybrid_w32,410,32,16,0.0625,11,0
hybrid_w32,411,32,16,0.0625,11,0
hybrid_w32,412,32,16,0.0625,12,0
hybrid_w32,413,32,16,0.0625,11,0
hybrid_w32,414,32,16,0.0625,14,0
hybrid_w32,415,32,16,0.0625,9,0
hybrid_w32,416,32,16,0.0625,11,0
hybrid_w32,417,32,16,0.0625,12,0
hybrid_w32,418,32,16,0.0625,9,0
hybrid_w32,419,32,16,0.0625,12,0
hybrid_w32,420,32,16,0.0625,10,0
hybrid_w32,421,32,16,0.0625,12,0
hybrid_w32,422,32,16,0.0625,10,0
hybrid_w32,423,32,16,0.0625,10,0
hybrid_w32,424,32,16,0.0625,10,0
hybrid_w32,425,32,16,0.0625,13,0
hybrid_w32,426,32,16,0.0625,11,0
hybrid_w32,427,32,16,0.0625,10,0
hybrid_w32,428,32,16,0.0625,14,0
hybrid_w32,429,32,16,0.0625,10,0
hybrid_w32,430,32,16,0.0625,13,0
hybrid_w32,431,32,16,0.0625,10,0
hybrid_w32,432,32,16,0.0625,14,0
hybrid_w32,433,32,16,0.0625,10,0
hybrid_w32,434,32,16,0.0625,9,0
hybrid_w32,435,32,16,0.0625,10,0
hybrid_w32,436,32,16,0.0625,15,0
hybrid_w32,437,32,16,0.0625,11,0
hybrid_w32,438,32,16,0.0625,14,0
hybrid_w32,439,32,16,0.0625,11,0
hybrid_w32,440,32,16,0.0625,13,0
hybrid_w32,441,32,16,0.0625,11,0
hybrid_w32,442,32,16,0.0625,11,0
hybrid_w32,443,32,16,0.0625,11,0
hybrid_w32,444,32,16,0.0625,11,0
hybrid_w32,445,32,16,0.0625,12,0
hybrid_w32,446,32,16,0.0625,13,0
hybrid_w32,447,32,16,0.0625,14,0
hybrid_w32,448,32,16,0.0625,11,0
hybrid_w32,449,32,16,0.0625,11,0
hybrid_w32,450,32,16,0.0625,14,0
hybrid_w32,451,32,16,0.0625,14,0
hybrid_w32,452,32,16,0.0625,12,0
hybrid_w32,453,32,16,0.0625,13,0
hybrid_w32,454,32,16,0.0625,10,0
hybrid_w32,455,32,16,0.0625,11,0
hybrid_w32,456,32,16,0.0625,14,0
hybrid_w32,457,32,16,0.0625,13,0
hybrid_w32,458,32,16,0.0625,7,0
hybrid_w32,459,32,16,0.0625,15,0
hybrid_w32,460,32,16,0.0625,13,0
hybrid_w32,461,32,16,0.0625,9,0
hybrid_w32,462,32,16,0.0625,12,0
hybrid_w32,463,32,16,0.0625,13,0
hybrid_w32,464,32,16,0.0625,13,0
hybrid_w32,465,32,16,0.0625,9,0
hybrid_w32,466,32,16,0.0625,11,0
hybrid_w32,467,32,16,0.0625,12,0
hybrid_w32,468,32,16,0.0625,12,0
hybrid_w32,469,32,16,0.0625,12,0
hybrid_w32,470,32,16,0.0625,13,0
hybrid_w32,471,32,16,0.0625,13,0
hybrid_w32,472,32,16,0.0625,13,0
hybrid_w32,473,32,16,0.0625,12,0
hybrid_w32,474,32,16,0.0625,9,0
hybrid_w32,475,32,16,0.0625,13,0
hybrid_w32,476,32,16,0.0625,13,0
hybrid_w32,477,32,16,0.0625,13,0
hybrid_w32,478,32,16,0.0625,9,0
hybrid_w32,479,32,16,0.0625,13,0
hybrid_w32,480,32,16,0.0625,10,0
hybrid_w32,481,32,16,0.0625,9,0
hybrid_w32,482,32,16,0.0625,11,0
hybrid_w32,483,32,16,0.0625,12,0
hybrid_w32,484,32,16,0.0625,10,0
hybrid_w32,485,32,16,0.0625,11,0
hybrid_w32,486,32,16,0.0625,14,0
hybrid_w32,487,32,16,0.0625,12,0
hybrid_w32,488,32,16,0.0625,10,0
hybrid_w32,489,32,16,0.0625,7,0
hybrid_w32,490,32,16,0.0625,12,0
hybrid_w32,491,32,16,0.0625,15,0
hybrid_w32,492,32,16,0.0625,11,0
hybrid_w32,493,32,16,0.0625,8,0
hybrid_w32,494,32,16,0.0625,11,0
hybrid_w32,495,32,16,0.0625,13,0
hybrid_w32,496,32,16,0.0625,10,0
hybrid_w32,497,32,16,0.0625,14,0
hybrid_w32,498,32,16,0.0625,13,0
hybrid_w32,499,32,16,0.0625,10,0
hybrid_w32,500,32,16,0.0625,11,0
hybrid_w32,501,32,16,0.0625,11,0
hybrid_w32,502,32,16,0.0625,11,0
hybrid_w32,503,32,16,0.0625,15,0
hybrid_w32,504,32,16,0.0625,12,0
hybrid_w32,505,32,16,0.0625,11,0
hybrid_w32,506,32,16,0.0625,11,0
hybrid_w32,507,32,16,0.0625,12,0
hybrid_w32,508,32,16,0.0625,11,0
hybrid_w32,509,32,16,0.0625,11,0
hybrid_w32,510,32,16,0.0625,13,0
hybrid_w32,511,32,16,0.0625,11,0
hybrid_w32,512,32,16,0.0625,10,0
hybrid_w32,513,32,16,0.0625,7,0
hybrid_w32,514,32,16,0.0625,14,0
hybrid_w32,515,32,16,0.0625,8,0
hybrid_w32,516,32,16,0.0625,10,0
hybrid_w32,517,32,16,0.0625,12,0
hybrid_w32,518,32,16,0.0625,14,0
hybrid_w32,519,32,16,0.0625,12,0
hybrid_w32,520,32,16,0.0625,7,0
hybrid_w32,521,32,16,0.0625,10,0
hybrid_w32,522,32,16,0.0625,13,0
hybrid_w32,523,32,16,0.0625,10,0
hybrid_w32,524,32,16,0.0625,11,0
hybrid_w32,525,32,16,0.0625,12,0
hybrid_w32,526,32,16,0.0625,12,0
hybrid_w32,527,32,16,0.0625,13,0
hybrid_w32,528,32,16,0.0625,14,0
hybrid_w32,529,32,16,0.0625,13,0
hybrid_w32,530,32,16,0.0625,13,0
hybrid_w32,531,32,16,0.0625,10,0
hybrid_w32,532,32,16,0.0625,12,0
hybrid_w32,533,32,16,0.0625,12,0
hybrid_w32,534,32,16,0.0625,13,0
hybrid_w32,535,32,16,0.0625,12,0
hybrid_w32,536,32,16,0.0625,9,0
hybrid_w32,537,32,16,0.0625,12,0
hybrid_w32,538,32,16,0.0625,12,0
hybrid_w32,539,32,16,0.0625,12,0
hybrid_w32,540,32,16,0.0625,13,0
hybrid_w32,541,32,16,0.0625,11,0
hybrid_w32,542,32,16,0.0625,11,0
hybrid_w32,543,32,16,0.0625,12,0
hybrid_w32,544,32,16,0.0625,7,0
hybrid_w32,545,32,16,0.0625,13,0
hybrid_w32,546,32,16,0.0625,13,0
hybrid_w32,547,32,16,0.0625,10,0
hybrid_w32,548,32,16,0.0625,11,0
hybrid_w32,549,32,16,0.0625,10,0
hybrid_w32,550,32,16,0.0625,10,0
hybrid_w32,551,32,16,0.0625,9,0
hybrid_w32,552,32,16,0.0625,13,0
hybrid_w32,553,32,16,0.0625,14,0
hybrid_w32,554,32,16,0.0625,13,0
hybrid_w32,555,32,16,0.0625,8,0
hybrid_w32,556,32,16,0.0625,13,0
hybrid_w32,557,32,16,0.0625,13,0
hybrid_w32,558,32,16,0.0625,12,0
hybrid_w32,559,32,16,0.0625,10,0
hybrid_w32,560,32,16,0.0625,12,0
hybrid_w32,561,32,16,0.0625,13,0
hybrid_w32,562,32,16,0.0625,11,0
hybrid_w32,563,32,16,0.0625,12,0
hybrid_w32,564,32,16,0.0625,10,0
hybrid_w32,565,32,16,0.0625,13,0
hybrid_w32,566,32,16,0.0625,13,0
hybrid_w32,567,32,16,0.0625,10,0
hybrid_w32,568,32,16,0.0625,13,0
hybrid_w32,569,32,16,0.0625,11,0
hybrid_w32,570,32,16,0.0625,12,0
hybrid_w32,571,32,16,0.0625,9,0
hybrid_w32,572,32,16,0.0625,11,0
hybrid_w32,573,32,16,0.0625,11,0
hybrid_w32,574,32,16,0.0625,11,0
hybrid_w32,575,32,16,0.0625,12,0
hybrid_w32,576,32,16,0.0625,13,0
hybrid_w32,577,32,16,0.0625,16,0
hybrid_w32,578,32,16,0.0625,11,0
hybrid_w32,579,32,16,0.0625,12,0
hybrid_w32,580,32,16,0.0625,13,0
hybrid_w32,581,32,16,0.0625,14,0
hybrid_w32,582,32,16,0.0625,8,0
hybrid_w32,583,32,16,0.0625,10,0
hybrid_w32,584,32,16,0.0625,9,0
hybrid_w32,585,32,16,0.0625,11,0
hybrid_w32,586,32,16,0.0625,14,0
hybrid_w32,587,32,16,0.0625,12,0
hybrid_w32,588,32,16,0.0625,14,0
hybrid_w32,589,32,16,0.0625,14,0
hybrid_w32,590,32,16,0.0625,9,0
hybrid_w32,591,32,16,0.0625,10,0
hybrid_w32,592,32,16,0.0625,11,0
hybrid_w32,593,32,16,0.0625,13,0
hybrid_w32,594,32,16,0.0625,12,0
hybrid_w32,595,32,16,0.0625,10,0
hybrid_w32,596,32,16,0.0625,14,0
hybrid_w32,597,32,16,0.0625,12,0
hybrid_w32,598,32,16,0.0625,14,0
hybrid_w32,599,32,16,0.0625,9,0
hybrid_w32,600,32,16,0.0625,11,0
hybrid_w32,601,32,16,0.0625,10,0
hybrid_w32,602,32,16,0.0625,11,0
hybrid_w32,603,32,16,0.0625,7,0
hybrid_w32,604,32,16,0.0625,12,0
hybrid_w32,605,32,16,0.0625,11,0
hybrid_w32,606,32,16,0.0625,13,0
hybrid_w32,607,32,16,0.0625,10,0
hybrid_w32,608,32,16,0.0625,11,0
hybrid_w32,609,32,16,0.0625,10,0
hybrid_w32,610,32,16,0.0625,11,0
hybrid_w32,611,32,16,0.0625,10,0
hybrid_w32,612,32,16,0.0625,14,0
hybrid_w32,613,32,16,0.0625,8,0
hybrid_w32,614,32,16,0.0625,11,0
hybrid_w32,615,32,16,0.0625,14,0
hybrid_w32,616,32,16,0.0625,15,0
hybrid_w32,617,32,16,0.0625,15,0
hybrid_w32,618,32,16,0.0625,11,0
hybrid_w32,619,32,16,0.0625,10,0
hybrid_w32,620,32,16,0.0625,14,0
hybrid_w32,621,32,16,0.0625,13,0
hybrid_w32,622,32,16,0.0625,13,0
hybrid_w32,623,32,16,0.0625,13,0
hybrid_w32,624,32,16,0.0625,12,0
hybrid_w32,625,32,16,0.0625,11,0
hybrid_w32,626,32,16,0.0625,10,0
hybrid_w32,627,32,16,0.0625,13,0
hybrid_w32,628,32,16,0.0625,12,0
hybrid_w32,629,32,16,0.0625,12,0
hybrid_w32,630,32,16,0.0625,10,0
hybrid_w32,631,32,16,0.0625,14,0
hybrid_w32,632,32,16,0.0625,13,0
hybrid_w32,633,32,16,0.0625,10,0
hybrid_w32,634,32,16,0.0625,11,0
hybrid_w32,635,32,16,0.0625,13,0
hybrid_w32,636,32,16,0.0625,11,0
hybrid_w32,637,32,16,0.0625,11,0
hybrid_w32,638,32,16,0.0625,11,0
hybrid_w32,639,32,16,0.0625,12,0
hybrid_w32,640,32,16,0.0625,14,0
hybrid_w32,641,32,16,0.0625,9,0
hybrid_w32,642,32,16,0.0625,11,0
hybrid_w32,643,32,16,0.0625,14,0
hybrid_w32,644,32,16,0.0625,10,0
hybrid_w32,645,32,16,0.0625,9,0
hybrid_w32,646,32,16,0.0625,14,0
hybrid_w32,647,32,16,0.0625,12,0
hybrid_w32,648,32,16,0.0625,10,0
hybrid_w32,649,32,16,0.0625,13,0
hybrid_w32,650,32,16,0.0625,10,0
hybrid_w32,651,32,16,0.0625,9,0
hybrid_w32,652,32,16,0.0625,11,0
hybrid_w32,653,32,16,0.0625,12,0
hybrid_w32,654,32,16,0.0625,13,0
hybrid_w32,655,32,16,0.0625,13,0
hybrid_w32,656,32,16,0.0625,14,0
hybrid_w32,657,32,16,0.0625,11,0
hybrid_w32,658,32,16,0.0625,11,0
hybrid_w32,659,32,16,0.0625,12,0
hybrid_w32,660,32,16,0.0625,9,0
hybrid_w32,661,32,16,0.0625,11,0
hybrid_w32,662,32,16,0.0625,14,0
hybrid_w32,663,32,16,0.0625,11,0
hybrid_w32,664,32,16,0.0625,11,0
hybrid_w32,665,32,16,0.0625,11,0
hybrid_w32,666,32,16,0.0625,12,0
hybrid_w32,667,32,16,0.0625,14,0
hybrid_w32,668,32,16,0.0625,10,0
hybrid_w32,669,32,16,0.0625,11,0
hybrid_w32,670,32,16,0.0625,13,0
hybrid_w32,671,32,16,0.0625,14,0
hybrid_w32,672,32,16,0.0625,14,0
hybrid_w32,673,32,16,0.0625,13,0
hybrid_w32,674,32,16,0.0625,11,0
hybrid_w32,675,32,16,0.0625,12,0
hybrid_w32,676,32,16,0.0625,13,0
hybrid_w32,677,32,16,0.0625,11,0
hybrid_w32,678,32,16,0.0625,12,0
hybrid_w32,679,32,16,0.0625,14,0
hybrid_w32,680,32,16,0.0625,8,0
hybrid_w32,681,32,16,0.0625,12,0
hybrid_w32,682,32,16,0.0625,13,0
hybrid_w32,683,32,16,0.0625,12,0
hybrid_w32,684,32,16,0.0625,12,0
hybrid_w32,685,32,16,0.0625,12,0
hybrid_w32,686,32,16,0.0625,11,0
hybrid_w32,687,32,16,0.0625,9,0
hybrid_w32,688,32,16,0.0625,14,0
hybrid_w32,689,32,16,0.0625,10,0
hybrid_w32,690,32,16,0.0625,13,0
hybrid_w32,691,32,16,0.0625,11,0
hybrid_w32,692,32,16,0.0625,11,0
hybrid_w32,693,32,16,0.0625,12,0
hybrid_w32,694,32,16,0.0625,9,0
hybrid_w32,695,32,16,0.0625,11,0
hybrid_w32,696,32,16,0.0625,11,0
hybrid_w32,697,32,16,0.0625,12,0
hybrid_w32,698,32,16,0.0625,12,0
hybrid_w32,699,32,16,0.0625,11,0
hybrid_w32,700,32,16,0.0625,12,0
hybrid_w32,701,32,16,0.0625,13,0
hybrid_w32,702,32,16,0.0625,14,0
hybrid_w32,703,32,16,0.0625,6,0
hybrid_w32,704,32,16,0.0625,6,0
hybrid_w32,705,32,16,0.0625,10,0
hybrid_w32,706,32,16,0.0625,15,0
hybrid_w32,707,32,16,0.0625,10,0
hybrid_w32,708,32,16,0.0625,11,0
hybrid_w32,709,32,16,0.0625,12,0
hybrid_w32,710,32,16,0.0625,16,0
hybrid_w32,711,32,16,0.0625,9,0
hybrid_w32,712,32,16,0.0625,10,0
hybrid_w32,713,32,16,0.0625,11,0
hybrid_w32,714,32,16,0.0625,16,0
hybrid_w32,715,32,16,0.0625,12,0
hybrid_w32,716,32,16,0.0625,10,0
hybrid_w32,717,32,16,0.0625,12,0
hybrid_w32,718,32,16,0.0625,13,0
hybrid_w32,719,32,16,0.0625,10,0
hybrid_w32,720,32,16,0.0625,10,0
hybrid_w32,721,32,16,0.0625,13,0
hybrid_w32,722,32,16,0.0625,11,0
hybrid_w32,723,32,16,0.0625,12,0
hybrid_w32,724,32,16,0.0625,10,0
hybrid_w32,725,32,16,0.0625,13,0
hybrid_w32,726,32,16,0.0625,9,0
hybrid_w32,727,32,16,0.0625,9,0
hybrid_w32,728,32,16,0.0625,12,0
hybrid_w32,729,32,16,0.0625,14,0
hybrid_w32,730,32,16,0.0625,9,0
hybrid_w32,731,32,16,0.0625,12,0
hybrid_w32,732,32,16,0.0625,11,0
hybrid_w32,733,32,16,0.0625,14,0
hybrid_w32,734,32,16,0.0625,10,0
hybrid_w32,735,32,16,0.0625,12,0
hybrid_w32,736,32,16,0.0625,11,0
hybrid_w32,737,32,16,0.0625,15,0
hybrid_w32,738,32,16,0.0625,12,0
hybrid_w32,739,32,16,0.0625,13,0
hybrid_w32,740,32,16,0.0625,14,0
hybrid_w32,741,32,16,0.0625,10,0
hybrid_w32,742,32,16,0.0625,11,0
hybrid_w32,743,32,16,0.0625,11,0
hybrid_w32,744,32,16,0.0625,12,0
hybrid_w32,745,32,16,0.0625,13,0
hybrid_w32,746,32,16,0.0625,11,0
hybrid_w32,747,32,16,0.0625,13,0
hybrid_w32,748,32,16,0.0625,13,0
hybrid_w32,749,32,16,0.0625,13,0
hybrid_w32,750,32,16,0.0625,10,0
hybrid_w32,751,32,16,0.0625,12,0
hybrid_w32,752,32,16,0.0625,12,0
hybrid_w32,753,32,16,0.0625,12,0
hybrid_w32,754,32,16,0.0625,12,0
hybrid_w32,755,32,16,0.0625,9,0
hybrid_w32,756,32,16,0.0625,16,0
hybrid_w32,757,32,16,0.0625,11,0
hybrid_w32,758,32,16,0.0625,10,0
hybrid_w32,759,32,16,0.0625,11,0
hybrid_w32,760,32,16,0.0625,14,0
hybrid_w32,761,32,16,0.0625,9,0
hybrid_w32,762,32,16,0.0625,11,0
hybrid_w32,763,32,16,0.0625,11,0
hybrid_w32,764,32,16,0.0625,11,0
hybrid_w32,765,32,16,0.0625,13,0
hybrid_w32,766,32,16,0.0625,12,0
hybrid_w32,767,32,16,0.0625,9,0
hybrid_w32,768,32,16,0.0625,13,0
hybrid_w32,769,32,16,0.0625,10,0
hybrid_w32,770,32,16,0.0625,9,0
hybrid_w32,771,32,16,0.0625,12,0
hybrid_w32,772,32,16,0.0625,14,0
hybrid_w32,773,32,16,0.0625,13,0
hybrid_w32,774,32,16,0.0625,11,0
hybrid_w32,775,32,16,0.0625,11,0
hybrid_w32,776,32,16,0.0625,13,0
hybrid_w32,777,32,16,0.0625,12,0
hybrid_w32,778,32,16,0.0625,11,0
hybrid_w32,779,32,16,0.0625,11,0
hybrid_w32,780,32,16,0.0625,11,0
hybrid_w32,781,32,16,0.0625,11,0
hybrid_w32,782,32,16,0.0625,9,0
hybrid_w32,783,32,16,0.0625,13,0
hybrid_w32,784,32,16,0.0625,11,0
hybrid_w32,785,32,16,0.0625,10,0
hybrid_w32,786,32,16,0.0625,11,0
hybrid_w32,787,32,16,0.0625,13,0
hybrid_w32,788,32,16,0.0625,13,0
hybrid_w32,789,32,16,0.0625,12,0
hybrid_w32,790,32,16,0.0625,6,0
hybrid_w32,791,32,16,0.0625,13,0
hybrid_w32,792,32,16,0.0625,11,0
hybrid_w32,793,32,16,0.0625,8,0
hybrid_w32,794,32,16,0.0625,11,0
hybrid_w32,795,32,16,0.0625,14,0
hybrid_w32,796,32,16,0.0625,11,0
hybrid_w32,797,32,16,0.0625,11,0
hybrid_w32,798,32,16,0.0625,11,0
hybrid_w32,799,32,16,0.0625,10,0
hybrid_w32,800,32,16,0.0625,12,0
hybrid_w32,801,32,16,0.0625,15,0
hybrid_w32,802,32,16,0.0625,11,0
hybrid_w32,803,32,16,0.0625,14,0
hybrid_w32,804,32,16,0.0625,13,0
hybrid_w32,805,32,16,0.0625,12,0
hybrid_w32,806,32,16,0.0625,11,0
hybrid_w32,807,32,16,0.0625,15,0
hybrid_w32,808,32,16,0.0625,11,0
hybrid_w32,809,32,16,0.0625,10,0
hybrid_w32,810,32,16,0.0625,9,0
hybrid_w32,811,32,16,0.0625,14,0
hybrid_w32,812,32,16,0.0625,13,0
hybrid_w32,813,32,16,0.0625,13,0
hybrid_w32,814,32,16,0.0625,11,0
hybrid_w32,815,32,16,0.0625,13,0
hybrid_w32,816,32,16,0.0625,9,0
hybrid_w32,817,32,16,0.0625,9,0
hybrid_w32,818,32,16,0.0625,10,0
hybrid_w32,819,32,16,0.0625,15,0
hybrid_w32,820,32,16,0.0625,11,0
hybrid_w32,821,32,16,0.0625,10,0
hybrid_w32,822,32,16,0.0625,10,0
hybrid_w32,823,32,16,0.0625,12,0
hybrid_w32,824,32,16,0.0625,8,0
hybrid_w32,825,32,16,0.0625,10,0
hybrid_w32,826,32,16,0.0625,13,0
hybrid_w32,827,32,16,0.0625,13,0
hybrid_w32,828,32,16,0.0625,12,0
hybrid_w32,829,32,16,0.0625,13,0
hybrid_w32,830,32,16,0.0625,10,0
hybrid_w32,831,32,16,0.0625,13,0
hybrid_w32,832,32,16,0.0625,11,0
hybrid_w32,833,32,16,0.0625,11,0
hybrid_w32,834,32,16,0.0625,15,0
hybrid_w32,835,32,16,0.0625,12,0
hybrid_w32,836,32,16,0.0625,12,0
hybrid_w32,837,32,16,0.0625,10,0
hybrid_w32,838,32,16,0.0625,13,0
hybrid_w32,839,32,16,0.0625,13,0
hybrid_w32,840,32,16,0.0625,12,0
hybrid_w32,841,32,16,0.0625,8,0
hybrid_w32,842,32,16,0.0625,13,0
hybrid_w32,843,32,16,0.0625,12,0
hybrid_w32,844,32,16,0.0625,11,0
hybrid_w32,845,32,16,0.0625,8,0
hybrid_w32,846,32,16,0.0625,12,0
hybrid_w32,847,32,16,0.0625,14,0
hybrid_w32,848,32,16,0.0625,11,0
hybrid_w32,849,32,16,0.0625,10,0
hybrid_w32,850,32,16,0.0625,13,0
hybrid_w32,851,32,16,0.0625,10,0
hybrid_w32,852,32,16,0.0625,11,0
hybrid_w32,853,32,16,0.0625,10,0
hybrid_w32,854,32,16,0.0625,12,0
hybrid_w32,855,32,16,0.0625,8,0
hybrid_w32,856,32,16,0.0625,11,0
hybrid_w32,857,32,16,0.0625,13,0
hybrid_w32,858,32,16,0.0625,14,0
hybrid_w32,859,32,16,0.0625,13,0
hybrid_w32,860,32,16,0.0625,10,0
hybrid_w32,861,32,16,0.0625,11,0
hybrid_w32,862,32,16,0.0625,13,0
hybrid_w32,863,32,16,0.0625,14,0
hybrid_w32,864,32,16,0.0625,13,0
hybrid_w32,865,32,16,0.0625,14,0
hybrid_w32,866,32,16,0.0625,14,0
hybrid_w32,867,32,16,0.0625,12,0
hybrid_w32,868,32,16,0.0625,11,0
hybrid_w32,869,32,16,0.0625,10,0
hybrid_w32,870,32,16,0.0625,14,0
hybrid_w32,871,32,16,0.0625,12,0
hybrid_w32,872,32,16,0.0625,8,0
hybrid_w32,873,32,16,0.0625,11,0
hybrid_w32,874,32,16,0.0625,12,0
hybrid_w32,875,32,16,0.0625,13,0
hybrid_w32,876,32,16,0.0625,11,0
hybrid_w32,877,32,16,0.0625,12,0
hybrid_w32,878,32,16,0.0625,14,0
hybrid_w32,879,32,16,0.0625,13,0
hybrid_w32,880,32,16,0.0625,11,0
hybrid_w32,881,32,16,0.0625,12,0
hybrid_w32,882,32,16,0.0625,12,0
hybrid_w32,883,32,16,0.0625,14,0
hybrid_w32,884,32,16,0.0625,10,0
hybrid_w32,885,32,16,0.0625,12,0
hybrid_w32,886,32,16,0.0625,13,0
hybrid_w32,887,32,16,0.0625,10,0
hybrid_w32,888,32,16,0.0625,11,0
hybrid_w32,889,32,16,0.0625,13,0
hybrid_w32,890,32,16,0.0625,14,0
hybrid_w32,891,32,16,0.0625,12,0
hybrid_w32,892,32,16,0.0625,10,0
hybrid_w32,893,32,16,0.0625,15,0
hybrid_w32,894,32,16,0.0625,13,0
hybrid_w32,895,32,16,0.0625,11,0
hybrid_w32,896,32,16,0.0625,12,0
hybrid_w32,897,32,16,0.0625,15,0
hybrid_w32,898,32,16,0.0625,8,0
hybrid_w32,899,32,16,0.0625,13,0
hybrid_w32,900,32,16,0.0625,12,0
hybrid_w32,901,32,16,0.0625,14,0
hybrid_w32,902,32,16,0.0625,9,0
hybrid_w32,903,32,16,0.0625,10,0
hybrid_w32,904,32,16,0.0625,12,0
hybrid_w32,905,32,16,0.0625,9,0
hybrid_w32,906,32,16,0.0625,14,0
hybrid_w32,907,32,16,0.0625,10,0
hybrid_w32,908,32,16,0.0625,12,0
hybrid_w32,909,32,16,0.0625,13,0
hybrid_w32,910,32,16,0.0625,9,0
hybrid_w32,911,32,16,0.0625,10,0
hybrid_w32,912,32,16,0.0625,11,0
hybrid_w32,913,32,16,0.0625,11,0
hybrid_w32,914,32,16,0.0625,9,0
hybrid_w32,915,32,16,0.0625,11,0
hybrid_w32,916,32,16,0.0625,12,0
hybrid_w32,917,32,16,0.0625,14,0
hybrid_w32,918,32,16,0.0625,13,0
hybrid_w32,919,32,16,0.0625,10,0
hybrid_w32,920,32,16,0.0625,16,0
hybrid_w32,921,32,16,0.0625,12,0
hybrid_w32,922,32,16,0.0625,12,0
hybrid_w32,923,32,16,0.0625,13,0
hybrid_w32,924,32,16,0.0625,13,0
hybrid_w32,925,32,16,0.0625,14,0
hybrid_w32,926,32,16,0.0625,12,0
hybrid_w32,927,32,16,0.0625,12,0
hybrid_w32,928,32,16,0.0625,12,0
hybrid_w32,929,32,16,0.0625,15,0
hybrid_w32,930,32,16,0.0625,13,0
hybrid_w32,931,32,16,0.0625,9,0
hybrid_w32,932,32,16,0.0625,13,0
hybrid_w32,933,32,16,0.0625,10,0
hybrid_w32,934,32,16,0.0625,15,0
hybrid_w32,935,32,16,0.0625,10,0
hybrid_w32,936,32,16,0.0625,12,0
hybrid_w32,937,32,16,0.0625,8,0
hybrid_w32,938,32,16,0.0625,11,0
hybrid_w32,939,32,16,0.0625,14,0
hybrid_w32,940,32,16,0.0625,16,0
hybrid_w32,941,32,16,0.0625,12,0
hybrid_w32,942,32,16,0.0625,10,0
hybrid_w32,943,32,16,0.0625,9,0
hybrid_w32,944,32,16,0.0625,13,0
hybrid_w32,945,32,16,0.0625,11,0
hybrid_w32,946,32,16,0.0625,8,0
hybrid_w32,947,32,16,0.0625,12,0
hybrid_w32,948,32,16,0.0625,11,0
hybrid_w32,949,32,16,0.0625,11,0
hybrid_w32,950,32,16,0.0625,8,0
hybrid_w32,951,32,16,0.0625,13,0
hybrid_w32,952,32,16,0.0625,12,0
hybrid_w32,953,32,16,0.0625,11,0
hybrid_w32,954,32,16,0.0625,10,0
hybrid_w32,955,32,16,0.0625,11,0
hybrid_w32,956,32,16,0.0625,13,0
hybrid_w32,957,32,16,0.0625,9,0
hybrid_w32,958,32,16,0.0625,7,0
hybrid_w32,959,32,16,0.0625,12,0
hybrid_w32,960,32,16,0.0625,10,0
hybrid_w32,961,32,16,0.0625,11,0
hybrid_w32,962,32,16,0.0625,10,0
hybrid_w32,963,32,16,0.0625,9,0
hybrid_w32,964,32,16,0.0625,9,0
hybrid_w32,965,32,16,0.0625,12,0
hybrid_w32,966,32,16,0.0625,11,0
hybrid_w32,967,32,16,0.0625,13,0
hybrid_w32,968,32,16,0.0625,12,0
hybrid_w32,969,32,16,0.0625,12,0
hybrid_w32,970,32,16,0.0625,8,0
hybrid_w32,971,32,16,0.0625,16,0
hybrid_w32,972,32,16,0.0625,11,0
hybrid_w32,973,32,16,0.0625,11,0
hybrid_w32,974,32,16,0.0625,12,0
hybrid_w32,975,32,16,0.0625,13,0
hybrid_w32,976,32,16,0.0625,11,0
hybrid_w32,977,32,16,0.0625,8,0
hybrid_w32,978,32,16,0.0625,12,0
hybrid_w32,979,32,16,0.0625,14,0
hybrid_w32,980,32,16,0.0625,11,0
hybrid_w32,981,32,16,0.0625,10,0
hybrid_w32,982,32,16,0.0625,10,0
hybrid_w32,983,32,16,0.0625,14,0
hybrid_w32,984,32,16,0.0625,12,0
hybrid_w32,985,32,16,0.0625,12,0
hybrid_w32,986,32,16,0.0625,12,0
hybrid_w32,987,32,16,0.0625,11,0
hybrid_w32,988,32,16,0.0625,11,0
hybrid_w32,989,32,16,0.0625,11,0
hybrid_w32,990,32,16,0.0625,13,0
hybrid_w32,991,32,16,0.0625,13,0
hybrid_w32,992,32,16,0.0625,13,0
hybrid_w32,993,32,16,0.0625,12,0
hybrid_w32,994,32,16,0.0625,9,0
hybrid_w32,995,32,16,0.0625,10,0
hybrid_w32,996,32,16,0.0625,12,0
hybrid_w32,997,32,16,0.0625,10,0
hybrid_w32,998,32,16,0.0625,13,0
hybrid_w32,999,32,16,0.0625,12,0
