speaker_id,final_split,utterance_count,duration_seconds,provenance_composition,duplicate_file_count,utterance_bucket,eligibility_status,eligibility_reason,selection_hash,split_seed,split_version
1,test,141,423.000000,train=141|train_small=0|part=0|test=0,0,100-199,eligible_evaluation,at_least_20_utterances,455ca04dbfda23a4a95378ffb61b277d5c73465548ae524e4d65d20b4b16202f,20260729,v2
2,train,166,498.000000,train=166|train_small=0|part=0|test=0,0,100-199,eligible_train,at_least_2_utterances,728847ec66136a7a35564dad96b9fe73caa888644f3f3c3fd38bf874bf6bbf36,20260729,v2
3,train,153,459.000000,train=153|train_small=0|part=0|test=0,0,100-199,eligible_train,at_least_2_utterances,c76f68c2f4371f317ee4db5c6787510d159d38278931190dd110af618043bdac,20260729,v2
4,train,12,36.000000,train=12|train_small=0|part=0|test=0,0,2-19,eligible_train,at_least_2_utterances,464b174bcdaff36222367750868dc792b8ecf9e94eb69fe32a16862798b55fd5,20260729,v2
5,train,12,36.000000,train=12|train_small=0|part=0|test=0,0,2-19,eligible_train,at_least_2_utterances,edd04d72c3bcc93dcd40c76fe874c936a44d218158d574a6dc75c616536c5631,20260729,v2
6,validation,109,327.000000,train=109|train_small=0|part=0|test=0,0,100-199,eligible_evaluation,at_least_20_utterances,1093084c08e9ef249cb4bad01aa4e0d14ed49f901b120ede36904c810145c756,20260729,v2
7,train,159,477.000000,train=159|train_small=0|part=0|test=0,0,100-199,eligible_train,at_least_2_utterances,ee3c068ebb0aa043da6e6b3921400fdf049a6dc108faddf8817a4ce63a3075e2,20260729,v2
8,train,10,30.000000,train=10|train_small=0|part=0|test=0,0,2-19,eligible_train,at_least_2_utterances,5f5ca727db7e3ccdf4225b5f0c94cf78bc218767415a907cda7e5b4e6bd20136,20260729,v2
9,validation,46,138.000000,train=46|train_small=0|part=0|test=0,0,20-49,eligible_evaluation,at_least_20_utterances,1a6df4066957be2dd5d36ad5df5fce0584b851fb6807ddcde1b9ed4e98516448,20260729,v2
10,validation,45,135.000000,train=45|train_small=0|part=0|test=0,0,20-49,eligible_evaluation,at_least_20_utterances,06256114fb52b6e3f15094d648b3ceb1a49a3ea2c85b4564fdcb23f26f745b04,20260729,v2
11,validation,414,1242.000000,train=414|train_small=0|part=0|test=0,0,200-499,eligible_evaluation,at_least_20_utterances,116e7bcdf85ada7109ce45d8efdf365a6b267b2fcc8fc237de17af0691efb893,20260729,v2
12,train,154,462.000000,train=154|train_small=0|part=0|test=0,0,100-199,eligible_train,at_least_2_utterances,57032e02fb13f314008a650a94a1267bb87a4f2a469b3f3afd0c4f10a5649ace,20260729,v2
13,train,442,1326.000000,train=442|train_small=0|part=0|test=0,0,200-499,eligible_train,at_least_2_utterances,6b28db234297d2f7a0ac3c799af50da52668104e6283df4d5b7ee9afa4773cff,20260729,v2
14,train,7,21.000000,train=7|train_small=0|part=0|test=0,0,2-19,eligible_train,at_least_2_utterances,bcf9d99753db99c7f5b491b357de7fba1c1733e7e18f3d7bcb51d19bf7ed6ad4,20260729,v2
15,validation,469,1407.000000,train=469|train_small=0|part=0|test=0,0,200-499,eligible_evaluation,at_least_20_utterances,18fad00675cc5e4b43a6051a7a0c11f0201b06d7ab7262461db2a52cdb556225,20260729,v2
16,train,109,327.000000,train=109|train_small=0|part=0|test=0,0,100-199,eligible_train,at_least_2_utterances,dbe5b65faef3aecf52d9394876f25f6e5147aca47cc68900d28d622f55941435,20260729,v2
17,train,6,18.000000,train=6|train_small=0|part=0|test=0,0,2-19,eligible_train,at_least_2_utterances,f69007204e760c5c2a1c994820319dcd22b7399e60984d2ff563616a7111eca8,20260729,v2
18,train,92,276.000000,train=92|train_small=0|part=0|test=0,0,50-99,eligible_train,at_least_2_utterances,a3737c3c066b5f23d60758bdea7c14c58d7c7e548425177f52fd88c6cd58358c,20260729,v2
19,train,12,36.000000,train=12|train_small=0|part=0|test=0,0,2-19,eligible_train,at_least_2_utterances,0da39ec45da9c405fad842b2256e5e8017fb6e90253fd7b87d611c32bce4fdd8,20260729,v2
20,train,24,72.000000,train=24|train_small=0|part=0|test=0,0,20-49,eligible_train,at_least_2_utterances,9f87217afea561d8e9f049a6c4c50a755a82c170ff473686d59cb217b86c685c,20260729,v2
21,train,127,381.000000,train=127|train_small=0|part=0|test=0,0,100-199,eligible_train,at_least_2_utterances,78974f6eff9b9643f4940c1105384f11edfc839b608ff7e69a4992245fa66784,20260729,v2
22,train,56,168.000000,train=56|train_small=0|part=0|test=0,0,50-99,eligible_train,at_least_2_utterances,d97b45592805bd8508caf6c649e114ffa1150df0ef4865fe38987bdaf563aca0,20260729,v2
23,train,18,54.000000,train=18|train_small=0|part=0|test=0,0,2-19,eligible_train,at_least_2_utterances,60761887af1df861a977731e957ef65ef20ae6dd109dd8638b06390dc902c435,20260729,v2
24,train,101,303.000000,train=101|train_small=0|part=0|test=0,0,100-199,eligible_train,at_least_2_utterances,510eb8e38d2feff0e47e090b9a458e172138456837fa3605aac38a1d6954114c,20260729,v2
25,train,76,228.000000,train=76|train_small=0|part=0|test=0,0,50-99,eligible_train,at_least_2_utterances,b427f3ff57b42e6cfc70480fa09d4d597e764ec0d11ac250b128daf3b9625994,20260729,v2
26,train,226,678.000000,train=226|train_small=0|part=0|test=0,0,200-499,eligible_train,at_least_2_utterances,f828397ccf454c97066ca42a0d31753cd35d1a5d717a1fc4a88b42be6049622f,20260729,v2
27,train,14,42.000000,train=14|train_small=0|part=0|test=0,0,2-19,eligible_train,at_least_2_utterances,8e4d58796e4e777f86f08cb496e3e7f2b02bd35459096bd27b068b99ab9a8567,20260729,v2
28,validation,187,561.000000,train=187|train_small=0|part=0|test=0,0,100-199,eligible_evaluation,at_least_20_utterances,0cd35206b17872d0735c8a8ec640e32792e00465cf04778424d424aad7132cdf,20260729,v2
29,train,186,558.000000,train=186|train_small=0|part=0|test=0,0,100-199,eligible_train,at_least_2_utterances,ab9ccc213f2c63da0c8c1503776364d707dc0dc40147e4fce8d40021b5315336,20260729,v2
30,train,110,330.000000,train=110|train_small=0|part=0|test=0,0,100-199,eligible_train,at_least_2_utterances,536a12003a17a81180168b4adeeb89f445ea448a751a0b4ea884533d200ea80e,20260729,v2
31,train,196,588.000000,train=196|train_small=0|part=0|test=0,0,100-199,eligible_train,at_least_2_utterances,ca479b8cdaa27605c4d47534c8b4bf30854022347ca1fef918516b1e2c4412a8,20260729,v2
32,train,16,48.000000,train=16|train_small=0|part=0|test=0,0,2-19,eligible_train,at_least_2_utterances,fd18e81c7eadcb2c371e52871b6564b19a291cacedff266c89187d84a714b013,20260729,v2
33,train,72,216.000000,train=72|train_small=0|part=0|test=0,0,50-99,eligible_train,at_least_2_utterances,96d340a6a2f014fb467573e826bca4494278d7113089ca9c040b5327de51ed27,20260729,v2
34,train,99,297.000000,train=99|train_small=0|part=0|test=0,0,50-99,eligible_train,at_least_2_utterances,fe79c754f542689b7c6f5511d1a15c6708b1103041b1cbd2d9e5d7a05271edb2,20260729,v2
35,train,76,228.000000,train=76|train_small=0|part=0|test=0,0,50-99,eligible_train,at_least_2_utterances,c05a4c0bc958d6db12197f8dff2dee8b2a596c786f8f74772be53ec588ed2fd1,20260729,v2
36,train,23,69.000000,train=23|train_small=0|part=0|test=0,0,20-49,eligible_train,at_least_2_utterances,5d9cd731b000733bd7a2cb49e9be0e27a5fc4ea585bb120b470b2a7d11a62983,20260729,v2
37,train,175,525.000000,train=175|train_small=0|part=0|test=0,0,100-199,eligible_train,at_least_2_utterances,a225b4a67ec2e5f0a823bd87312315da8d3c832cb3b78e0c90dd0c9e2df3c9e9,20260729,v2
38,test,30,90.000000,train=30|train_small=0|part=0|test=0,0,20-49,eligible_evaluation,at_least_20_utterances,1eec6690db7186034a6fdd6ca1985d9eb43c6f90fac023c61e337796e6afb507,20260729,v2
39,train,37,111.000000,train=37|train_small=0|part=0|test=0,0,20-49,eligible_train,at_least_2_utterances,82763d91101be31745608f714ac0080bd2b161ff74546c8a34ac48730a283f72,20260729,v2
40,train,44,132.000000,train=44|train_small=0|part=0|test=0,0,20-49,eligible_train,at_least_2_utterances,656f5b78a28a0ce0660207d2cd634397d7623d1f3f8d1b93242a02c6138436be,20260729,v2
41,train,128,384.000000,train=128|train_small=0|part=0|test=0,0,100-199,eligible_train,at_least_2_utterances,eeb8165e60f7cb0e73310a212f118c59245068dc70e36f4e6198bcb251425d12,20260729,v2
42,train,51,153.000000,train=51|train_small=0|part=0|test=0,0,50-99,eligible_train,at_least_2_utterances,adef02283e65ba31440bcc4883cf358f6b934dd8214ba2ef96b9f1c14814832c,20260729,v2
43,test,116,348.000000,train=116|train_small=0|part=0|test=0,0,100-199,eligible_evaluation,at_least_20_utterances,2b0a438b5f18302cecc5bc80cede90205d1938d074dea9a2a924eb1444e13d47,20260729,v2
44,train,153,459.000000,train=153|train_small=0|part=0|test=0,0,100-199,eligible_train,at_least_2_utterances,693ab6cb0bd1bf1868816358e4f2b5ecc29547686d4d822d0ba1451ad61a5c91,20260729,v2
45,train,35,105.000000,train=35|train_small=0|part=0|test=0,0,20-49,eligible_train,at_least_2_utterances,70b29d43989bd5f7850783b9b5760f9dbac1e5131e8bab109b1f21b72ed75a50,20260729,v2
46,validation,32,96.000000,train=32|train_small=0|part=0|test=0,0,20-49,eligible_evaluation,at_least_20_utterances,06408654d8f34fef731d22a7cb3d4f56594ee9558123e0c18e3d99506a3d0a82,20260729,v2
47,train,181,543.000000,train=181|train_small=0|part=0|test=0,0,100-199,eligible_train,at_least_2_utterances,f87e6112f5d3e8bdb3041c0413c287dff3fa3d37175d36016f743c6c970dde10,20260729,v2
48,validation,46,138.000000,train=46|train_small=0|part=0|test=0,0,20-49,eligible_evaluation,at_least_20_utterances,15962f0c5f929d0c3383ccfcbae060f6c163dedb678be187d6112feb0f609987,20260729,v2
49,train,386,1158.000000,train=386|train_small=0|part=0|test=0,0,200-499,eligible_train,at_least_2_utterances,c09bedff97b3b9adab48d7d543c33ebc44491118404ac93496af9fdcb29cefd9,20260729,v2
50,train,146,438.000000,train=146|train_small=0|part=0|test=0,0,100-199,eligible_train,at_least_2_utterances,5089916109d367856227b12de362592df943399397e2529d8d19b1a1d1fb65c6,20260729,v2
51,test,26,78.000000,train=26|train_small=0|part=0|test=0,0,20-49,eligible_evaluation,at_least_20_utterances,34d0a85635d4c27275e97941c25cbbbe19528b6014aa0f03a978890e669a79c3,20260729,v2
52,train,5,15.000000,train=5|train_small=0|part=0|test=0,0,2-19,eligible_train,at_least_2_utterances,4374242c332218917440a799e727df557294828b32ec9c4e375cd14116391324,20260729,v2
53,validation,102,306.000000,train=102|train_small=0|part=0|test=0,0,100-199,eligible_evaluation,at_least_20_utterances,22e105e90352b12a6c20bbc08cdc9eb8026218bfd686faa58d8367ed15c93236,20260729,v2
54,train,13,39.000000,train=13|train_small=0|part=0|test=0,0,2-19,eligible_train,at_least_2_utterances,a081c49ab49777879823d23d613106cecdd477bce9b7c887e3c7ec9bd3b65c94,20260729,v2
55,train,74,222.000000,train=74|train_small=0|part=0|test=0,0,50-99,eligible_train,at_least_2_utterances,a90428e2302875e8b05d13a0a868fbc615fd7025a0c94d1fa9f48363c3b00cb7,20260729,v2
56,train,277,831.000000,train=277|train_small=0|part=0|test=0,0,200-499,eligible_train,at_least_2_utterances,e14ea5fdad35ef5931ce2fb5a3d87546e4bdfbc5275b442dff06a16236ed52ff,20260729,v2
57,train,319,957.000000,train=319|train_small=0|part=0|test=0,0,200-499,eligible_train,at_least_2_utterances,f258a1dc4aa9aa0c1913b3919ddfd8fdda08032902442fbbad7520dae0afe788,20260729,v2
58,train,122,366.000000,train=122|train_small=0|part=0|test=0,0,100-199,eligible_train,at_least_2_utterances,bd691c7ea08b38ed94c1a46aa1a4fd43893f97106fb539818c01d5f2effbdffe,20260729,v2
59,train,12,36.000000,train=12|train_small=0|part=0|test=0,0,2-19,eligible_train,at_least_2_utterances,d2988314d7a07ef4569682179d2445a159aae2df1f7c5a77e63cd581f21ca828,20260729,v2
60,train,235,705.000000,train=235|train_small=0|part=0|test=0,0,200-499,eligible_train,at_least_2_utterances,e8b37a9be4315bfd5ea68a5e8eb00cfaf0cd8f4109175f69f51afbd3b0f6449c,20260729,v2
61,train,66,198.000000,train=66|train_small=0|part=0|test=0,0,50-99,eligible_train,at_least_2_utterances,8ab147bf5abd26d349b41a3b289d48b51d9ca6fa1be38f946b598fd37bca614e,20260729,v2
62,test,90,270.000000,train=90|train_small=0|part=0|test=0,0,50-99,eligible_evaluation,at_least_20_utterances,2643751d53bff15c2f3224f1bc38b09ff6e3636c0f91d5141f308468ab1d94cc,20260729,v2
63,train,38,114.000000,train=38|train_small=0|part=0|test=0,0,20-49,eligible_train,at_least_2_utterances,d9e068bf6ad02de42b96b247e06d8e907cd9207d9ff548970ffb5da40a12a412,20260729,v2
64,train,169,507.000000,train=169|train_small=0|part=0|test=0,0,100-199,eligible_train,at_least_2_utterances,7c77af4620dccadc4ae2db5e7fa17f2c82abe9fe101787ad5296af0be6fa77bd,20260729,v2
65,test,130,390.000000,train=130|train_small=0|part=0|test=0,0,100-199,eligible_evaluation,at_least_20_utterances,3d88de263b7eb672d8664d6a6e25ab892e96bf40fa9c3b706c5ff6b17c3f4f9f,20260729,v2
66,train,21,63.000000,train=21|train_small=0|part=0|test=0,0,20-49,eligible_train,at_least_2_utterances,d411c48df21e2668dab00ed720bb99b7440a6ab3fd64f7c984cc7faef1670e47,20260729,v2
67,train,4,12.000000,train=4|train_small=0|part=0|test=0,0,2-19,eligible_train,at_least_2_utterances,141473d8b5095f24882f34e56f6bf052f15deee14f1e9b6221df061b88d3bd03,20260729,v2
68,validation,414,1242.000000,train=414|train_small=0|part=0|test=0,0,200-499,eligible_evaluation,at_least_20_utterances,02ef0018618c0b650c648656363aa372c8fcddf436f0e8b5f71b1ffa20f67fc2,20260729,v2
69,train,116,348.000000,train=116|train_small=0|part=0|test=0,0,100-199,eligible_train,at_least_2_utterances,a42da8691bee168f071f855c59f6fa4ada1c12f66eaa9bb84ebf64c5245bab2c,20260729,v2
70,train,184,552.000000,train=184|train_small=0|part=0|test=0,0,100-199,eligible_train,at_least_2_utterances,f3bc8b387a13703864f1b446a43bb59ddcee2cde041dc8c5bebd44ba451756e0,20260729,v2
71,train,57,171.000000,train=57|train_small=0|part=0|test=0,0,50-99,eligible_train,at_least_2_utterances,cb2ef2fa4ad8456d50b297ca4966bdeb015dce5d297b1beb9cb44da83baf150a,20260729,v2
72,train,55,165.000000,train=55|train_small=0|part=0|test=0,0,50-99,eligible_train,at_least_2_utterances,a6c9880dabbb0c799430233fb2b7e20aefe100799a2dc7bee527f6bedb5f2544,20260729,v2
73,train,5,15.000000,train=5|train_small=0|part=0|test=0,0,2-19,eligible_train,at_least_2_utterances,22dd77fb24e2130267164caf9d7a29c47758a30f239d882e24cac46fef085577,20260729,v2
74,train,173,519.000000,train=173|train_small=0|part=0|test=0,0,100-199,eligible_train,at_least_2_utterances,c2c2289178d8cb4bdfd0f369c3280fb9e4c6ee724ff72051b2d00d858e242621,20260729,v2
75,test,80,240.000000,train=80|train_small=0|part=0|test=0,0,50-99,eligible_evaluation,at_least_20_utterances,33a8c86e9d1d5fe99fd3a9749d6b3bccb531a8ce1d78abce0391acc59195f0e3,20260729,v2
76,train,90,270.000000,train=90|train_small=0|part=0|test=0,0,50-99,eligible_train,at_least_2_utterances,80897ba9e4b4e8a689ea47b1ceb95a753560e0202a790d7d51617f278e8cd48b,20260729,v2
77,train,283,849.000000,train=283|train_small=0|part=0|test=0,0,200-499,eligible_train,at_least_2_utterances,f6399fc5052a64bee8fc637d617dc84f61df48fc4d261b9a49febe18ade86b1c,20260729,v2
78,train,108,324.000000,train=108|train_small=0|part=0|test=0,0,100-199,eligible_train,at_least_2_utterances,a4d4930fc923e7179619dba7605c9a3688a38cc8d0fb63fd2e5614e5158659e5,20260729,v2
79,train,170,510.000000,train=170|train_small=0|part=0|test=0,0,100-199,eligible_train,at_least_2_utterances,7f51bb290e8263d0c7369030efa368ddd7597bfc0dca5c2e958d5a1166957361,20260729,v2
80,train,7,21.000000,train=7|train_small=0|part=0|test=0,0,2-19,eligible_train,at_least_2_utterances,0e902b2fa529a726db87ddd4a8480a523aa427eb320c4f179b7e7d6df31e68dd,20260729,v2
81,train,371,1113.000000,train=371|train_small=0|part=0|test=0,0,200-499,eligible_train,at_least_2_utterances,fa67e90e888d91be341dff976015d290540ea51e23cfbd8f214754f47a561c4c,20260729,v2
82,train,48,144.000000,train=48|train_small=0|part=0|test=0,0,20-49,eligible_train,at_least_2_utterances,e242cc483e82a1433dc00aca3ab2bd30f044b09129c3151d8228bbf3ee2d40a4,20260729,v2
83,validation,60,180.000000,train=60|train_small=0|part=0|test=0,0,50-99,eligible_evaluation,at_least_20_utterances,18f04f55ded7ebb2683cccb3e3322f8311cf85db9b350623d185c86e97347575,20260729,v2
84,train,31,93.000000,train=31|train_small=0|part=0|test=0,0,20-49,eligible_train,at_least_2_utterances,74ea42e18f4288c53053bfa81c89b29e6af3a5a121ed449c0caf764b34b89697,20260729,v2
85,train,363,1089.000000,train=363|train_small=0|part=0|test=0,0,200-499,eligible_train,at_least_2_utterances,ba8a8182c29877ffb3d8348a73a8f0c619cd7b18bd7753a7a17cb6fb767bc119,20260729,v2
86,train,512,1536.000000,train=512|train_small=0|part=0|test=0,0,500+,eligible_train,at_least_2_utterances,4d267af00e2ae18a8305688c710173e44757c43a2d46416000ae9717095235eb,20260729,v2
87,train,5,15.000000,train=5|train_small=0|part=0|test=0,0,2-19,eligible_train,at_least_2_utterances,d57253f27764e9dabe8d298f21770a6c1aeb1d7a2eef92817d35b8c1b1316696,20260729,v2
88,train,4,12.000000,train=4|train_small=0|part=0|test=0,0,2-19,eligible_train,at_least_2_utterances,70ea7ea239e0aa36e73467c2cd4f8440c1ad2606c7c7221943a668f960d13e44,20260729,v2
89,train,131,393.000000,train=131|train_small=0|part=0|test=0,0,100-199,eligible_train,at_least_2_utterances,cfc392d26e302bcf165ae333d0bd16d6fc6607c5ccc7a2a0022fe30b06416f7c,20260729,v2
90,train,114,342.000000,train=114|train_small=0|part=0|test=0,0,100-199,eligible_train,at_least_2_utterances,55c09e17b36ffefe677f2191f1b7640d4cca69b44682238874d11c5d08a9b1af,20260729,v2
91,train,260,780.000000,train=260|train_small=0|part=0|test=0,0,200-499,eligible_train,at_least_2_utterances,85fbc65be863305ea95fcaebe909cd6a06d27b878d037ff777679baef4c9f8a1,20260729,v2
92,train,87,261.000000,train=87|train_small=0|part=0|test=0,0,50-99,eligible_train,at_least_2_utterances,eab35b8fb3aff3cd7f686a1a9cfc1df557e188651550fb3fb169ddbdd6da6d67,20260729,v2
93,train,413,1239.000000,train=413|train_small=0|part=0|test=0,0,200-499,eligible_train,at_least_2_utterances,fe702eceb330b3d1ff717eb931666abba2dcc0b7260fa1477b9c9f98e3dc1286,20260729,v2
94,train,4,12.000000,train=4|train_small=0|part=0|test=0,0,2-19,eligible_train,at_least_2_utterances,9f8c38da40b091427885116a7a8ea0b7145dbbfd36e8e8fff0ef04bc9e171f8a,20260729,v2
95,train,59,177.000000,train=59|train_small=0|part=0|test=0,0,50-99,eligible_train,at_least_2_utterances,911f0b72f8fe30cb588cced6cdf5ddd4be70de4a61d24c9e4ac79d3f0504e245,20260729,v2
96,train,44,132.000000,train=44|train_small=0|part=0|test=0,0,20-49,eligible_train,at_least_2_utterances,cb70f4199546658722923d813d8fb72b9420cef3cb1491116f99f07511a272a2,20260729,v2
97,train,10,30.000000,train=10|train_small=0|part=0|test=0,0,2-19,eligible_train,at_least_2_utterances,9d9e384773a6d838148cb45877116dffd1a87ef87720cdde89997e4822bafe64,20260729,v2
98,validation,107,321.000000,train=107|train_small=0|part=0|test=0,0,100-199,eligible_evaluation,at_least_20_utterances,044fbd68920b4ee8d528660b91d177a07f5fa0dbc6cc162b693f2481fff2be77,20260729,v2
99,test,116,348.000000,train=116|train_small=0|part=0|test=0,0,100-199,eligible_evaluation,at_least_20_utterances,37f050d21a8150921dcaeeaa65be51932187b4fba7749c416b180743f438c017,20260729,v2
100,train,456,1368.000000,train=456|train_small=0|part=0|test=0,0,200-499,eligible_train,at_least_2_utterances,add21fb46028bbf62fcc87c862c6ceb3f19d1c668ffe1907a7a7d3c77ec99138,20260729,v2
101,train,319,957.000000,train=319|train_small=0|part=0|test=0,0,200-499,eligible_train,at_least_2_utterances,71869003d52bb4aff84a167278001ced55a6029eb5dc01967c80734c934682d3,20260729,v2
102,train,345,1035.000000,train=345|train_small=0|part=0|test=0,0,200-499,eligible_train,at_least_2_utterances,57261eae62c390dc5281d7062795a223011fea0fab10e230afdee95eeb165da7,20260729,v2
103,train,26,78.000000,train=26|train_small=0|part=0|test=0,0,20-49,eligible_train,at_least_2_utterances,8f25e997705704f6c3cb0284d6e98e5d29d0dda943338a34c07177ac1e1913a3,20260729,v2
104,train,123,369.000000,train=123|train_small=0|part=0|test=0,0,100-199,eligible_train,at_least_2_utterances,a03b965b91231b067286b5dd4fd44762d5fd4fdc6b0236c06a0ef166150edb8a,20260729,v2
105,train,527,1581.000000,train=527|train_small=0|part=0|test=0,0,500+,eligible_train,at_least_2_utterances,b648d74e2274420386e3593003420c97591954f2c763272479dadf897502f67c,20260729,v2
106,test,380,1140.000000,train=380|train_small=0|part=0|test=0,0,200-499,eligible_evaluation,at_least_20_utterances,234ac3deafc00aaf642b862c24f68f49d904b7ad80dd6f016edd46ac4416222c,20260729,v2
107,train,140,420.000000,train=140|train_small=0|part=0|test=0,0,100-199,eligible_train,at_least_2_utterances,7fc213967629bb920cfb888063b3986b1aef1254c7a134bb05d487ca6f020474,20260729,v2
108,train,34,102.000000,train=34|train_small=0|part=0|test=0,0,20-49,eligible_train,at_least_2_utterances,55d310c939bfd9f9b07094e86a836d7d3aea0cc414d8f7f4926b9b32b542d8e2,20260729,v2
109,train,225,675.000000,train=225|train_small=0|part=0|test=0,0,200-499,eligible_train,at_least_2_utterances,489d5472e1071382f5b93817adcb01697e8035cbbe5d6786a5009d8a68aa643b,20260729,v2
110,train,108,324.000000,train=108|train_small=0|part=0|test=0,0,100-199,eligible_train,at_least_2_utterances,cb8b8133aaae2500de5299cd019f9d0eb84ed1994d5be4e2329fa513a3f14aa0,20260729,v2
111,train,66,198.000000,train=66|train_small=0|part=0|test=0,0,50-99,eligible_train,at_least_2_utterances,b72c98fb81d9c88c7deaec9bba77a8e05fbce43510e69f78e877213d9595a512,20260729,v2
112,train,172,516.000000,train=172|train_small=0|part=0|test=0,0,100-199,eligible_train,at_least_2_utterances,647ea03d7dd937560b81234d1baded3ec8019f05c96be10beaded7664d117384,20260729,v2
113,train,66,198.000000,train=66|train_small=0|part=0|test=0,0,50-99,eligible_train,at_least_2_utterances,9aaca298aea02a338003e1a025edb3da14bb9894c432cca75565b738ce9022d1,20260729,v2
114,train,108,324.000000,train=108|train_small=0|part=0|test=0,0,100-199,eligible_train,at_least_2_utterances,d15d0484805a3aa822122620863effb888550a8c008e54d73efadc490dd7667b,20260729,v2
115,train,49,147.000000,train=49|train_small=0|part=0|test=0,0,20-49,eligible_train,at_least_2_utterances,888783ca0b11025ebcb4fb46488f65c0e3fdab506a334c7448fde3fce7529389,20260729,v2
116,train,151,453.000000,train=151|train_small=0|part=0|test=0,0,100-199,eligible_train,at_least_2_utterances,ff187d3bccd41110ae445329c2b66251eac7735ed5ee7081781392d4f9c86bdf,20260729,v2
117,train,27,81.000000,train=27|train_small=0|part=0|test=0,0,20-49,eligible_train,at_least_2_utterances,b00ff902bb951e997d9fbaa51fd814034dcb461bec5df92eafa3173a09226db9,20260729,v2
119,train,13,39.000000,train=13|train_small=0|part=0|test=0,0,2-19,eligible_train,at_least_2_utterances,ad5c3633194af3a7d05e97074e790d7fa0d250da0cf9ce4bc018c171fa29d5d0,20260729,v2
120,train,123,369.000000,train=123|train_small=0|part=0|test=0,0,100-199,eligible_train,at_least_2_utterances,8fb9f39340f48f35e67a7be90ea4d473af751bcd11bb2b038efe78b2068884c1,20260729,v2
121,train,72,216.000000,train=72|train_small=0|part=0|test=0,0,50-99,eligible_train,at_least_2_utterances,4437f78711d93eb63ece06520a12756fd60f0eb51a973637774eb6d73a866694,20260729,v2
122,train,154,462.000000,train=154|train_small=0|part=0|test=0,0,100-199,eligible_train,at_least_2_utterances,8a467a1391ffafdf28597a536fdd4c52e48a39e75ee0d0c84d24443c2f78eecd,20260729,v2
123,train,116,348.000000,train=116|train_small=0|part=0|test=0,0,100-199,eligible_train,at_least_2_utterances,e22fbcbbf85df6f65b337a028513996d25becc52df977010c1d666ef4693ec5c,20260729,v2
124,train,71,213.000000,train=71|train_small=0|part=0|test=0,0,50-99,eligible_train,at_least_2_utterances,90543f8dee34d59fb115f84a0fc7b821ba4fe7e0093f46e7336f72b961376b4a,20260729,v2
125,train,274,822.000000,train=274|train_small=0|part=0|test=0,0,200-499,eligible_train,at_least_2_utterances,47d9a9d3fb1612dbe3898b8c549703d795ad2419dbcf273c9c8a3f34577b8168,20260729,v2
126,train,237,711.000000,train=237|train_small=0|part=0|test=0,0,200-499,eligible_train,at_least_2_utterances,73ed34f5286f38e289e8dbab97c08e479dea28b928e26df1b98b67165f3297fe,20260729,v2
127,test,303,909.000000,train=303|train_small=0|part=0|test=0,0,200-499,eligible_evaluation,at_least_20_utterances,22c30debd68739ef3d6f195d1ac9fdeeef90b987edee9ebd944824039902702d,20260729,v2
128,train,24,72.000000,train=24|train_small=0|part=0|test=0,0,20-49,eligible_train,at_least_2_utterances,dd6009e6d25937f08d57d7aea151a092cdc36fd6fea9b5a79919bc01b0e04dbc,20260729,v2
129,validation,66,198.000000,train=66|train_small=0|part=0|test=0,0,50-99,eligible_evaluation,at_least_20_utterances,13f66c68090191bbddc31ba3316324516247fe35de525ff65dddc57ad71eea72,20260729,v2
130,train,26,78.000000,train=26|train_small=0|part=0|test=0,0,20-49,eligible_train,at_least_2_utterances,a84f039e6766fb7c258a5bcf9860033d8cfad8f3f13bc3fde3d5a80e794a8ac4,20260729,v2
131,train,215,645.000000,train=215|train_small=0|part=0|test=0,0,200-499,eligible_train,at_least_2_utterances,b506540a2e7c675f4c93d75d02953a41f707d20df0c9a6ab68b0b886341155ac,20260729,v2
132,train,140,420.000000,train=140|train_small=0|part=0|test=0,0,100-199,eligible_train,at_least_2_utterances,ecf1a1fe1f5a86358285946e233c520bfac9720f7a879ca429b02d0362f344ff,20260729,v2
133,train,44,132.000000,train=44|train_small=0|part=0|test=0,0,20-49,eligible_train,at_least_2_utterances,a4ed4b8a00a0174b7e1ed6c4cd15708e189aa70fa392f530b01bb4887d911690,20260729,v2
134,train,112,336.000000,train=112|train_small=0|part=0|test=0,0,100-199,eligible_train,at_least_2_utterances,d2e7d00c97295faf0980ac9b8f11d862a2f475de5d44592dea782e24247259fd,20260729,v2
135,train,155,465.000000,train=155|train_small=0|part=0|test=0,0,100-199,eligible_train,at_least_2_utterances,6c955d6ba328c9cc6723925349217cee015ea722149955a1737d1e43a199d74a,20260729,v2
136,train,426,1278.000000,train=426|train_small=0|part=0|test=0,0,200-499,eligible_train,at_least_2_utterances,df00f58ca03631b80fe92973deeddc1972b7670173fbad8fa4e4c23082856c14,20260729,v2
137,validation,92,276.000000,train=92|train_small=0|part=0|test=0,0,50-99,eligible_evaluation,at_least_20_utterances,00387ef53ba3b8c0069593a7fe3a974e31dc2a6517e31659ab8a1a789df0825a,20260729,v2
138,train,64,192.000000,train=64|train_small=0|part=0|test=0,0,50-99,eligible_train,at_least_2_utterances,51dbc640d7059f9eaeb399abcc49006f0c6da3e5ecfa33743300d3c18d2809a9,20260729,v2
139,validation,55,165.000000,train=55|train_small=0|part=0|test=0,0,50-99,eligible_evaluation,at_least_20_utterances,06718d8e2f6b5a8c5c3057ba204fb38d5ae8c2b78541d4bbd979bff1fcec4d77,20260729,v2
140,train,22,66.000000,train=22|train_small=0|part=0|test=0,0,20-49,eligible_train,at_least_2_utterances,5a15f437df8fba23ea0272802a8d4f10478d9939e5443101b603f8d469c38902,20260729,v2
141,train,35,105.000000,train=35|train_small=0|part=0|test=0,0,20-49,eligible_train,at_least_2_utterances,9e7b03cbea0c1809c4288725b6d5f8008050e37e5e7ac97c12d6e04c2e7e2961,20260729,v2
142,train,10,30.000000,train=10|train_small=0|part=0|test=0,0,2-19,eligible_train,at_least_2_utterances,55a094ac97f9e5e7926edeb8440416e9d7672a35fb2f2057d4e8415215d527bd,20260729,v2
143,validation,419,1257.000000,train=419|train_small=0|part=0|test=0,0,200-499,eligible_evaluation,at_least_20_utterances,0303e8ab71848185b6ae48be055989c0e2bcad51dfedd6caa7cbfa99078b1867,20260729,v2
144,train,338,1014.000000,train=338|train_small=0|part=0|test=0,0,200-499,eligible_train,at_least_2_utterances,7a48fa909b35da8b8adf3bf74ff052fe760eca6e7fea02dfddd162ea89e48582,20260729,v2
145,train,58,174.000000,train=58|train_small=0|part=0|test=0,0,50-99,eligible_train,at_least_2_utterances,f793dfabdb47b41313e827c11a8d64905fac3e07269f847c19fe52a32440c6b5,20260729,v2
146,train,26,78.000000,train=26|train_small=0|part=0|test=0,0,20-49,eligible_train,at_least_2_utterances,4d1a2cc3a06434846cb2cab4c56a82a356631ee6e0b89d46b186d9db22ad1cc3,20260729,v2
147,train,189,567.000000,train=189|train_small=0|part=0|test=0,0,100-199,eligible_train,at_least_2_utterances,6aa4f7184164f24726fc0a9c966bc4ecea5a01f4d69ff075b59c8f7c7a9d5e4a,20260729,v2
148,test,108,324.000000,train=108|train_small=0|part=0|test=0,0,100-199,eligible_evaluation,at_least_20_utterances,30e9df7649d55303c0c899d529cd8ee09364d55436e88d70a627f174621df972,20260729,v2
149,validation,122,366.000000,train=122|train_small=0|part=0|test=0,0,100-199,eligible_evaluation,at_least_20_utterances,09bf66f7ff91cff800ea949752f2eb71cb4065e0e8070263d7c22a6c99734e98,20260729,v2
150,train,59,177.000000,train=59|train_small=0|part=0|test=0,0,50-99,eligible_train,at_least_2_utterances,7163b84189aaaafd1accfc33462e2c409aca829105760a89619a6e677a4fb8b7,20260729,v2
151,train,76,228.000000,train=76|train_small=0|part=0|test=0,0,50-99,eligible_train,at_least_2_utterances,919c38ee36bd59051e56434c1a3ae4db3a00c6f1ff33267792a1f898e9f66a3d,20260729,v2
152,train,18,54.000000,train=18|train_small=0|part=0|test=0,0,2-19,eligible_train,at_least_2_utterances,2931554104f0a36a9df6df135951648b5f4562f968daf7ac665b1f21b523944f,20260729,v2
153,train,44,132.000000,train=44|train_small=0|part=0|test=0,0,20-49,eligible_train,at_least_2_utterances,a75af1d345f34eab719ce68a5ab42f4cfe8c474336a71109aa1955963ed93ad9,20260729,v2
154,train,302,906.000000,train=302|train_small=0|part=0|test=0,0,200-499,eligible_train,at_least_2_utterances,66676c7572713a4225439bec0f540d0401cd6cdd0459ef38f7edb4b591ebf1f5,20260729,v2
155,train,227,681.000000,train=227|train_small=0|part=0|test=0,0,200-499,eligible_train,at_least_2_utterances,744eda755c29edeb5dd8a3036c489ae04883b2e41d0ad4e9f5029fd1d71cd279,20260729,v2
156,train,143,429.000000,train=143|train_small=0|part=0|test=0,0,100-199,eligible_train,at_least_2_utterances,8723a43548e436ea3a538365ea4ab5d4fb1f2cde412edd4e8d9aa2eb04c51ae5,20260729,v2
157,train,54,162.000000,train=54|train_small=0|part=0|test=0,0,50-99,eligible_train,at_least_2_utterances,fa0322f7bba95497207a62d30743f6a7a8dbf39ebc62c95bd524c0cb86646941,20260729,v2
158,train,190,570.000000,train=190|train_small=0|part=0|test=0,0,100-199,eligible_train,at_least_2_utterances,874e565726b880d102a6429ec2ef9aeea5cc01a200505e8c7c4210d3bafe4d08,20260729,v2
159,test,179,537.000000,train=179|train_small=0|part=0|test=0,0,100-199,eligible_evaluation,at_least_20_utterances,317e9c3d2cf973c172a79464b574b64eeb3b73bb9aece610bcd5c8dbd347ea08,20260729,v2
160,train,10,30.000000,train=10|train_small=0|part=0|test=0,0,2-19,eligible_train,at_least_2_utterances,dcba833d8e85a8093aa4470b38c15fa11aa59cb3e31bf573bb44e53a0c2d27e3,20260729,v2
161,validation,25,75.000000,train=25|train_small=0|part=0|test=0,0,20-49,eligible_evaluation,at_least_20_utterances,158b8347d85e9d01d28e0ba7b69002bcb0d86863ce3eb061b5002964aa1fbdcd,20260729,v2
162,train,175,525.000000,train=175|train_small=0|part=0|test=0,0,100-199,eligible_train,at_least_2_utterances,4d19d9816a669732df35a958ae5785eca488e70ed142f8f8c79e2f409d06b5bf,20260729,v2
163,train,56,168.000000,train=56|train_small=0|part=0|test=0,0,50-99,eligible_train,at_least_2_utterances,ff1e473c2e5e7fb1cc587090c08530ca47d763998562a13f35ec220401e6df3a,20260729,v2
164,train,298,894.000000,train=298|train_small=0|part=0|test=0,0,200-499,eligible_train,at_least_2_utterances,ffcb37b07f7800d7692b4247dbcbfc1a385fffe921c55d247f3d977a617ab99e,20260729,v2
165,train,314,942.000000,train=314|train_small=0|part=0|test=0,0,200-499,eligible_train,at_least_2_utterances,d00e182170381e20565ea0e278a6057007720629acf7a7a421b1d5eae6942a02,20260729,v2
166,train,9,27.000000,train=9|train_small=0|part=0|test=0,0,2-19,eligible_train,at_least_2_utterances,6b02d4787df1756bb9e54e5441302abad7ceaa49af9ef99ba69406f1e9081ad6,20260729,v2
167,validation,73,219.000000,train=73|train_small=0|part=0|test=0,0,50-99,eligible_evaluation,at_least_20_utterances,10c8cb0b55cbdc14ac64e590eec6b191cefc5e8067971c8e6b084db55250cd53,20260729,v2
168,train,180,540.000000,train=180|train_small=0|part=0|test=0,0,100-199,eligible_train,at_least_2_utterances,57b7f1af276738f848e347ca91d133fb2d6d88cd05795863965b2d4ef54b0cd1,20260729,v2
169,train,468,1404.000000,train=468|train_small=0|part=0|test=0,0,200-499,eligible_train,at_least_2_utterances,9a3d5afe8df673fc396c07abf81fb1cd2a193ebf7d1a463ef097108288f24993,20260729,v2
170,train,473,1419.000000,train=473|train_small=0|part=0|test=0,0,200-499,eligible_train,at_least_2_utterances,63beed560ae5bc4464a6a120101e0bfe4a80c67ff03aa6a0ce283ff57ac44fec,20260729,v2
171,train,44,132.000000,train=44|train_small=0|part=0|test=0,0,20-49,eligible_train,at_least_2_utterances,e6e83dd0cde7ea0efeb6118ddcffc94a3b830d2ef992eead391ed306066d07e0,20260729,v2
172,train,46,138.000000,train=46|train_small=0|part=0|test=0,0,20-49,eligible_train,at_least_2_utterances,460bef51489c6436b6bea6ecba65d3ca206dcff8dbc9ab01278338aee2b36e46,20260729,v2
173,validation,339,1017.000000,train=339|train_small=0|part=0|test=0,0,200-499,eligible_evaluation,at_least_20_utterances,0f1fa0a2d232552389fe5be8e8b4e0962ddb745cdff4c0e936c7228dbeea5906,20260729,v2
174,train,123,369.000000,train=123|train_small=0|part=0|test=0,0,100-199,eligible_train,at_least_2_utterances,f752fa2d88464d7de1e58a64d0dc97ae4ce435d3cc4931222a498aaf44276777,20260729,v2
175,validation,37,111.000000,train=37|train_small=0|part=0|test=0,0,20-49,eligible_evaluation,at_least_20_utterances,0431ba837d614e4276f5cbed453ed734b4024bd7aee7a6e1e40cbdbe44123248,20260729,v2
176,train,107,321.000000,train=107|train_small=0|part=0|test=0,0,100-199,eligible_train,at_least_2_utterances,55996dce0f91cf5206e340c1905480d8b4158f7e18dee0c38f4b415011fc61ab,20260729,v2
177,train,125,375.000000,train=125|train_small=0|part=0|test=0,0,100-199,eligible_train,at_least_2_utterances,a1b2eded51472bf4d8a4503594d640fc410b8f05a42f7a78f11dec0c881f89e5,20260729,v2
178,test,24,72.000000,train=24|train_small=0|part=0|test=0,0,20-49,eligible_evaluation,at_least_20_utterances,2adef33f86ba30d69ffc41849f602cc185f59f427a64f2726ede911334bf74aa,20260729,v2
179,train,84,252.000000,train=84|train_small=0|part=0|test=0,0,50-99,eligible_train,at_least_2_utterances,6a9dd1502238a8b2ebe206d7b3a553a46f66223017abb54ec4faadc1d7d2c9d3,20260729,v2
180,train,195,585.000000,train=195|train_small=0|part=0|test=0,0,100-199,eligible_train,at_least_2_utterances,5aa25f938cc9003662ef8e1d6b8a9e3b0cb281007133387776476a6216044cdc,20260729,v2
181,train,61,183.000000,train=61|train_small=0|part=0|test=0,0,50-99,eligible_train,at_least_2_utterances,c6a2901934be1838f4fb7f7c1b729b1e1a8ec11af732d5ee9dcf12388b737706,20260729,v2
182,train,52,156.000000,train=52|train_small=0|part=0|test=0,0,50-99,eligible_train,at_least_2_utterances,87abc0d78eae9e00db50192d2c81c6ed3237b5ce6d3a714123ddcf1a74c46f74,20260729,v2
183,validation,163,489.000000,train=163|train_small=0|part=0|test=0,0,100-199,eligible_evaluation,at_least_20_utterances,1c6223f9ad8e71b7821dfc0b4b56eb55d5674890c41a7b59e10e6445335ced62,20260729,v2
184,train,199,597.000000,train=199|train_small=0|part=0|test=0,0,100-199,eligible_train,at_least_2_utterances,d20ffbab37a155184721183ba1b51d5178f50903b3108dc62ebde8e9c1763d2d,20260729,v2
185,train,98,294.000000,train=98|train_small=0|part=0|test=0,0,50-99,eligible_train,at_least_2_utterances,a36544b564821ac288c471f7396cafcc81041de6220ddf1b62725c74ab69bcfa,20260729,v2
186,train,76,228.000000,train=76|train_small=0|part=0|test=0,0,50-99,eligible_train,at_least_2_utterances,edb3c546311a081e81998d06de0a6bc49a759d738dc8aeeb5334b2672a4b8a85,20260729,v2
187,train,51,153.000000,train=51|train_small=0|part=0|test=0,0,50-99,eligible_train,at_least_2_utterances,d685efdc26d25cf7574a16ad623ce3b87c8db7989e87a302a6b1e44a77af67e5,20260729,v2
188,train,469,1407.000000,train=469|train_small=0|part=0|test=0,0,200-499,eligible_train,at_least_2_utterances,b2fcc7d22624932c064131ef03359825de56f994d4dc21d1a4ec85fe4932d066,20260729,v2
189,train,38,114.000000,train=38|train_small=0|part=0|test=0,0,20-49,eligible_train,at_least_2_utterances,89a399a11a749430b7c0b7a5522330b1aebc21c38a35e252ef9e8c6f3fb6b6b1,20260729,v2
190,validation,522,1566.000000,train=522|train_small=0|part=0|test=0,0,500+,eligible_evaluation,at_least_20_utterances,3b2de18967cec49492cf36e00366c64fdfd41e7eb734258e12db67e8755e2863,20260729,v2
191,train,35,105.000000,train=35|train_small=0|part=0|test=0,0,20-49,eligible_train,at_least_2_utterances,c4488dfe43098d2b66a89075fa76fc32cdfc1d938ae0af8cdd72d2f94db4c016,20260729,v2
192,train,3,9.000000,train=3|train_small=0|part=0|test=0,0,2-19,eligible_train,at_least_2_utterances,f97153a20cd2d1ce09fd2bf3fa911c31b2d9f263b89d8b407106ed2f4a50b13f,20260729,v2
193,train,18,54.000000,train=18|train_small=0|part=0|test=0,0,2-19,eligible_train,at_least_2_utterances,306177699bebecba98b96e37c94878956e131a7ad4cf56c053d2d37215070196,20260729,v2
194,train,13,39.000000,train=13|train_small=0|part=0|test=0,0,2-19,eligible_train,at_least_2_utterances,4bde67f429bb338e98b7897dbcea0c7bda4594af62cfdc26afb5a276213fc457,20260729,v2
195,train,8,24.000000,train=8|train_small=0|part=0|test=0,0,2-19,eligible_train,at_least_2_utterances,aa7e8eedcf399834f43d144a516110b5bf3e6ad845201470612fadb53330161b,20260729,v2
196,train,59,177.000000,train=59|train_small=0|part=0|test=0,0,50-99,eligible_train,at_least_2_utterances,a60d7e4cd21c5fc2e9d18d5635d44cf2661005173a93357b04fc82acac286e80,20260729,v2
197,train,142,426.000000,train=142|train_small=0|part=0|test=0,0,100-199,eligible_train,at_least_2_utterances,eff1425b4932a36f1f91c70c29c62c47e6ad1bd0f9d78a05d75158bb55c7ad9e,20260729,v2
198,train,149,447.000000,train=149|train_small=0|part=0|test=0,0,100-199,eligible_train,at_least_2_utterances,c528122f46ffe740c5a7a4f588568ff8711e5c71e48d8a6634e3f035659f1def,20260729,v2
199,validation,73,219.000000,train=73|train_small=0|part=0|test=0,0,50-99,eligible_evaluation,at_least_20_utterances,0e609bda2a55223d61f9fe4009a45dd7448aa2ef7836c990a21755f178345d9c,20260729,v2
200,train,91,273.000000,train=91|train_small=0|part=0|test=0,0,50-99,eligible_train,at_least_2_utterances,7c4a3c05c37379f53e099ba34dad4985ae5ec0d5879f42ed19e13e9630452936,20260729,v2
201,validation,80,240.000000,train=80|train_small=0|part=0|test=0,0,50-99,eligible_evaluation,at_least_20_utterances,21b1504271e4b35526f1a86e1c7554a943f9339630031d00f42f7d06984b6822,20260729,v2
202,train,28,84.000000,train=28|train_small=0|part=0|test=0,0,20-49,eligible_train,at_least_2_utterances,ec3574eff18683a3c36c55dca1ec88023c22923378c57a785838358b69a42188,20260729,v2
203,train,95,285.000000,train=95|train_small=0|part=0|test=0,0,50-99,eligible_train,at_least_2_utterances,934d4af5299bf22a53e07b060cd8d3ba1492845b467ab2fc182a0eea18b02e7e,20260729,v2
204,train,135,405.000000,train=135|train_small=0|part=0|test=0,0,100-199,eligible_train,at_least_2_utterances,ec9df2923142d1f3cd72bb5ffddd4b8fd55aa6293294857b878aa952522a3fbb,20260729,v2
205,train,180,540.000000,train=180|train_small=0|part=0|test=0,0,100-199,eligible_train,at_least_2_utterances,e29c03b4a7b2afa7c896a869641ae540718b15ac446436de562a194395b95722,20260729,v2
206,test,77,231.000000,train=77|train_small=0|part=0|test=0,0,50-99,eligible_evaluation,at_least_20_utterances,30a316bf4063c9df4d0099a2ad91d511c03b405dccde02034f1ccbe8bb727437,20260729,v2
207,train,5,15.000000,train=5|train_small=0|part=0|test=0,0,2-19,eligible_train,at_least_2_utterances,0076e47e8687aaf20001f00bc4e2d6995f2804af3eeda7391769caf3af07b572,20260729,v2
208,train,106,318.000000,train=106|train_small=0|part=0|test=0,0,100-199,eligible_train,at_least_2_utterances,7b1b44e82e66d656906a37e8001dd82ce3d117341b0bd35e3e63cb77d19837dd,20260729,v2
209,train,10,30.000000,train=10|train_small=0|part=0|test=0,0,2-19,eligible_train,at_least_2_utterances,2d6fd24b2cab625b12c19f70d1b82b3bad14243f2c46d61f163810d9bddd0c7f,20260729,v2
210,test,140,420.000000,train=140|train_small=0|part=0|test=0,0,100-199,eligible_evaluation,at_least_20_utterances,35c62d3cb0aee2ccbce32867e474b7ca12aae9d4febc7b003ac7e7d24cf3c03c,20260729,v2
211,train,8,24.000000,train=8|train_small=0|part=0|test=0,0,2-19,eligible_train,at_least_2_utterances,7fab2d8840631535c78d1c54869596198d1a9963d8bf8059602af3d21dba8254,20260729,v2
212,train,385,1155.000000,train=385|train_small=0|part=0|test=0,0,200-499,eligible_train,at_least_2_utterances,43dc9a440a30b3d49d1c9d5f1348231627b74845eef1224869486f8a41a55313,20260729,v2
213,validation,72,216.000000,train=72|train_small=0|part=0|test=0,0,50-99,eligible_evaluation,at_least_20_utterances,10d7c99f9383c09abaa2149c44f57fdc0d0b9d3f073461950e750d9fb99bc441,20260729,v2
214,train,6,18.000000,train=6|train_small=0|part=0|test=0,0,2-19,eligible_train,at_least_2_utterances,cb7f557f5eba18f9ebfcf5d899e12790ec25224c46176f73f4d29924c5ed97bf,20260729,v2
215,train,19,57.000000,train=19|train_small=0|part=0|test=0,0,2-19,eligible_train,at_least_2_utterances,60c9a09251b8352a84c18a5569dd4f1257bb514e215de6591eab16eb79e0bfac,20260729,v2
216,train,68,204.000000,train=68|train_small=0|part=0|test=0,0,50-99,eligible_train,at_least_2_utterances,76bc7a890d885ac2a2cc9462a897178d229156c0aa0eb12cd14fb563939c2b77,20260729,v2
217,validation,152,456.000000,train=152|train_small=0|part=0|test=0,0,100-199,eligible_evaluation,at_least_20_utterances,24ed3d6d6aff5c3f2e85499d0cd1102a59d9b8bde548dff2687610395c2fc02e,20260729,v2
218,train,35,105.000000,train=35|train_small=0|part=0|test=0,0,20-49,eligible_train,at_least_2_utterances,c43dee48fc0d0bc527bb33aeac1c04ae16c2c6e16e88af7d7dc4ec571759e91f,20260729,v2
219,train,52,156.000000,train=52|train_small=0|part=0|test=0,0,50-99,eligible_train,at_least_2_utterances,d43910acd96838e4fbc13f51e25b8aeee7b593497ef8c26163f53b282b862723,20260729,v2
220,train,24,72.000000,train=24|train_small=0|part=0|test=0,0,20-49,eligible_train,at_least_2_utterances,d6c65d94dbfc2aba4daf591926419f8defd66f017b05d839ec98dde40611ad80,20260729,v2
221,train,75,225.000000,train=75|train_small=0|part=0|test=0,0,50-99,eligible_train,at_least_2_utterances,fbfab6e8ce4003c6dbf6d388a2a7470fe47b4a865bbafc47101a90aacca74365,20260729,v2
222,train,22,66.000000,train=22|train_small=0|part=0|test=0,0,20-49,eligible_train,at_least_2_utterances,5fbf9ce7902c601bc87e8f82f0c8f07176e1ba1512f2b2df2167b1a730383652,20260729,v2
223,validation,186,558.000000,train=186|train_small=0|part=0|test=0,0,100-199,eligible_evaluation,at_least_20_utterances,223da0f8ab92df34b9317f13da36c0c7c340d89dcffcf1e70b044f5c2d953461,20260729,v2
224,train,63,189.000000,train=63|train_small=0|part=0|test=0,0,50-99,eligible_train,at_least_2_utterances,780ef35c540a3577b347b6d512030d3b4e39934c40550a6c18571bab88939a11,20260729,v2
225,train,67,201.000000,train=67|train_small=0|part=0|test=0,0,50-99,eligible_train,at_least_2_utterances,76e66d1b6c6fcfe252db7efc39755107f685f9c4527ba17d26b1148d925e1610,20260729,v2
226,train,28,84.000000,train=28|train_small=0|part=0|test=0,0,20-49,eligible_train,at_least_2_utterances,ec549df8c6bb69201a2af4a5aec511b58d978340cad5ffca40dbbaca6a56a5ea,20260729,v2
227,train,35,105.000000,train=35|train_small=0|part=0|test=0,0,20-49,eligible_train,at_least_2_utterances,cf3ff042384fc5a80f167cef9a5d74e849678f6e72701bf5b7ea5660ec6b6d7f,20260729,v2
228,validation,142,426.000000,train=142|train_small=0|part=0|test=0,0,100-199,eligible_evaluation,at_least_20_utterances,02bb13a8ddabc94a84c1f4bf08cd61e25dd25d5f546b66bd2f6d2fd3c9b2990b,20260729,v2
229,train,146,438.000000,train=146|train_small=0|part=0|test=0,0,100-199,eligible_train,at_least_2_utterances,dc817c23d107dbf23aee6e0cb166fd90f194247c265d60d4dc2fa8b1644759af,20260729,v2
230,train,223,669.000000,train=223|train_small=0|part=0|test=0,0,200-499,eligible_train,at_least_2_utterances,49eb18e08862d1b621da58015d7088166ddb5a19c1d860442717f22649eea614,20260729,v2
231,train,271,813.000000,train=271|train_small=0|part=0|test=0,0,200-499,eligible_train,at_least_2_utterances,874884451e97bbe7f15571fc1f0c85e81adb2f329c8c2b25364f9cc1ac7d0f92,20260729,v2
232,train,8,24.000000,train=8|train_small=0|part=0|test=0,0,2-19,eligible_train,at_least_2_utterances,0b058de234235a90d7b092a450153e96b00c82e9b34a128a4ff2942ca59f9bc1,20260729,v2
233,train,161,483.000000,train=161|train_small=0|part=0|test=0,0,100-199,eligible_train,at_least_2_utterances,990b84441c7dd117de323de317a2b98441ba17e455301f38d4cce3020bddbeaa,20260729,v2
234,validation,58,174.000000,train=58|train_small=0|part=0|test=0,0,50-99,eligible_evaluation,at_least_20_utterances,142483f217481988ad3a7e0328ac4d63554ffd7a414b69ef1db3bffc0464c295,20260729,v2
235,test,122,366.000000,train=122|train_small=0|part=0|test=0,0,100-199,eligible_evaluation,at_least_20_utterances,3ae462f58061e71b91a0f6240c42ecfcfad411dd401e1c722d1cc2b82a6de7b1,20260729,v2
236,train,8,24.000000,train=8|train_small=0|part=0|test=0,0,2-19,eligible_train,at_least_2_utterances,3d65c086afdf47637933d77c4b86c4c912957eb548fc9b014c1fb8f68e8579fc,20260729,v2
237,train,321,963.000000,train=321|train_small=0|part=0|test=0,0,200-499,eligible_train,at_least_2_utterances,fb6d79e8e6a9f58586f84e27d0f470e145437efce434b5d91bddb7ce0888db0b,20260729,v2
238,train,25,75.000000,train=25|train_small=0|part=0|test=0,0,20-49,eligible_train,at_least_2_utterances,a63037485431008532b56c65df6203f4b256b00c91440ac87d92f6e6c825ce7a,20260729,v2
239,train,70,210.000000,train=70|train_small=0|part=0|test=0,0,50-99,eligible_train,at_least_2_utterances,94a7b933344090696be4048066b8ecb7c41fbbecdadcbd10340bacfdb52823b9,20260729,v2
240,train,90,270.000000,train=90|train_small=0|part=0|test=0,0,50-99,eligible_train,at_least_2_utterances,7d5c2a50050bfacd5fb1412cffd33ec2ca06d799fc33892628904139af58d1a2,20260729,v2
241,train,21,63.000000,train=21|train_small=0|part=0|test=0,0,20-49,eligible_train,at_least_2_utterances,510b42df65bfec508b89b542f909af925bfc7455badd7b37df5fa058520647bd,20260729,v2
242,validation,46,138.000000,train=46|train_small=0|part=0|test=0,0,20-49,eligible_evaluation,at_least_20_utterances,17a697cd63d15b0709fe86da15fdffb1ff0902c6dfa003ebb373c3ebf7770241,20260729,v2
243,train,167,501.000000,train=167|train_small=0|part=0|test=0,0,100-199,eligible_train,at_least_2_utterances,9a3619e81ae063c8308faf5dafa04eec7664bca9f6f55388a66e17cd9ae5fd3d,20260729,v2
244,train,15,45.000000,train=15|train_small=0|part=0|test=0,0,2-19,eligible_train,at_least_2_utterances,667d4f7295f56ff73eaa5c7f4938c24311770fd12144f4052b80c4e0201e0add,20260729,v2
245,train,147,441.000000,train=147|train_small=0|part=0|test=0,0,100-199,eligible_train,at_least_2_utterances,d7638d29932efe650894c42ffa4572f426c542c6fa4b7245ce030903abfe03db,20260729,v2
246,train,110,330.000000,train=110|train_small=0|part=0|test=0,0,100-199,eligible_train,at_least_2_utterances,987c30807fce72a67f41fe5df21f6fb7f3f7d47a6a769e3684346b020cefd538,20260729,v2
247,validation,37,111.000000,train=37|train_small=0|part=0|test=0,0,20-49,eligible_evaluation,at_least_20_utterances,06cc4ed2c7b58ceff2ecf67d3d611423513d05b276d0bed10b90a508b20d7738,20260729,v2
248,train,346,1038.000000,train=346|train_small=0|part=0|test=0,0,200-499,eligible_train,at_least_2_utterances,7950e31a213e63d3912d389b77ac1ad9eb8143970b3dcf4aeb2d41eb97b65b7d,20260729,v2
249,train,73,219.000000,train=73|train_small=0|part=0|test=0,0,50-99,eligible_train,at_least_2_utterances,40723c4f7106451612281df8d01fd1b12c3585afe3bdb543d617c3b67fb8f25b,20260729,v2
250,test,58,174.000000,train=58|train_small=0|part=0|test=0,0,50-99,eligible_evaluation,at_least_20_utterances,322e25843f1782fd2b5e3206bb4a4f72caf80e13962671455a4f956038b37a13,20260729,v2
251,train,23,69.000000,train=23|train_small=0|part=0|test=0,0,20-49,eligible_train,at_least_2_utterances,bc1e18557fa299d5e86cc1c7a425336ef2dc40084f1e35b3768144980bdb3b48,20260729,v2
252,train,181,543.000000,train=181|train_small=0|part=0|test=0,0,100-199,eligible_train,at_least_2_utterances,d7a5614775183944867c169b0158f732c4c6f93698acaa742a9de874ae69dc25,20260729,v2
253,train,113,339.000000,train=113|train_small=0|part=0|test=0,0,100-199,eligible_train,at_least_2_utterances,cb56385cc8f7b5f1f4aa6f9d9fab088a96930ce684ff9b192cd53833b2401e6a,20260729,v2
254,train,44,132.000000,train=44|train_small=0|part=0|test=0,0,20-49,eligible_train,at_least_2_utterances,f62ba0fe33147b214ffee4d41dc7246ccf42387c70e0f7fb1ff2537b66932e48,20260729,v2
255,train,103,309.000000,train=103|train_small=0|part=0|test=0,0,100-199,eligible_train,at_least_2_utterances,d43a3169c9ae9a4cebf74249037146d9216e7c7558c237faa65faa40d9f80071,20260729,v2
256,train,82,246.000000,train=82|train_small=0|part=0|test=0,0,50-99,eligible_train,at_least_2_utterances,70f6a7274458f7831947be0eb30fc6319d262ef46d43c7ce67153c8e73cb8e6a,20260729,v2
257,train,65,195.000000,train=65|train_small=0|part=0|test=0,0,50-99,eligible_train,at_least_2_utterances,ce47267eb961473ec06c01602d49564e74d9158ac2f1f875e6ac21715d702077,20260729,v2
258,train,41,123.000000,train=41|train_small=0|part=0|test=0,0,20-49,eligible_train,at_least_2_utterances,468a9fa8d9d9961a5010550426a750cddeeded18199b2a6fdb2155ff6efe1c07,20260729,v2
259,train,349,1047.000000,train=349|train_small=0|part=0|test=0,0,200-499,eligible_train,at_least_2_utterances,5b9a3fa78a239e36199397d6d5c1379348bb68c55f38595f0e746574b2322de0,20260729,v2
260,train,20,60.000000,train=20|train_small=0|part=0|test=0,0,20-49,eligible_train,at_least_2_utterances,b27e1cf529c3faaa34904f0ab6c5ddac1d5f4ce283aad880186081f4a080f4a7,20260729,v2
261,train,40,120.000000,train=40|train_small=0|part=0|test=0,0,20-49,eligible_train,at_least_2_utterances,af48371a6e0d84a5342696d01706b7bd85879ab0b4cfee9ec62c6fba5db4cd00,20260729,v2
262,test,142,426.000000,train=142|train_small=0|part=0|test=0,0,100-199,eligible_evaluation,at_least_20_utterances,2b864ae036206efc5859ab9876cb921984f8e1fb62f86d5655372e6157ce16d9,20260729,v2
263,train,260,780.000000,train=260|train_small=0|part=0|test=0,0,200-499,eligible_train,at_least_2_utterances,a6c1a6e2de4e4ddadd78a51bbb7459a79cb687ed960c26c8ed7871956288fd34,20260729,v2
264,validation,157,471.000000,train=157|train_small=0|part=0|test=0,0,100-199,eligible_evaluation,at_least_20_utterances,25e11f434486efc3cef66d711d6b6b6917cef56419f2e905cadcd7a065a17cf1,20260729,v2
265,train,111,333.000000,train=111|train_small=0|part=0|test=0,0,100-199,eligible_train,at_least_2_utterances,6b617d70e4028dada400c8849db6d9d7ebd5ffe014a4e31bc773e6f3077b61e9,20260729,v2
266,train,21,63.000000,train=21|train_small=0|part=0|test=0,0,20-49,eligible_train,at_least_2_utterances,f0e1c303423c1ffb00edba0617a1d3b13983beee2ac236942ddb4b5f0193eb2c,20260729,v2
267,test,58,174.000000,train=58|train_small=0|part=0|test=0,0,50-99,eligible_evaluation,at_least_20_utterances,3b7fca9a6af5a1d79dd725c01054a715a6b7891cec8affbea87992abcee47f29,20260729,v2
268,train,252,756.000000,train=252|train_small=0|part=0|test=0,0,200-499,eligible_train,at_least_2_utterances,a1263b7077e58971490ab1d58bd588137c19a437901daf71294ddb9c5df9f44f,20260729,v2
269,train,97,291.000000,train=97|train_small=0|part=0|test=0,0,50-99,eligible_train,at_least_2_utterances,4afc629438399367041943fa640b77403a2bbbae037a524f1350f4e6e231b1cd,20260729,v2
270,train,75,225.000000,train=75|train_small=0|part=0|test=0,0,50-99,eligible_train,at_least_2_utterances,fe69b54e906fc2af479d4561af6f7a1316723f73d5cad3b6d3868cf8f19ac4c3,20260729,v2
271,train,196,588.000000,train=196|train_small=0|part=0|test=0,0,100-199,eligible_train,at_least_2_utterances,ec8a2b6fcbc6b021174487e2951fc820e0ef3a2683e13112b212f97aa407a7ad,20260729,v2
272,train,65,195.000000,train=65|train_small=0|part=0|test=0,0,50-99,eligible_train,at_least_2_utterances,8e45cccb80af9cef46a011a55e2ea7a531f9f7a9bf90dad00b87ff3240ddd8c4,20260729,v2
273,train,38,114.000000,train=38|train_small=0|part=0|test=0,0,20-49,eligible_train,at_least_2_utterances,ba13412663ef26e4ebf64cff69070db9e56f10eb0a2e58dac36a59162267b12a,20260729,v2
274,train,121,363.000000,train=121|train_small=0|part=0|test=0,0,100-199,eligible_train,at_least_2_utterances,bb66a18eef96a596ad3d929d0018721be4ae4993f83f602700bd5466b9ddb710,20260729,v2
275,test,377,1131.000000,train=377|train_small=0|part=0|test=0,0,200-499,eligible_evaluation,at_least_20_utterances,267a29ae75d3bc5af59bed8b4aa8ce538cf69f33d5a734dbc8f0ca379fa5ad77,20260729,v2
276,train,104,312.000000,train=104|train_small=0|part=0|test=0,0,100-199,eligible_train,at_least_2_utterances,e45eaab81da1c8276e7eac1f63e93c5b4f19b2a29bb463b7045b7a23a85f00de,20260729,v2
277,train,279,837.000000,train=279|train_small=0|part=0|test=0,0,200-499,eligible_train,at_least_2_utterances,47a9a810c1a8cea3efea3042fceabf6a96015dc6d4dd8d20ef4524f47f12bbfc,20260729,v2
278,test,61,183.000000,train=61|train_small=0|part=0|test=0,0,50-99,eligible_evaluation,at_least_20_utterances,28f1858942bca26c339bfcfae4de6bdeb51bd71fe5d6030e3d36f1d51530b9d2,20260729,v2
279,train,176,528.000000,train=176|train_small=0|part=0|test=0,0,100-199,eligible_train,at_least_2_utterances,f067b3f392fa3d799b21e7a81b227ad6ee1af1344e92352984a3737370d9ba5d,20260729,v2
280,validation,37,111.000000,train=37|train_small=0|part=0|test=0,0,20-49,eligible_evaluation,at_least_20_utterances,010e3c796b92c21341ee4473be834f661350227d090eae7079c25426964cffac,20260729,v2
281,test,35,105.000000,train=35|train_small=0|part=0|test=0,0,20-49,eligible_evaluation,at_least_20_utterances,3998ff3a39cbce27d761f57c5db48ba50bc0655b66dee42ebdb8778fe352964d,20260729,v2
282,train,27,81.000000,train=27|train_small=0|part=0|test=0,0,20-49,eligible_train,at_least_2_utterances,c20b3b2b60ad00d5b0bfd8c672ff44bd01e565af6cd1c96653fea5d717236c85,20260729,v2
283,test,107,321.000000,train=107|train_small=0|part=0|test=0,0,100-199,eligible_evaluation,at_least_20_utterances,2c1fd8ac658776fc438eb0eb7f16dfedc20325ff06e49c0a3dc79f9a946c7520,20260729,v2
284,train,22,66.000000,train=22|train_small=0|part=0|test=0,0,20-49,eligible_train,at_least_2_utterances,5d99618b872ce3c65bc5724cf2f41c0731bffa373d0724563a5580d00ddb088b,20260729,v2
285,train,6,18.000000,train=6|train_small=0|part=0|test=0,0,2-19,eligible_train,at_least_2_utterances,8832a4c79296fa463efded042a006565748acabe09324b6ccbb465d3e965661d,20260729,v2
286,train,236,708.000000,train=236|train_small=0|part=0|test=0,0,200-499,eligible_train,at_least_2_utterances,94513af5de455e0fbb648bd1ee40131aa9bcbeb80406910114c1e3e48cc9d91d,20260729,v2
287,test,31,93.000000,train=31|train_small=0|part=0|test=0,0,20-49,eligible_evaluation,at_least_20_utterances,412aef5b661e265d278283c7a0fb37f0352dfbb6b081e9a39e7697f60f4ac93a,20260729,v2
288,test,42,126.000000,train=42|train_small=0|part=0|test=0,0,20-49,eligible_evaluation,at_least_20_utterances,226783165f1919c1df5d78bf56d8db8847d74509c99a2e5eeb65005f2b624912,20260729,v2
289,train,222,666.000000,train=222|train_small=0|part=0|test=0,0,200-499,eligible_train,at_least_2_utterances,4178a11b41d60376b3344bdcb92c0f80a50f27e81e8d8f6ac59b20bf5cc60880,20260729,v2
290,train,124,372.000000,train=124|train_small=0|part=0|test=0,0,100-199,eligible_train,at_least_2_utterances,c0dd508c9bb77cb1384959b8ec3915a1cb56820a072cb77e946e421ccbba3333,20260729,v2
291,train,7,21.000000,train=7|train_small=0|part=0|test=0,0,2-19,eligible_train,at_least_2_utterances,92707659e3bbce79b6f871783f1f8a2d085f9e095c22a003eaaaf0f838f5bcb4,20260729,v2
292,train,331,993.000000,train=331|train_small=0|part=0|test=0,0,200-499,eligible_train,at_least_2_utterances,9190e61511400eb7dd52984c7397ecbbab26d1bfced043e3bb577e6528bb2ea1,20260729,v2
293,train,266,798.000000,train=266|train_small=0|part=0|test=0,0,200-499,eligible_train,at_least_2_utterances,e4ef9a0ec21075e37ceb5819cac7f6ce0d08ce18237b3f1c080579526d394cd2,20260729,v2
294,validation,230,690.000000,train=230|train_small=0|part=0|test=0,0,200-499,eligible_evaluation,at_least_20_utterances,1495c95f7f13196409eee2019b9a53da7ab5162ca5063b58e150a607b4f909e2,20260729,v2
295,validation,263,789.000000,train=263|train_small=0|part=0|test=0,0,200-499,eligible_evaluation,at_least_20_utterances,3b7ca87957c91872eb3d910f980a17ab4b72c2b2c883f9a5b760274cc06e1c2a,20260729,v2
296,train,42,126.000000,train=42|train_small=0|part=0|test=0,0,20-49,eligible_train,at_least_2_utterances,c423dd4a54dce9f60e69efb62100c7eb9ad3a545df08d273600fa1c80269de28,20260729,v2
297,train,50,150.000000,train=50|train_small=0|part=0|test=0,0,50-99,eligible_train,at_least_2_utterances,c1104993f342e505177ca1037ac1c43d0457b46b938e261f2d66e4acb854efde,20260729,v2
298,train,70,210.000000,train=70|train_small=0|part=0|test=0,0,50-99,eligible_train,at_least_2_utterances,d8d8c1954fc1b9b7a36797e445473c77548c2aeec721e094baa5e5b416c1b6dc,20260729,v2
299,train,19,57.000000,train=19|train_small=0|part=0|test=0,0,2-19,eligible_train,at_least_2_utterances,30939919a81013d808832f4d1c4cfcc6e160657262a4344c73f0ef69559d6136,20260729,v2
300,train,311,933.000000,train=311|train_small=0|part=0|test=0,0,200-499,eligible_train,at_least_2_utterances,e1ecd67c5ceedbe1ced83a4363c8f78b7519788d6d80283af1c6080794bc1955,20260729,v2
301,train,9,27.000000,train=9|train_small=0|part=0|test=0,0,2-19,eligible_train,at_least_2_utterances,bfc2b9bd580c31136a1212caeb36c1504f02d5ed93a751da595a7d69ccadc843,20260729,v2
302,train,87,261.000000,train=87|train_small=0|part=0|test=0,0,50-99,eligible_train,at_least_2_utterances,4e6c27e3cc965e14e199616995fab299630cc55c9f6b1f3ca9b13c4d143885c5,20260729,v2
303,train,64,192.000000,train=64|train_small=0|part=0|test=0,0,50-99,eligible_train,at_least_2_utterances,d88795a4cdaadaabf88e08ddf553edc19f9e5ee536ec91bf901f78c59f511f8c,20260729,v2
304,train,299,897.000000,train=299|train_small=0|part=0|test=0,0,200-499,eligible_train,at_least_2_utterances,e46805bb402860bf324a6cd0fbc3ae7af954dbfd85b6e19cd971b2023a133cdd,20260729,v2
305,train,117,351.000000,train=117|train_small=0|part=0|test=0,0,100-199,eligible_train,at_least_2_utterances,6b71842153f08c26a10c0d67675de6c07c38aadb663f19bb3d59de74cc6a0029,20260729,v2
306,train,26,78.000000,train=26|train_small=0|part=0|test=0,0,20-49,eligible_train,at_least_2_utterances,a1287bc5e66c07b99935745541a47fd630536264f9dea977b78f213467ae718d,20260729,v2
307,test,20,60.000000,train=20|train_small=0|part=0|test=0,0,20-49,eligible_evaluation,at_least_20_utterances,24d94d769c5aefe61665b8c47ccfb615889f669a38fb839aedb04b1012dcfe1f,20260729,v2
308,train,18,54.000000,train=18|train_small=0|part=0|test=0,0,2-19,eligible_train,at_least_2_utterances,7aee13e9585b20f236390d92c12bff995b9eed580a5e27c18db4ac66626fdf49,20260729,v2
309,train,59,177.000000,train=59|train_small=0|part=0|test=0,0,50-99,eligible_train,at_least_2_utterances,d682dbb3c1d97fb28a8c2f5ca52f6d7647ab0b83b85f64921c5c4fd031260abf,20260729,v2
310,train,67,201.000000,train=67|train_small=0|part=0|test=0,0,50-99,eligible_train,at_least_2_utterances,cd6dda14ca58b0f16cebf61fbaa2588af755440e5105823c476da9cb9a48dd3d,20260729,v2
311,train,187,561.000000,train=187|train_small=0|part=0|test=0,0,100-199,eligible_train,at_least_2_utterances,7084c8ff6df9c539e49b45f0864263068f7a762cd25ae0f4106ae4da35710784,20260729,v2
312,train,172,516.000000,train=172|train_small=0|part=0|test=0,0,100-199,eligible_train,at_least_2_utterances,e7e4c04e9feca0b7d8a77bd97939c25491901541ee9960e48b4bebb2f322d683,20260729,v2
313,train,5,15.000000,train=5|train_small=0|part=0|test=0,0,2-19,eligible_train,at_least_2_utterances,b4856c420f068cb9921b1eb1d62f227f6b75bec4ed1e6bc80f46bf0bf4da7d24,20260729,v2
314,validation,160,480.000000,train=160|train_small=0|part=0|test=0,0,100-199,eligible_evaluation,at_least_20_utterances,1add3d5fd3c7d1cc43fd195f14e05699875cc1c5f9304de2f3f490dda965fd2f,20260729,v2
315,train,87,261.000000,train=87|train_small=0|part=0|test=0,0,50-99,eligible_train,at_least_2_utterances,a7775d26ae2b58140863823599d382291c3134259dad9452e2b5491efe92ffe3,20260729,v2
316,train,92,276.000000,train=92|train_small=0|part=0|test=0,0,50-99,eligible_train,at_least_2_utterances,bbf6507a7a39144bd4e6e1a8d0a3c244e7ebb0e565c75e18af11fb15b930511e,20260729,v2
317,train,92,276.000000,train=92|train_small=0|part=0|test=0,0,50-99,eligible_train,at_least_2_utterances,c0ce56f93c81bf4adcf20df7432ea34b0d45fdcd115b2a17e57f864b3ef7ef13,20260729,v2
318,test,254,762.000000,train=254|train_small=0|part=0|test=0,0,200-499,eligible_evaluation,at_least_20_utterances,3a42605b4702cd3a69d3d1d71911ae184742dcc2585d6bec5233d455af185375,20260729,v2
319,train,35,105.000000,train=35|train_small=0|part=0|test=0,0,20-49,eligible_train,at_least_2_utterances,54e7cd279bec2c2f16bfc72d66253cc71bc4f5369c2d62b61bf8937af8b6539a,20260729,v2
320,train,79,237.000000,train=79|train_small=0|part=0|test=0,0,50-99,eligible_train,at_least_2_utterances,b830e93ab4b764d4762fa065be91a10887c3d8757172f8b1788d00bf769ea2ee,20260729,v2
321,train,71,213.000000,train=71|train_small=0|part=0|test=0,0,50-99,eligible_train,at_least_2_utterances,85c1f6459aa3bc8ffd1be38d2fc74c5fd905dcfa06c896f445a97ed2574377f9,20260729,v2
322,train,15,45.000000,train=15|train_small=0|part=0|test=0,0,2-19,eligible_train,at_least_2_utterances,ec4c50f3194037e6924a885581f667498c78d844bec034442e4ed1774fba77b2,20260729,v2
323,train,373,1119.000000,train=373|train_small=0|part=0|test=0,0,200-499,eligible_train,at_least_2_utterances,a0175976bcda513749a66cfef974aa35176503bdb85c93b3a3907160d06a1298,20260729,v2
324,train,164,492.000000,train=164|train_small=0|part=0|test=0,0,100-199,eligible_train,at_least_2_utterances,8116d1d16fd25e4f966c6e599929a143a37e27519bc4cca1471d5be191df981a,20260729,v2
325,test,234,702.000000,train=234|train_small=0|part=0|test=0,0,200-499,eligible_evaluation,at_least_20_utterances,2edc84e24052b33def19241e48cb00a666ab9be9693ea74d0a7deedf6c5d1dba,20260729,v2
326,train,135,405.000000,train=135|train_small=0|part=0|test=0,0,100-199,eligible_train,at_least_2_utterances,c5695149b2e7ffb40c07d9e5f6122006136c380fb81b6f383af23c06cfe8fcd9,20260729,v2
327,test,43,129.000000,train=43|train_small=0|part=0|test=0,0,20-49,eligible_evaluation,at_least_20_utterances,395fb502ca24a084388c23f786247edbbf041c3bac3a889cef3b75e7c1ac9c35,20260729,v2
328,train,14,42.000000,train=14|train_small=0|part=0|test=0,0,2-19,eligible_train,at_least_2_utterances,2b4af223f5a006e29c2894418e3c481e5f6ee73bdfb024273f5261f1fd13747f,20260729,v2
329,test,94,282.000000,train=94|train_small=0|part=0|test=0,0,50-99,eligible_evaluation,at_least_20_utterances,2db44f4cc02d8f148020444af3bf4f76dba94d75b76e4bcd6257b49e04caf60a,20260729,v2
330,train,97,291.000000,train=97|train_small=0|part=0|test=0,0,50-99,eligible_train,at_least_2_utterances,e0b2dcc8a46e9fcf6736187185d56a9ac9cfb3149aef60cc40455d78e50c961d,20260729,v2
331,train,57,171.000000,train=57|train_small=0|part=0|test=0,0,50-99,eligible_train,at_least_2_utterances,871d060c5f3aa446b012817847840123d5ec628a7ac144c4eff016e54d9e8ff5,20260729,v2
332,train,96,288.000000,train=96|train_small=0|part=0|test=0,0,50-99,eligible_train,at_least_2_utterances,4928414b232ef9c3c511c461e84c011ad24a957eab7734e3de51b2444d6b5725,20260729,v2
333,test,107,321.000000,train=107|train_small=0|part=0|test=0,0,100-199,eligible_evaluation,at_least_20_utterances,4b37d3f6f9eabebd528f8fe2874adc444432c4521efb6bbd933397b4c0d29959,20260729,v2
334,validation,58,174.000000,train=58|train_small=0|part=0|test=0,0,50-99,eligible_evaluation,at_least_20_utterances,22c91136598ca6e69bb24b8e3e61083b333936931068b2c66d4d1c34063cd825,20260729,v2
335,train,154,462.000000,train=154|train_small=0|part=0|test=0,0,100-199,eligible_train,at_least_2_utterances,cd621e42369b8f6c3469b78fa684c36597aae8734fb43b4b4a3dbf5d818b13f1,20260729,v2
336,validation,332,996.000000,train=332|train_small=0|part=0|test=0,0,200-499,eligible_evaluation,at_least_20_utterances,0d7d0df68571fa7cc6c68a5c8fefe1f6152d572c9042f66a2c83567becfcb505,20260729,v2
337,train,141,423.000000,train=141|train_small=0|part=0|test=0,0,100-199,eligible_train,at_least_2_utterances,af86d05ed4ba2c1057aa194c7f070152d8c262844cd20cfad8fe9372d22f812c,20260729,v2
338,train,8,24.000000,train=8|train_small=0|part=0|test=0,0,2-19,eligible_train,at_least_2_utterances,334a5d7a272770a5fb73e396e48d70c057ca3a08201c0444fc8bbe1c29390565,20260729,v2
339,train,29,87.000000,train=29|train_small=0|part=0|test=0,0,20-49,eligible_train,at_least_2_utterances,aa7b399d4914240b0e31f8e3ad1f4c9feb66e26476f0ec8b7ad2f12466b0808d,20260729,v2
340,train,56,168.000000,train=56|train_small=0|part=0|test=0,0,50-99,eligible_train,at_least_2_utterances,8f13ccfa0ef41aff8739ac11be7b5094fd756180e961482fb049ba0f6b3b7e19,20260729,v2
341,train,138,414.000000,train=138|train_small=0|part=0|test=0,0,100-199,eligible_train,at_least_2_utterances,ba5c158f54f0f7c56649a0a7ac5c632b885aca06fc1f3b62160a3bd0bf8919ee,20260729,v2
342,validation,28,84.000000,train=28|train_small=0|part=0|test=0,0,20-49,eligible_evaluation,at_least_20_utterances,0e5b4aefd87f2278d4b6e92f0b093c8f7a2226e918bf552e83cd8e403c6863c1,20260729,v2
343,train,129,387.000000,train=129|train_small=0|part=0|test=0,0,100-199,eligible_train,at_least_2_utterances,ef7e98df59d4628915774a35da7c110e6632247eed0fe87e8d456804c82b24e5,20260729,v2
344,train,107,321.000000,train=107|train_small=0|part=0|test=0,0,100-199,eligible_train,at_least_2_utterances,f0b08304f55883d56b23eb9f97ed99821753da71f25fb7bc763e2a353ce15805,20260729,v2
345,train,265,795.000000,train=265|train_small=0|part=0|test=0,0,200-499,eligible_train,at_least_2_utterances,7d3a60d87df67aa1a00382034fa3e21e695c9bf77b1bd91081454c9cf3fb1be7,20260729,v2
346,train,266,798.000000,train=266|train_small=0|part=0|test=0,0,200-499,eligible_train,at_least_2_utterances,917d83707319e7b3bcf1232e0f3389a84960978ee1c3966738199a489471daec,20260729,v2
347,train,7,21.000000,train=7|train_small=0|part=0|test=0,0,2-19,eligible_train,at_least_2_utterances,1ff5b7c8638a704730758f3a0f41bbe394df854997c1199edad7069d4805ff3f,20260729,v2
348,validation,238,714.000000,train=238|train_small=0|part=0|test=0,0,200-499,eligible_evaluation,at_least_20_utterances,156c78fdd74dde0d7c53f22eb5a979a28f4382fc533b1c4aab7029d954621de9,20260729,v2
349,train,504,1512.000000,train=504|train_small=0|part=0|test=0,0,500+,eligible_train,at_least_2_utterances,7ace523c0f4fa1bd3a725483f6d96efa06fa25b99f4e45f1bdf03f2d9c64f4ac,20260729,v2
350,train,444,1332.000000,train=444|train_small=0|part=0|test=0,0,200-499,eligible_train,at_least_2_utterances,ffc43dcb384f2ecf8964da7db5ec12f9bbb54550e19f2c14c9bd51c3644c52ce,20260729,v2
351,train,164,492.000000,train=164|train_small=0|part=0|test=0,0,100-199,eligible_train,at_least_2_utterances,c384c9d7d1c7fe222a0bca401421ed91b518fc9016cdd35a64a140aec08fd291,20260729,v2
352,train,15,45.000000,train=15|train_small=0|part=0|test=0,0,2-19,eligible_train,at_least_2_utterances,113f4ca15641417456b170d4021a97c731847ce3af8562a8ac887f2d3301c861,20260729,v2
353,train,16,48.000000,train=16|train_small=0|part=0|test=0,0,2-19,eligible_train,at_least_2_utterances,e68a8afa88bc2f7de281a00c1edff5339fa8543a44bd0a4ebd716a17a040da64,20260729,v2
354,test,61,183.000000,train=61|train_small=0|part=0|test=0,0,50-99,eligible_evaluation,at_least_20_utterances,3f4d42f56cceba171802a6670504d84eb9411cde576b06443e1c402d024823a0,20260729,v2
355,validation,37,111.000000,train=37|train_small=0|part=0|test=0,0,20-49,eligible_evaluation,at_least_20_utterances,02a2174ed3666719cfd3932c954f4947a3c386b5c1067e3b67b22ac9bd94b4bf,20260729,v2
356,test,233,699.000000,train=233|train_small=0|part=0|test=0,0,200-499,eligible_evaluation,at_least_20_utterances,28f99b4fe8c40e3b5aca31a910c71d8fdd3fb08eb1d60f47c83bf80fa2e276c3,20260729,v2
357,train,33,99.000000,train=33|train_small=0|part=0|test=0,0,20-49,eligible_train,at_least_2_utterances,767341a7bf589e970c1a3214ca139d3d6d8ec9be6642853744efd0f46eeba3bc,20260729,v2
358,train,22,66.000000,train=22|train_small=0|part=0|test=0,0,20-49,eligible_train,at_least_2_utterances,db3d5be026471e9cd1609b5bf152a351517f374c2388e03c88dd0f04d5904582,20260729,v2
359,train,53,159.000000,train=53|train_small=0|part=0|test=0,0,50-99,eligible_train,at_least_2_utterances,5f4feca8b67ba9c253eb648a24ed3fe792e0e72a6f6fd302c4f162062a1a9747,20260729,v2
360,train,9,27.000000,train=9|train_small=0|part=0|test=0,0,2-19,eligible_train,at_least_2_utterances,f4feef488efc55b98bd29f463c1fb7251c1ee57a9900281c0774cc9802f42b58,20260729,v2
361,train,449,1347.000000,train=449|train_small=0|part=0|test=0,0,200-499,eligible_train,at_least_2_utterances,f3b5a4f76d12c340c85ec04352b44d7b0cc85f5eeead08d8a04d2572b967f52e,20260729,v2
362,test,46,138.000000,train=46|train_small=0|part=0|test=0,0,20-49,eligible_evaluation,at_least_20_utterances,343d0f2e3886a1ba17a7bc0d352f7b51a8d68b68e9182b4baa43acd52eaa47ba,20260729,v2
363,test,76,228.000000,train=76|train_small=0|part=0|test=0,0,50-99,eligible_evaluation,at_least_20_utterances,25441a82f0ef4a3cb762352d7ef6044a1e461337dd7fe0a56daab2c50375e2ab,20260729,v2
364,train,6,18.000000,train=6|train_small=0|part=0|test=0,0,2-19,eligible_train,at_least_2_utterances,fb73c6fddd7eb12f9ca4fd1cea0058ae1f3c1c90552a459f59346aada4066f29,20260729,v2
365,validation,150,450.000000,train=150|train_small=0|part=0|test=0,0,100-199,eligible_evaluation,at_least_20_utterances,24a8cfa9fccb3d1ec7a17424840c925cbf2a53bfa83ac70c4b1af2123a6baf0d,20260729,v2
366,validation,125,375.000000,train=125|train_small=0|part=0|test=0,0,100-199,eligible_evaluation,at_least_20_utterances,1565e03c792531f2672a34191c6cbcf43e96be13c436b4c72096b7b249016282,20260729,v2
367,train,312,936.000000,train=312|train_small=0|part=0|test=0,0,200-499,eligible_train,at_least_2_utterances,b4bc34f700c368d10641fc0893f47b669f7ae063697ddd7f6cbaa11d1dd119ff,20260729,v2
368,train,5,15.000000,train=5|train_small=0|part=0|test=0,0,2-19,eligible_train,at_least_2_utterances,75c5eb34753c91468c184f0fbcd136e4ebca5fdd66e02d17dcb22e5dfad97e33,20260729,v2
369,validation,87,261.000000,train=87|train_small=0|part=0|test=0,0,50-99,eligible_evaluation,at_least_20_utterances,026e0cecb8e4c5c37de412ba0ffb8915039fdb2e12e0906e4f4c6fc2629ebd41,20260729,v2
370,validation,77,231.000000,train=77|train_small=0|part=0|test=0,0,50-99,eligible_evaluation,at_least_20_utterances,1b0a3fcf4a55a3e374af6f74156fc29c6f683ac864cdf10a8d15ac525071ace4,20260729,v2
371,train,85,255.000000,train=85|train_small=0|part=0|test=0,0,50-99,eligible_train,at_least_2_utterances,dd7e80dfa6f80a139f04d38f2ee40f6c48e5456979cd9cbe982b12f7d4e8cc0c,20260729,v2
372,train,85,255.000000,train=85|train_small=0|part=0|test=0,0,50-99,eligible_train,at_least_2_utterances,418c2d3d61627dd1a9cc4761aa33267e238f1028c1e71fc5b557a19274af7b81,20260729,v2
373,train,386,1158.000000,train=386|train_small=0|part=0|test=0,0,200-499,eligible_train,at_least_2_utterances,890f8e3c57280569ac4a7f0e9d37c736234a64971b6fdb6843690fe28c0ed16d,20260729,v2
374,train,216,648.000000,train=216|train_small=0|part=0|test=0,0,200-499,eligible_train,at_least_2_utterances,c7d526612d8956b8665199eced8f3149d6f38310e3aced034560545817a1d4bd,20260729,v2
375,train,30,90.000000,train=30|train_small=0|part=0|test=0,0,20-49,eligible_train,at_least_2_utterances,9d2e6fe456aea9d66e45edb92ec6e1b869efc396c6687af7bf68c7431e618430,20260729,v2
376,train,116,348.000000,train=116|train_small=0|part=0|test=0,0,100-199,eligible_train,at_least_2_utterances,902b57c3103701a7e5387e4b42217dcab8de130a36f23a0e8abfb36f5fffd708,20260729,v2
377,train,36,108.000000,train=36|train_small=0|part=0|test=0,0,20-49,eligible_train,at_least_2_utterances,58c7efb23ae5d6b5763661ff27a6403a126e83f6895504d36ea228137fdfdd72,20260729,v2
378,train,75,225.000000,train=75|train_small=0|part=0|test=0,0,50-99,eligible_train,at_least_2_utterances,f8ddce67cf620eef85d164746a48ddf5e2b451b8b4cd45b4d72bee15b5a64aac,20260729,v2
379,test,185,555.000000,train=185|train_small=0|part=0|test=0,0,100-199,eligible_evaluation,at_least_20_utterances,3b1c48a5fc1ed074313878f67a3e001cc7c95723d76e345a0d6aefea3dd5e0ee,20260729,v2
380,train,10,30.000000,train=10|train_small=0|part=0|test=0,0,2-19,eligible_train,at_least_2_utterances,f0664cd9f9c7006de5d05cd8b8bd02edbfc8dd13e3b6c1a1c704b412111d861e,20260729,v2
381,train,58,174.000000,train=58|train_small=0|part=0|test=0,0,50-99,eligible_train,at_least_2_utterances,a95ae7e700f3946385f21c4d6e8f89783a72c102ec24c19c92490fc2c9026ed8,20260729,v2
382,train,11,33.000000,train=11|train_small=0|part=0|test=0,0,2-19,eligible_train,at_least_2_utterances,c1d2418d7ca336d14e52d80f9c6017bd930e7e1313a98f232797eb69712da368,20260729,v2
383,train,141,423.000000,train=141|train_small=0|part=0|test=0,0,100-199,eligible_train,at_least_2_utterances,ea0a4dd2fd0c58a5ce5610f890c4361c31ff0c7b65655a90beb226776b190508,20260729,v2
384,train,59,177.000000,train=59|train_small=0|part=0|test=0,0,50-99,eligible_train,at_least_2_utterances,808321d7a0c45cf0c791688ca10ea9c702547cbf43ce4465d2965299788ae0b2,20260729,v2
385,train,332,996.000000,train=332|train_small=0|part=0|test=0,0,200-499,eligible_train,at_least_2_utterances,b5f77218a40dd0f24be355652b3772aaf9d3f74fcb5d8919bc5f57929d231252,20260729,v2
386,train,520,1560.000000,train=520|train_small=0|part=0|test=0,0,500+,eligible_train,at_least_2_utterances,950667b73403f590f5978dc3341c9d36dafb572fc7050be22a696e6bac422ab5,20260729,v2
387,train,119,357.000000,train=119|train_small=0|part=0|test=0,0,100-199,eligible_train,at_least_2_utterances,801c7c5fe440481cdbab6a76a8108cc26bec8def0bb1e768d55b8683ca0985a3,20260729,v2
388,test,23,69.000000,train=23|train_small=0|part=0|test=0,0,20-49,eligible_evaluation,at_least_20_utterances,26e44b481a2a58aa94f1918d5f1613bf1013e9da249610d226abb77761d27f70,20260729,v2
389,train,70,210.000000,train=70|train_small=0|part=0|test=0,0,50-99,eligible_train,at_least_2_utterances,560e8d4549b656bf8619033041d99b52dfbef30c9c1eb107d8602f5d0f1ce442,20260729,v2
390,train,152,456.000000,train=152|train_small=0|part=0|test=0,0,100-199,eligible_train,at_least_2_utterances,a0a419e6cc30f6c8e4f38357121d3b157a9427db3878f5ee85f8e2d3ed4872d5,20260729,v2
391,train,29,87.000000,train=29|train_small=0|part=0|test=0,0,20-49,eligible_train,at_least_2_utterances,49943f72e2e5f450a7993e0fdf4da9657a6d1b898da022f3d5c9a4085cb7a2a9,20260729,v2
392,test,46,138.000000,train=46|train_small=0|part=0|test=0,0,20-49,eligible_evaluation,at_least_20_utterances,274ad3f645c52d5386139213f6e204b24451d02d93e419101028873d57d6286d,20260729,v2
393,train,61,183.000000,train=61|train_small=0|part=0|test=0,0,50-99,eligible_train,at_least_2_utterances,6f6e50274d912861ac62f3d57ce48ca7b3b09965a7a899b969d343a52dadcbc5,20260729,v2
394,train,82,246.000000,train=82|train_small=0|part=0|test=0,0,50-99,eligible_train,at_least_2_utterances,4ec84bdca606f75fe30f15fda317ccb442f81109a7d56b69eb4b50bf09e64c14,20260729,v2
395,test,118,354.000000,train=118|train_small=0|part=0|test=0,0,100-199,eligible_evaluation,at_least_20_utterances,30da80b73ed4907083fa33bca20ffde2a2ed22581307eeae5c318c47885f36a4,20260729,v2
396,train,175,525.000000,train=175|train_small=0|part=0|test=0,0,100-199,eligible_train,at_least_2_utterances,830a03d48d6812cb36ffb68dd05512f67cd51165ad53800bb75912e6a4c0aa77,20260729,v2
397,train,51,153.000000,train=51|train_small=0|part=0|test=0,0,50-99,eligible_train,at_least_2_utterances,f1e1e03ffef4c873a36aa19702ce9ea6095f8a85d9b3ae56b2f75db27ce9c015,20260729,v2
398,validation,124,372.000000,train=124|train_small=0|part=0|test=0,0,100-199,eligible_evaluation,at_least_20_utterances,2809237f48e8d435a4d5e55144b06a2946f989a8fec6dccdc2cda91ea7843a93,20260729,v2
399,train,489,1467.000000,train=489|train_small=0|part=0|test=0,0,200-499,eligible_train,at_least_2_utterances,f87d2b624fff71e5f37b784fce25d9b3939a1a2b75e4236f9fe93ef8d08ab70e,20260729,v2
400,train,515,1545.000000,train=515|train_small=0|part=0|test=0,0,500+,eligible_train,at_least_2_utterances,98c45f5fb9b9b5cbfc76f8fa21cf10d265fc69913cf8d063a8fe9f1913c447bd,20260729,v2
401,train,60,180.000000,train=60|train_small=0|part=0|test=0,0,50-99,eligible_train,at_least_2_utterances,d4ff21872eb50724a72bbaf8dd818bddb6582878b9d12685e4054e22d292cd5f,20260729,v2
402,train,86,258.000000,train=86|train_small=0|part=0|test=0,0,50-99,eligible_train,at_least_2_utterances,9bc64629389e03ceae4ab7e32c727885bbf544eafceaac006ccfef91df25ed40,20260729,v2
403,train,4,12.000000,train=4|train_small=0|part=0|test=0,0,2-19,eligible_train,at_least_2_utterances,a6401c12c60198bff91c924347e40a5ddcefe081848201cd17a1a026f61fe8f5,20260729,v2
404,train,36,108.000000,train=36|train_small=0|part=0|test=0,0,20-49,eligible_train,at_least_2_utterances,5d780eb441d3133437d4be854b76cf78c4f73f24c4348798d86936d8bace12c1,20260729,v2
405,train,289,867.000000,train=289|train_small=0|part=0|test=0,0,200-499,eligible_train,at_least_2_utterances,521828a2cb357b10a8da67b279e5967059f24307d2e1423db1b09ee4cc6ff4ae,20260729,v2
406,train,8,24.000000,train=8|train_small=0|part=0|test=0,0,2-19,eligible_train,at_least_2_utterances,324f9e89a56494f32268481eb936b78b97b39bb21b846cd9ec8bb2509c4e60db,20260729,v2
407,train,401,1203.000000,train=401|train_small=0|part=0|test=0,0,200-499,eligible_train,at_least_2_utterances,e572d93ce86fbd1737db394cf1bef7b69b08e927aef431ebcb5e3520988bfae2,20260729,v2
408,train,309,927.000000,train=309|train_small=0|part=0|test=0,0,200-499,eligible_train,at_least_2_utterances,e465d4846b3510c66b47422e8e9f374b5d2ff2c143ce87c311f4d17d2b6270c1,20260729,v2
409,train,26,78.000000,train=26|train_small=0|part=0|test=0,0,20-49,eligible_train,at_least_2_utterances,9705f387ae31f1162d239fb1ca21fdfd06b894ced04a9a69cd4e850770b14798,20260729,v2
410,test,39,117.000000,train=39|train_small=0|part=0|test=0,0,20-49,eligible_evaluation,at_least_20_utterances,279ae8000ed6f797668918d807ed393507b316a9c918821d85d1bcaef92594a9,20260729,v2
411,train,8,24.000000,train=8|train_small=0|part=0|test=0,0,2-19,eligible_train,at_least_2_utterances,285800c1d483da1244d08bd26cfbf1daa17ecad1caf35b244849f8c35a516450,20260729,v2
412,train,11,33.000000,train=11|train_small=0|part=0|test=0,0,2-19,eligible_train,at_least_2_utterances,5cbcf78bbcbb3a1906e1851bc433bfe9283c48a7dfc24e9288e44ad541fbbc87,20260729,v2
413,train,98,294.000000,train=98|train_small=0|part=0|test=0,0,50-99,eligible_train,at_least_2_utterances,b2b63707c1604b5ab76dc20085d46ced1c6ad44d6eac76eb581436ee66844a05,20260729,v2
414,train,69,207.000000,train=69|train_small=0|part=0|test=0,0,50-99,eligible_train,at_least_2_utterances,7f5ee97cc144d5ecc3437caaf4344d9ad8e119e58be32c944b08c374cf4b6a81,20260729,v2
415,train,172,516.000000,train=172|train_small=0|part=0|test=0,0,100-199,eligible_train,at_least_2_utterances,c14b21b3dc172c774b5c335a03031b329563a90bc85ec16bfb98475becf6f77c,20260729,v2
416,train,167,501.000000,train=167|train_small=0|part=0|test=0,0,100-199,eligible_train,at_least_2_utterances,98670bdad9557737a3f52739cbb3804a6d23b4a2ead55fce91f6899a0a51b0b2,20260729,v2
417,validation,109,327.000000,train=109|train_small=0|part=0|test=0,0,100-199,eligible_evaluation,at_least_20_utterances,1b0ce7f8a3db5058ef04e47bce271363bb865e6b16ced84031a60f5dc95f2d8e,20260729,v2
418,train,14,42.000000,train=14|train_small=0|part=0|test=0,0,2-19,eligible_train,at_least_2_utterances,6ec1e970468fe71e24630b3f3fbb1dc8d33f38589a82f317a88ef81406ef4b1e,20260729,v2
419,train,426,1278.000000,train=426|train_small=0|part=0|test=0,0,200-499,eligible_train,at_least_2_utterances,b49860482ea5402fa67543f10597c6cab062adea0e314e21c8dd8f8b7b94e900,20260729,v2
420,validation,517,1551.000000,train=517|train_small=0|part=0|test=0,0,500+,eligible_evaluation,at_least_20_utterances,3054facf388de67b2ba82af439636d4f2d3efe8f32ca802579d8831120ae50fc,20260729,v2
421,train,139,417.000000,train=139|train_small=0|part=0|test=0,0,100-199,eligible_train,at_least_2_utterances,7a7385b391a85ae8c792641ce26cb61f0fe22cce4a25b0d40f866668d2a593d5,20260729,v2
422,train,461,1383.000000,train=461|train_small=0|part=0|test=0,0,200-499,eligible_train,at_least_2_utterances,9d381dd9095dc011362fb446a7f4d7c2c25803110d7fca5c4546fdff713569ee,20260729,v2
423,train,42,126.000000,train=42|train_small=0|part=0|test=0,0,20-49,eligible_train,at_least_2_utterances,e114023403ebf6260eec96842aff7dcef80d8aa19543ec44f6124e06601c7dc1,20260729,v2
424,train,162,486.000000,train=162|train_small=0|part=0|test=0,0,100-199,eligible_train,at_least_2_utterances,70b72d7fdd05b91e0204c1fe5c652f7e2776682d6fb30cdfd1fc8967533efc0f,20260729,v2
425,validation,82,246.000000,train=82|train_small=0|part=0|test=0,0,50-99,eligible_evaluation,at_least_20_utterances,02e0d8f418fbb686fe84cff75005d8b3852a6be65f338743da6a16ecaf6e6278,20260729,v2
426,train,152,456.000000,train=152|train_small=0|part=0|test=0,0,100-199,eligible_train,at_least_2_utterances,5e967f09c1daece45aff0af0c799fb266dca20ae3a41b173a7d091e475c41661,20260729,v2
427,train,193,579.000000,train=193|train_small=0|part=0|test=0,0,100-199,eligible_train,at_least_2_utterances,6d2315562b3d449f9d55b02ee45a3e7b627b132b249ecc41e4a867f7bb7dfbb7,20260729,v2
1000,excluded,1,3.000000,train=1|train_small=0|part=0|test=0,0,1,ineligible,singleton_speaker,34158f55b07bfeef9bea4072d3e384cc3e2521473c7a147ac21f670c76d50caf,20260729,v2
1001,train,3,9.000000,train=1|train_small=2|part=0|test=0,0,2-19,eligible_train,at_least_2_utterances,c7596fa40d9a2a20aed06e5190cf497502a6fba4c7b51a6ac36f7bbe3f0e23d0,20260729,v2
1003,excluded,1,3.000000,train=1|train_small=0|part=0|test=0,0,1,ineligible,singleton_speaker,3b75975437c346e9eb5084573e45e478ef7db5b9f9fea0f9a35e9ad11e56a38b,20260729,v2
1004,train,4,12.000000,train=2|train_small=2|part=0|test=0,0,2-19,eligible_train,at_least_2_utterances,281a07e64f6855455c683ab267418c0d6777ce2aab5a294e32cbd3a682e4d33a,20260729,v2
1005,excluded,1,3.000000,train=1|train_small=0|part=0|test=0,0,1,ineligible,singleton_speaker,5c6e172a0f84e0a294f955c4c4f277fc3ff541bd5d0c4e238c68250f595106bd,20260729,v2
1006,train,217,651.000000,train=107|train_small=110|part=0|test=0,0,200-499,eligible_train,at_least_2_utterances,f26fb9fb7b23cd0ee7ef3db2142e4bf7862a6fa7a0b9f225981e19dfe8b012d9,20260729,v2
1007,train,13,39.000000,train=6|train_small=7|part=0|test=0,0,2-19,eligible_train,at_least_2_utterances,c31e254ae7e3ec07b3f8e0c1cd3fdcbb4d779df1f16935fdb6b18f29965b32fb,20260729,v2
1008,excluded,1,3.000000,train=0|train_small=0|part=0|test=1,0,1,ineligible,singleton_speaker,6375a24fe4f084b61f095896cf1ad60b207fe572ef937ae636fd5864fe127e99,20260729,v2
1009,train,18,54.000000,train=10|train_small=8|part=0|test=0,0,2-19,eligible_train,at_least_2_utterances,1a8cfc5f8237c239277dbc565e481665688188d0719522c2c776fa17b7de4e73,20260729,v2
1010,train,2,6.000000,train=0|train_small=0|part=0|test=2,0,2-19,eligible_train,at_least_2_utterances,c6ceb34989b8bb5b61f810c1b231a16ff33be12f21c51dde617964391487180d,20260729,v2
1011,train,5,15.000000,train=3|train_small=2|part=0|test=0,0,2-19,eligible_train,at_least_2_utterances,6efb371b87d5a8660143438353cf4e320e1be44fc03d1972eb1a0f7681d7b986,20260729,v2
1012,train,2,6.000000,train=1|train_small=1|part=0|test=0,0,2-19,eligible_train,at_least_2_utterances,48452d03f4fac5dc3a42e8b82fce62498730dcf1da3a36fe49dc4c9b30418505,20260729,v2
1013,excluded,1,3.000000,train=1|train_small=0|part=0|test=0,0,1,ineligible,singleton_speaker,6c9cf44a7c1a994ba94929e88e1849a2f2e66f8fe4e2348da0d14458a94fac2c,20260729,v2
1014,train,6,18.000000,train=3|train_small=3|part=0|test=0,0,2-19,eligible_train,at_least_2_utterances,451ee3fe0d740c01bab1ddda232f01d5a9d04f397ab5a97fffcc1e15d6469bff,20260729,v2
1016,train,3,9.000000,train=1|train_small=2|part=0|test=0,0,2-19,eligible_train,at_least_2_utterances,8d1c8d6855a1e4c6c2bffbcc1f9b9da3463484f0c2e073cc276e03ffb43151a2,20260729,v2
1017,train,4,12.000000,train=4|train_small=0|part=0|test=0,0,2-19,eligible_train,at_least_2_utterances,b05fa70c89b9298a9894a01e828e908a1affa573b3cf818bd0712f215d76ed3e,20260729,v2
1018,train,11,33.000000,train=4|train_small=7|part=0|test=0,0,2-19,eligible_train,at_least_2_utterances,c1642be3f4ffb2033d3c7844df55e2b87cc24ff46205e1babf3c3dbfe323c9d5,20260729,v2
1019,train,2,6.000000,train=0|train_small=2|part=0|test=0,0,2-19,eligible_train,at_least_2_utterances,60520567a1d3bddda08bf34b5ca9b6700312a0cfb779beeb3fc594b5564a8400,20260729,v2
1020,train,28,84.000000,train=28|train_small=0|part=0|test=0,0,20-49,eligible_train,at_least_2_utterances,d8b7fdb6c160791535243689184de249bf42581f7e4e08f44e410445c1eca6c5,20260729,v2
1022,train,9,27.000000,train=5|train_small=4|part=0|test=0,0,2-19,eligible_train,at_least_2_utterances,1f79dda95d0ca5ab565a9a9c27e2b6fd8d70d5da38ca22ada0ac8b5cd1e42efa,20260729,v2
1024,train,26,78.000000,train=0|train_small=0|part=0|test=26,0,20-49,eligible_train,at_least_2_utterances,5f7a8870706a9c5a9571e2522a446b90c77300e0fd008330254af5394b74ae2c,20260729,v2
1025,validation,47,141.000000,train=24|train_small=23|part=0|test=0,0,20-49,eligible_evaluation,at_least_20_utterances,039ae85756272225feb8371f04f5765910373bf7f0d1520af2493198ffe35fab,20260729,v2
1026,train,11,33.000000,train=7|train_small=4|part=0|test=0,0,2-19,eligible_train,at_least_2_utterances,059037cd0578386686d9655b025aca9010e784762ab85fd8e1fab7dc4dbbf517,20260729,v2
1027,test,272,816.000000,train=0|train_small=0|part=0|test=272,0,200-499,eligible_evaluation,at_least_20_utterances,2d339918ae2cf7ae9106ac985f5624fc1a0a6e1e1c69ff8025205f80475330dd,20260729,v2
1028,train,108,324.000000,train=59|train_small=49|part=0|test=0,0,100-199,eligible_train,at_least_2_utterances,fb9cef994cf22af01b08eb7c302777e75d76f1fda2a095d756cf9fe88a8358f9,20260729,v2
1029,train,533,1599.000000,train=436|train_small=97|part=0|test=0,0,500+,eligible_train,at_least_2_utterances,ae39679022b2cfe3b362dc6a34db1ff1e2d5245a347540d5113ddc977a52741a,20260729,v2
1030,train,293,879.000000,train=155|train_small=138|part=0|test=0,0,200-499,eligible_train,at_least_2_utterances,4f12aed744e02e55f8ebfe51b2d14db9f379126c56605e288261b4bf5f2ac42e,20260729,v2
1031,train,51,153.000000,train=51|train_small=0|part=0|test=0,0,50-99,eligible_train,at_least_2_utterances,e84af9f05e1555a92eca1ae2e141608efd3ee01a5e75b05893dc7a609f7be853,20260729,v2
1032,train,90,270.000000,train=90|train_small=0|part=0|test=0,0,50-99,eligible_train,at_least_2_utterances,739a38359fd9273e278ccde9aefd4796afa4ed7f4ea726364d24db0d8658e942,20260729,v2
1033,train,102,306.000000,train=54|train_small=48|part=0|test=0,0,100-199,eligible_train,at_least_2_utterances,cbfa60dcf40b56f4785f037f2a9eeb03bd6a8077a8e6a5ed44bf1cad07ead010,20260729,v2
1034,train,26,78.000000,train=26|train_small=0|part=0|test=0,0,20-49,eligible_train,at_least_2_utterances,ef8e4b82ee94c63928235ce2b3f72c888c10fb57e3ff0d4184f435ed22ca4639,20260729,v2
1035,train,30,90.000000,train=0|train_small=0|part=0|test=30,0,20-49,eligible_train,at_least_2_utterances,72aee583f364beef205c1e20f7c5fff7c12d7f86bf373f3c05e805648c1ee1f6,20260729,v2
1036,train,41,123.000000,train=18|train_small=23|part=0|test=0,0,20-49,eligible_train,at_least_2_utterances,444b05f7a50594dac0b1299cf88b3db79d4f7c52f55ed56029b51a1f4ae6b9d2,20260729,v2
1037,train,13,39.000000,train=6|train_small=7|part=0|test=0,0,2-19,eligible_train,at_least_2_utterances,ecbbfc6a760bbaab1c9f4b76a1b30d8dd562f4fc12966290915dde95ad7548a0,20260729,v2
1038,train,33,99.000000,train=33|train_small=0|part=0|test=0,0,20-49,eligible_train,at_least_2_utterances,c3908b5c201d9510661ffd2f9d0efdb7b344f739451e3bb228430e50b7ecae4b,20260729,v2
1039,train,47,141.000000,train=0|train_small=0|part=0|test=47,0,20-49,eligible_train,at_least_2_utterances,dea494f9a60ccb860f3902e4c9b3a11406b9da34a291d7e52fa0c1a9d9e925c7,20260729,v2
1040,excluded,1,3.000000,train=1|train_small=0|part=0|test=0,0,1,ineligible,singleton_speaker,ee7d992d502af98f8e7b820b8e00eb8c39b88554228e97d31362a1d2d6b90a6c,20260729,v2
1041,train,44,132.000000,train=25|train_small=19|part=0|test=0,0,20-49,eligible_train,at_least_2_utterances,ff4a5a780528eaa3a30bde7b58d54bee8ca6c7b520478bd8e7ad16e6a33b7629,20260729,v2
1042,train,70,210.000000,train=37|train_small=33|part=0|test=0,0,50-99,eligible_train,at_least_2_utterances,e4992ae14ede58fd56f46feb78e99b45189613dad596997ccaa790a0d4b0a580,20260729,v2
1043,train,14,42.000000,train=14|train_small=0|part=0|test=0,0,2-19,eligible_train,at_least_2_utterances,a24640bca727cfb6a97ae419a0f4166768719c1ae34603cedd4598f5e673e751,20260729,v2
1044,train,26,78.000000,train=12|train_small=14|part=0|test=0,0,20-49,eligible_train,at_least_2_utterances,5c8b85ded19aed57b4d21a283b3c7ed5a517056bb4923b01ef8a9cfb502c10ba,20260729,v2
1045,train,23,69.000000,train=13|train_small=10|part=0|test=0,0,20-49,eligible_train,at_least_2_utterances,f3b6844c92a3163e7c7a4cca72733dc8c9b6c391660f8c2c25e6a5eba67f5ab1,20260729,v2
1046,train,21,63.000000,train=11|train_small=10|part=0|test=0,0,20-49,eligible_train,at_least_2_utterances,998de34125fcf073b9a7d953b8ab6ebf286f86d5bd595b3262b936019b74912f,20260729,v2
1047,train,28,84.000000,train=15|train_small=13|part=0|test=0,0,20-49,eligible_train,at_least_2_utterances,c07a8216cc4a1e573a136f8da5bc17a49765dc4e9a1b4aee36f4a27042550127,20260729,v2
1048,train,5,15.000000,train=0|train_small=0|part=0|test=5,0,2-19,eligible_train,at_least_2_utterances,a7d692468d598d96ffd20b069e0a4b2195c519963819558125a8da57933c38bc,20260729,v2
1049,train,8,24.000000,train=8|train_small=0|part=0|test=0,0,2-19,eligible_train,at_least_2_utterances,36e74632e7d251185efeb8f5847673589360d98309cd53749ef6c036bc83c793,20260729,v2
1050,train,8,24.000000,train=8|train_small=0|part=0|test=0,0,2-19,eligible_train,at_least_2_utterances,62255ad5b11283d81469a6323868441f229593de6d998231db1f4ad8007d1923,20260729,v2
1051,train,15,45.000000,train=7|train_small=8|part=0|test=0,0,2-19,eligible_train,at_least_2_utterances,2b75ef0291b21f8b6158ff1b1413422ac2633bba21fcecf036e5a06f1aba6ea2,20260729,v2
1052,train,9,27.000000,train=5|train_small=4|part=0|test=0,0,2-19,eligible_train,at_least_2_utterances,579b3ecb2fdabd6a6d588bf4bf3f93fd90255d806cff66aa0518758f1ad636c0,20260729,v2
1053,train,4,12.000000,train=0|train_small=0|part=0|test=4,0,2-19,eligible_train,at_least_2_utterances,cb373d4691d9be53fd6b7052e4817cf076d67d5b52feb918306b5d0517141859,20260729,v2
1054,train,3,9.000000,train=3|train_small=0|part=0|test=0,0,2-19,eligible_train,at_least_2_utterances,b3f4359f86c3696a70e2a46bbd16f830638bef987f39de314af0598c0eaa96d9,20260729,v2
1055,train,5,15.000000,train=4|train_small=1|part=0|test=0,0,2-19,eligible_train,at_least_2_utterances,07b3ddfc6edfc0b9e6925923b8edf734da9949d7ffe5793fb33c15334388bee9,20260729,v2
1056,train,6,18.000000,train=4|train_small=2|part=0|test=0,0,2-19,eligible_train,at_least_2_utterances,241f4e28fc655f2ffe996314bc1f25c0bb3ca0ef9177beee0be03f85ab39be67,20260729,v2
1057,train,194,582.000000,train=194|train_small=0|part=0|test=0,0,100-199,eligible_train,at_least_2_utterances,65bd3f524692c2c537ae8e12f0b53a4fba88996658ca0dddd4827bf6e84fcfac,20260729,v2
1058,train,212,636.000000,train=0|train_small=0|part=0|test=212,0,200-499,eligible_train,at_least_2_utterances,7d84aeccc72dcd9d4825e8d3234c345770c51ab031d94047ddf0ef420533de27,20260729,v2
1059,train,192,576.000000,train=0|train_small=0|part=0|test=192,0,100-199,eligible_train,at_least_2_utterances,f70d96d9e59e74c2f329cfe0807af3fafcd8497433f958ee4905106181ff63f2,20260729,v2
1060,train,196,588.000000,train=196|train_small=0|part=0|test=0,0,100-199,eligible_train,at_least_2_utterances,eea9be3327b786666c7edd520ac737bc55fae8e8cd66f8b0c38b29bfda45c06a,20260729,v2
1061,train,390,1170.000000,train=229|train_small=161|part=0|test=0,0,200-499,eligible_train,at_least_2_utterances,d4433ceb897831df6ebc368a266d9c1dbb45bce604e249e24cc331d08b499a76,20260729,v2
1062,train,203,609.000000,train=203|train_small=0|part=0|test=0,0,200-499,eligible_train,at_least_2_utterances,9882f615a603370ee7fe5e6baa312f9ada7b5bab0114fb7e6418ec1b47296c39,20260729,v2
1063,validation,174,522.000000,train=174|train_small=0|part=0|test=0,0,100-199,eligible_evaluation,at_least_20_utterances,13fb8ca39749682304d06c10d6e7593b39a9ab2fb3f1bbd13f842143841929ed,20260729,v2
1064,train,170,510.000000,train=170|train_small=0|part=0|test=0,0,100-199,eligible_train,at_least_2_utterances,e80fd30ed5a6e96e817ecc6bf20a471e54b9c83e6b9b6bda1a3b52608282ec13,20260729,v2
1065,train,110,330.000000,train=110|train_small=0|part=0|test=0,0,100-199,eligible_train,at_least_2_utterances,811d3577e1b9abec0a2bca6ed688cd30237be9c23c2397ede5f77447976fa121,20260729,v2
1066,train,4,12.000000,train=4|train_small=0|part=0|test=0,0,2-19,eligible_train,at_least_2_utterances,49bb56c4358e41dfda699fd10b9c0c34edf7f443fb651b64c621e3e9d2ea3a88,20260729,v2
1067,train,8,24.000000,train=6|train_small=2|part=0|test=0,0,2-19,eligible_train,at_least_2_utterances,b5d17dc2026b7cd56329ead2002212cf6bbec4266ff9e87c591bd307b4eeffab,20260729,v2
1068,train,156,468.000000,train=0|train_small=0|part=0|test=156,0,100-199,eligible_train,at_least_2_utterances,ca3e4ce746f884e7e26c2b2b38528126fdd77ec54838b3f529c44db2838aa675,20260729,v2
1069,train,154,462.000000,train=0|train_small=0|part=0|test=154,0,100-199,eligible_train,at_least_2_utterances,90c58407179ff92dc33da0bb2012d3ffdb581e1f0050110f09687b32184293d9,20260729,v2
1070,train,4,12.000000,train=4|train_small=0|part=0|test=0,0,2-19,eligible_train,at_least_2_utterances,23df81b1f0ac3c84d88eb7dd8602ce0469b5f29c88d54bb182142a8c31a98c0c,20260729,v2
1071,train,2,6.000000,train=0|train_small=2|part=0|test=0,0,2-19,eligible_train,at_least_2_utterances,3d8e24764bdf83a78064ab5514f084618f64db484057cac06a46e85a4a8ddaf8,20260729,v2
1072,train,3,9.000000,train=1|train_small=2|part=0|test=0,0,2-19,eligible_train,at_least_2_utterances,8f1255c639b163ed965c0830313cc22aa5604c1d62a03f8dc4177adcf2964952,20260729,v2
1073,train,68,204.000000,train=36|train_small=32|part=0|test=0,0,50-99,eligible_train,at_least_2_utterances,a29a191fc27f3b86fbacf02a1655ff199203201f9fc456e47b9e16f98212cf6c,20260729,v2
1074,train,243,729.000000,train=0|train_small=0|part=0|test=243,0,200-499,eligible_train,at_least_2_utterances,9c95aa1b438461ba94e2f36afb6984bf5926d725bd44928c8ea91bf1522a32e7,20260729,v2
1075,train,93,279.000000,train=0|train_small=0|part=0|test=93,0,50-99,eligible_train,at_least_2_utterances,67d5ed04203cc61033496f7e84fdb1ce64b9744560013e2d14d6069f4b70ea3e,20260729,v2
1076,validation,31,93.000000,train=31|train_small=0|part=0|test=0,0,20-49,eligible_evaluation,at_least_20_utterances,16a39af86b2c61a7d56c7e5d80a30742233ea5e267b4a7f8f7a4c72daafc3f7c,20260729,v2
1077,train,8,24.000000,train=2|train_small=6|part=0|test=0,0,2-19,eligible_train,at_least_2_utterances,4eebf188ea47d493eeaacf449d3b9ec7bc46c25c67a121735bc32026e3ff12a0,20260729,v2
1078,train,4,12.000000,train=0|train_small=0|part=0|test=4,0,2-19,eligible_train,at_least_2_utterances,090782ce628fe11b70a8659b069158ab6ddbfedd952ccf6f796f2badc8e63df1,20260729,v2
1079,train,3,9.000000,train=3|train_small=0|part=0|test=0,0,2-19,eligible_train,at_least_2_utterances,84e9fadc69f03ba67981aa324decf2187a9d1a3f0ad6bc67530d6e68a8c4edbe,20260729,v2
1080,train,3,9.000000,train=2|train_small=1|part=0|test=0,0,2-19,eligible_train,at_least_2_utterances,dab4997cf4b4b10afd746cb84f1f9fe4c83ad0b27cadd17cb17ea822796e8501,20260729,v2
1081,train,5,15.000000,train=2|train_small=3|part=0|test=0,0,2-19,eligible_train,at_least_2_utterances,1c03151b81ba17a8e09fb1bfcac10aea92da9abb2e619ce9befe6bee1a47b001,20260729,v2
1082,train,55,165.000000,train=55|train_small=0|part=0|test=0,0,50-99,eligible_train,at_least_2_utterances,a1541936b576ef984e7dff019a58862f784aa3231cfc7a06195f67691ce81bc4,20260729,v2
1083,train,13,39.000000,train=7|train_small=6|part=0|test=0,0,2-19,eligible_train,at_least_2_utterances,59bd842836d9dea6044ec95c7ee5baf0a3681efc202a9ed0fbf898d6931e7393,20260729,v2
1084,train,14,42.000000,train=5|train_small=9|part=0|test=0,0,2-19,eligible_train,at_least_2_utterances,b4c856cb1ccb189a644a53885ae5161c3fb689ca302341d914d4d45d0456d3d3,20260729,v2
1085,train,3,9.000000,train=3|train_small=0|part=0|test=0,0,2-19,eligible_train,at_least_2_utterances,504d0c7c94a5be7975195391e61e4da1f123e6df3e47a1463ad06c5869d41594,20260729,v2
1086,train,6,18.000000,train=4|train_small=2|part=0|test=0,0,2-19,eligible_train,at_least_2_utterances,6ad44735c2728f47a642c6d29ca28cca85679c9c9bf5c15ec49b568003ad8fc1,20260729,v2
1087,excluded,1,3.000000,train=1|train_small=0|part=0|test=0,0,1,ineligible,singleton_speaker,f0e87a448e2826bf3369cd80d85afd05708c8ed1638c7268d7c726b80a8e06fd,20260729,v2
1088,train,6,18.000000,train=3|train_small=3|part=0|test=0,0,2-19,eligible_train,at_least_2_utterances,dfcd7aade7100e9fae5ada582f347e7698a9c139c983eba6cd7f87f138907d13,20260729,v2
1089,train,6,18.000000,train=3|train_small=3|part=0|test=0,0,2-19,eligible_train,at_least_2_utterances,257db10f40a0c11bd00f747fc24bca2b859367fd0023a3d359c2853f8591881e,20260729,v2
1090,train,38,114.000000,train=38|train_small=0|part=0|test=0,0,20-49,eligible_train,at_least_2_utterances,84818606cb38e9fd04cc7b85588f016f59aad6fd66622207c198750ae070c0e7,20260729,v2
1091,train,51,153.000000,train=27|train_small=24|part=0|test=0,0,50-99,eligible_train,at_least_2_utterances,62aead4615ec2f8837862e3ea6a7b7f34047c597bbb0f1a75c2f0542b0fec39d,20260729,v2
1092,train,5,15.000000,train=0|train_small=0|part=0|test=5,0,2-19,eligible_train,at_least_2_utterances,ab2c80d41c840f40319bf6ce8bea04658238c499532468283ab600bcbeda863b,20260729,v2
1093,train,5,15.000000,train=2|train_small=3|part=0|test=0,0,2-19,eligible_train,at_least_2_utterances,85128bf506bef5ee4481300d52204375f5cc9dd4d69e22d63bed733723ad6746,20260729,v2
1094,train,12,36.000000,train=0|train_small=0|part=0|test=12,0,2-19,eligible_train,at_least_2_utterances,d33d942f1186ec66bc25661f5dd3d07455120493397ddb36f4ca37336173761c,20260729,v2
1095,train,6,18.000000,train=4|train_small=2|part=0|test=0,0,2-19,eligible_train,at_least_2_utterances,bb37d9bfbb3f15d0e70cf57291caf4e3336b6d3a5c149e38c567b2d048831df9,20260729,v2
1096,train,14,42.000000,train=8|train_small=6|part=0|test=0,0,2-19,eligible_train,at_least_2_utterances,4d9d1f317b93a8cd084b315c36dacbdab099c811ad674fa47d65bdd3e82c38ad,20260729,v2
1097,excluded,1,3.000000,train=1|train_small=0|part=0|test=0,0,1,ineligible,singleton_speaker,0534b5d0c74b8c40c33c9cb6a98734f7002eab433cc8f45d751c195b63922984,20260729,v2
1098,train,5,15.000000,train=0|train_small=5|part=0|test=0,0,2-19,eligible_train,at_least_2_utterances,4c9a8bee4143f1f326053e680e042ae2bfc9d6be2e62f9747cadf2e79ee27fb7,20260729,v2
1099,train,3,9.000000,train=0|train_small=3|part=0|test=0,0,2-19,eligible_train,at_least_2_utterances,9f3b8d6cb18a47d01eca6315f0b1ac6c7a5599a67739b89fdeda9dc6f4f5026f,20260729,v2
1100,train,2,6.000000,train=0|train_small=2|part=0|test=0,0,2-19,eligible_train,at_least_2_utterances,7ce9f870bbc78fadd84701399217b746b0f95e60ddbb9f6824eed66039463197,20260729,v2
1101,train,2,6.000000,train=0|train_small=2|part=0|test=0,0,2-19,eligible_train,at_least_2_utterances,62f5fd8998d774baedefd93c7aa3d2d4961c5ac619553b81ed6550277aab6d83,20260729,v2
1103,train,3,9.000000,train=2|train_small=1|part=0|test=0,0,2-19,eligible_train,at_least_2_utterances,69cb61f2e70d7374f08d1417cab4c523d4c4c9228e4c915282b9977568e9c9de,20260729,v2
1104,train,5,15.000000,train=0|train_small=5|part=0|test=0,0,2-19,eligible_train,at_least_2_utterances,65f0176a057dc9f124eb5d899086448f6e826f6fd67eff8ca2e3a6953fae7679,20260729,v2
1105,train,3,9.000000,train=0|train_small=3|part=0|test=0,0,2-19,eligible_train,at_least_2_utterances,6f2754fe0ba86ca06fa294a54eb1b03fb67c056caa720cca0f076303f44a42e5,20260729,v2
1106,test,27,81.000000,train=0|train_small=0|part=0|test=27,0,20-49,eligible_evaluation,at_least_20_utterances,39024c27361d7aa3b36074e0f6c23658f5e3650baf05fa29e09a319526c12f56,20260729,v2
1107,train,2,6.000000,train=0|train_small=0|part=0|test=2,0,2-19,eligible_train,at_least_2_utterances,66b58e013ae0348fff728a18b637efd99f6fbf26eecfea4f8a30f24a0d8b9d48,20260729,v2
1108,train,3,9.000000,train=0|train_small=3|part=0|test=0,0,2-19,eligible_train,at_least_2_utterances,50bcb23d9ff1490be0bfe787c7e90861750b0e44dc199c7eb0f650c2e1d299be,20260729,v2
1109,train,92,276.000000,train=0|train_small=92|part=0|test=0,0,50-99,eligible_train,at_least_2_utterances,f3a0fefe9c4ac2408ed35e78c3ab641027ae73d6316065cb8dd33664b4d2a9e5,20260729,v2
1110,test,344,1032.000000,train=183|train_small=161|part=0|test=0,0,200-499,eligible_evaluation,at_least_20_utterances,2af68b7aa124abc000c5fa89b4c80129e8d86539c8c4176cd7efcff209659411,20260729,v2
1111,train,120,360.000000,train=59|train_small=61|part=0|test=0,0,100-199,eligible_train,at_least_2_utterances,b4b471b1389f31bb7b11d5f3d3dc31e75e8aa36ccec29e5b9bc01f6c210be883,20260729,v2
1112,test,121,363.000000,train=58|train_small=63|part=0|test=0,0,100-199,eligible_evaluation,at_least_20_utterances,3f8fc22bf3132f2aa6b3ef184397322ec6b705502759cd5fbb6adf2b07192c33,20260729,v2
1113,train,8,24.000000,train=5|train_small=3|part=0|test=0,0,2-19,eligible_train,at_least_2_utterances,bdfbe1b7f4672d6d3bb2bffbf295dffd1b73f1a7d010d7d113d537b06ad23bdb,20260729,v2
1114,validation,70,210.000000,train=21|train_small=49|part=0|test=0,0,50-99,eligible_evaluation,at_least_20_utterances,213df7bf84b6a98a2c713cb8648f306413ae8d55e1310339558620ad9bdffad6,20260729,v2
1115,train,40,120.000000,train=0|train_small=40|part=0|test=0,0,20-49,eligible_train,at_least_2_utterances,833ee510a3266e66b3a09f4286d40a594ad47fe96c036b266c9c1822040207b3,20260729,v2
1116,train,9,27.000000,train=4|train_small=5|part=0|test=0,0,2-19,eligible_train,at_least_2_utterances,e1533664c80333b5976aaf43067a33c8a4b67952d9172f9390ff8d80ff04e81e,20260729,v2
1117,train,34,102.000000,train=0|train_small=34|part=0|test=0,0,20-49,eligible_train,at_least_2_utterances,db2cf32a5d4e44a1976d3c8b4bd4205dc78b203e26dae06811f8d141b2ce5236,20260729,v2
1118,train,39,117.000000,train=0|train_small=39|part=0|test=0,0,20-49,eligible_train,at_least_2_utterances,9158bed4eb6f69b7a9c30debf07912a688f095d06bdc4b4198c0ce6654e42dcb,20260729,v2
1119,train,17,51.000000,train=0|train_small=17|part=0|test=0,0,2-19,eligible_train,at_least_2_utterances,efdd460237f090db889489be8e5ae8382c9445c0d125356e9c97c3fb9e8fed6e,20260729,v2
1120,train,15,45.000000,train=0|train_small=0|part=0|test=15,0,2-19,eligible_train,at_least_2_utterances,75dd9e83a479bc6ca451a547435d85f4e8f03754b206f84513ffd8de218a8018,20260729,v2
1121,train,7,21.000000,train=0|train_small=7|part=0|test=0,0,2-19,eligible_train,at_least_2_utterances,4f2cd68e19808b40c08753eb03a1b45b8d2b70103e03e91cb968dd5110bdc2f2,20260729,v2
1122,train,8,24.000000,train=0|train_small=8|part=0|test=0,0,2-19,eligible_train,at_least_2_utterances,80a639b2a8d6511ccb6472fbc51ec24b9245c1232cfd8a81ebbf00baa40631d0,20260729,v2
1123,train,7,21.000000,train=0|train_small=0|part=0|test=7,0,2-19,eligible_train,at_least_2_utterances,1e8571db41763ecf584de45c716d8d8d04992499965894eb7a7b4634fb2f0730,20260729,v2
1124,train,6,18.000000,train=5|train_small=1|part=0|test=0,0,2-19,eligible_train,at_least_2_utterances,1c8b94c8f2c79f75e19fe66e0b960dcb81100f4c9ec277ebd78cfd9b5969b387,20260729,v2
1125,train,5,15.000000,train=2|train_small=3|part=0|test=0,0,2-19,eligible_train,at_least_2_utterances,43151a22ac696db8c673fa380b956c44ad9ba4b1c63ca5ffe55f589d1e10453e,20260729,v2
1126,train,16,48.000000,train=0|train_small=16|part=0|test=0,0,2-19,eligible_train,at_least_2_utterances,8824dd419c474dde8f56c5c61b07e4b631d949b802ca31cf62375f366a44aba4,20260729,v2
1127,train,14,42.000000,train=0|train_small=14|part=0|test=0,0,2-19,eligible_train,at_least_2_utterances,642d4dc8976fa8580077a5e5fb8b1f0c2249f8ed5dc38b706f0f1fa373670cf4,20260729,v2
1128,validation,28,84.000000,train=28|train_small=0|part=0|test=0,0,20-49,eligible_evaluation,at_least_20_utterances,042909d4892728b0437bd757c2fa3e6618cf7c2e1ede8fe3d2c282f573fd4ef2,20260729,v2
1129,train,11,33.000000,train=0|train_small=0|part=0|test=11,0,2-19,eligible_train,at_least_2_utterances,108b6ff225256c986012c58b8cf62eb0023cde798a40fd90c676b46f4a2b7bd7,20260729,v2
1130,train,4,12.000000,train=0|train_small=4|part=0|test=0,0,2-19,eligible_train,at_least_2_utterances,7f8fc13af9fc343b2c79c24c5342401eb22405747338c8ce784c76ca0a770b0c,20260729,v2
1131,train,7,21.000000,train=3|train_small=4|part=0|test=0,0,2-19,eligible_train,at_least_2_utterances,739db9cf76c5c94beeb12ebd849f061ba40b82913dd487b9a2e6a8f656abb614,20260729,v2
1132,train,45,135.000000,train=25|train_small=20|part=0|test=0,0,20-49,eligible_train,at_least_2_utterances,c75855337a6929689388c6351b3bece462d02404c7669f40bcdcd5b81d61b3d5,20260729,v2
1133,test,32,96.000000,train=32|train_small=0|part=0|test=0,0,20-49,eligible_evaluation,at_least_20_utterances,43894a5ee1f686d68fcc5b756bfa51b2e61c26d914608751eac90078d11a198d,20260729,v2
1134,train,80,240.000000,train=41|train_small=39|part=0|test=0,0,50-99,eligible_train,at_least_2_utterances,f03ed036870b4025f64081b1aa29cd22a2cb4fa44c6f81d443911708edd30ecd,20260729,v2
1135,validation,36,108.000000,train=18|train_small=18|part=0|test=0,0,20-49,eligible_evaluation,at_least_20_utterances,0e096f84086e00632e97a68d0b2fa94b87ee6359f23805bb566a7895ddeb291a,20260729,v2
1136,train,11,33.000000,train=6|train_small=5|part=0|test=0,0,2-19,eligible_train,at_least_2_utterances,155d6358ff829cbcd9705bff0fe2209ea5b7ac1afea645894d46eaee880872e2,20260729,v2
1137,train,4,12.000000,train=0|train_small=0|part=0|test=4,0,2-19,eligible_train,at_least_2_utterances,486945227a907f4294469d4bc328ae22be4389fa8cc9bd9a2eb8650a597424e2,20260729,v2
1138,test,138,414.000000,train=66|train_small=72|part=0|test=0,0,100-199,eligible_evaluation,at_least_20_utterances,49292d08dec73f76f76a583c40691a70b57910bac088f0211e83f3a9c4d0919a,20260729,v2
1139,train,7,21.000000,train=7|train_small=0|part=0|test=0,0,2-19,eligible_train,at_least_2_utterances,89e71d469f6ec32198e132e086dcda1112af29aa4de7b825649f01f9b383b0bf,20260729,v2
1140,train,4,12.000000,train=4|train_small=0|part=0|test=0,0,2-19,eligible_train,at_least_2_utterances,e3f47c2305793cedaffd4174df0a8024ed5fbaa664fbeeb5fe8beb88a257a0ce,20260729,v2
1141,train,5,15.000000,train=3|train_small=2|part=0|test=0,0,2-19,eligible_train,at_least_2_utterances,eb421fb80156499872f1f502f6e0bf88a02ddf3a0d5bf795c5f20e3f1438e743,20260729,v2
1142,train,4,12.000000,train=2|train_small=2|part=0|test=0,0,2-19,eligible_train,at_least_2_utterances,5bd4825234bafbeb96aaa5e7fe458813bd83255113b92095b763307c8a5b37fd,20260729,v2
1143,train,4,12.000000,train=1|train_small=3|part=0|test=0,0,2-19,eligible_train,at_least_2_utterances,94dbd268886e61d5899ed511d2e68a5b1209a0f434c68aee0584e48a48912552,20260729,v2
1144,train,12,36.000000,train=12|train_small=0|part=0|test=0,0,2-19,eligible_train,at_least_2_utterances,347bb9af87dc0b7ae41db33736c4c846d952f9afbfc3d40843a73f1ecf8e1972,20260729,v2
1145,train,5,15.000000,train=3|train_small=2|part=0|test=0,0,2-19,eligible_train,at_least_2_utterances,97361cfca5c47ef480b0cab44bc63612dc9ffc15106d838c11d2473b5023260c,20260729,v2
1146,train,2,6.000000,train=2|train_small=0|part=0|test=0,0,2-19,eligible_train,at_least_2_utterances,a7b6d895ef478afa4123bf6689e7128c024ccf4f3c9a841c6b1205fd4c144d33,20260729,v2
1147,train,5,15.000000,train=3|train_small=2|part=0|test=0,0,2-19,eligible_train,at_least_2_utterances,6343007cdc39ecf3e1305fbdbd40cda4d6e494a44a0ad348c40f0ebdb4241862,20260729,v2
1148,validation,2686,8058.000000,train=2686|train_small=0|part=0|test=0,0,500+,eligible_evaluation,at_least_20_utterances,040543ad2b187867ee3d3c1bf3af92b67df54b80fde4ef41f3e4126620c5a691,20260729,v2
1149,train,3,9.000000,train=2|train_small=1|part=0|test=0,0,2-19,eligible_train,at_least_2_utterances,8342c169680875da587de8be80052dd6ad9e8bd43ac732bc116b7d00779bc2e2,20260729,v2
1150,train,4,12.000000,train=4|train_small=0|part=0|test=0,0,2-19,eligible_train,at_least_2_utterances,6f4c820ce0dc663344acf02b80161119679a592aa8d70a39843950081c25392f,20260729,v2
1151,train,2,6.000000,train=2|train_small=0|part=0|test=0,0,2-19,eligible_train,at_least_2_utterances,e83a16863466481ed97784f08d8d46e6c60e07763a97642c677631cba188c119,20260729,v2
1152,train,3,9.000000,train=3|train_small=0|part=0|test=0,0,2-19,eligible_train,at_least_2_utterances,09586ddb5152298a9847f2e6b93bbf96bc53232e2fe3262a5a7d41da90ffa29c,20260729,v2
1153,excluded,1,3.000000,train=0|train_small=0|part=0|test=1,0,1,ineligible,singleton_speaker,d7a9505ee99d41d438be6cc371d201046469a336bafb0d716ed731bafe83dff8,20260729,v2
1154,train,5,15.000000,train=4|train_small=1|part=0|test=0,0,2-19,eligible_train,at_least_2_utterances,e79a5a0515cc7f7a5db5ff8107128fb5e5d0d83b37987583b34c32c9c28f48ac,20260729,v2
1155,train,3,9.000000,train=3|train_small=0|part=0|test=0,0,2-19,eligible_train,at_least_2_utterances,3df614f6de1a8a1c2beeeda0ce59c54ab123a6e5d7ba519dbbcd26e36ffa2a4b,20260729,v2
1156,train,15,45.000000,train=7|train_small=8|part=0|test=0,0,2-19,eligible_train,at_least_2_utterances,038f90815ba75261de53897e512e567fca2648d0e335a6710223e6ee2a5a0680,20260729,v2
1157,train,25,75.000000,train=13|train_small=12|part=0|test=0,0,20-49,eligible_train,at_least_2_utterances,b820aa49ec211d50e754b02a8195adfb661fdf08f74a16046739d6ce9886809c,20260729,v2
1158,train,1613,4839.000000,train=826|train_small=787|part=0|test=0,0,500+,eligible_train,at_least_2_utterances,77dab70718b428b917969ec9322856159db070bfda4ad886c7771e2b1b3f4ffa,20260729,v2
1159,train,3,9.000000,train=0|train_small=0|part=0|test=3,0,2-19,eligible_train,at_least_2_utterances,6e9dfa46bc8637570a8071a9c289f36f7b06a61cf0f4a4876be91da1216be4a2,20260729,v2
1160,train,368,1104.000000,train=368|train_small=0|part=0|test=0,0,200-499,eligible_train,at_least_2_utterances,5e168ff30f5b1961d0812a07ae6d7fc09ce04959aa5176fef55ebcb0353901ca,20260729,v2
1161,train,4,12.000000,train=4|train_small=0|part=0|test=0,0,2-19,eligible_train,at_least_2_utterances,55daf486918f59b550f3737875d9563c8922bbeb0432cd92793751dd97e0ecb2,20260729,v2
1162,train,17,51.000000,train=9|train_small=8|part=0|test=0,0,2-19,eligible_train,at_least_2_utterances,1f57298744365b78cb3bf9de911ee94701b4b263642fa7946828ab44662c2297,20260729,v2
1163,train,9,27.000000,train=6|train_small=3|part=0|test=0,0,2-19,eligible_train,at_least_2_utterances,ab8121f9c7282ef66301c678543def3a92be4b1aee0570f1575e2d334c3387ab,20260729,v2
1164,train,5,15.000000,train=5|train_small=0|part=0|test=0,0,2-19,eligible_train,at_least_2_utterances,bd75ffaa266a9d82ef983bdc9f7e016c3ddb6b5499b2eba8e94bb94630b3bf54,20260729,v2
1165,train,2,6.000000,train=0|train_small=2|part=0|test=0,0,2-19,eligible_train,at_least_2_utterances,d97bb7d9d6ed196acea65e1f3ba1f713602851f68f5e999892255f4802067b9e,20260729,v2
1166,train,7,21.000000,train=3|train_small=4|part=0|test=0,0,2-19,eligible_train,at_least_2_utterances,ce4f91b2da79c0e9398ba3b82328c7bc72f0bba28afbfd87846638398fc226ab,20260729,v2
1167,train,218,654.000000,train=106|train_small=112|part=0|test=0,0,200-499,eligible_train,at_least_2_utterances,ca9f265121c627cd75fea4e3b1c4ee01a6126d43ff272a0926e51a53486aaa5c,20260729,v2
1168,train,20,60.000000,train=11|train_small=9|part=0|test=0,0,20-49,eligible_train,at_least_2_utterances,8fea40f19bcca838a00f4543ec6092a69c7068ac6b122930069e3b072acea595,20260729,v2
1169,train,3,9.000000,train=2|train_small=1|part=0|test=0,0,2-19,eligible_train,at_least_2_utterances,39be88dd0bc12b22443b86f6ad9ab628503015709fdbd41177dc65f924e7ddb9,20260729,v2
1170,train,6,18.000000,train=6|train_small=0|part=0|test=0,0,2-19,eligible_train,at_least_2_utterances,36afe8536a4a1230d20747b6e7bbcf2e1b4b350ef2656674b0bf1634dbe0e41c,20260729,v2
1171,test,162,486.000000,train=84|train_small=78|part=0|test=0,0,100-199,eligible_evaluation,at_least_20_utterances,2bfeea8d528217e3570c8fd3378ae85d1e1fcbfa5a8e8d84272ee48180af071a,20260729,v2
1172,train,75,225.000000,train=75|train_small=0|part=0|test=0,0,50-99,eligible_train,at_least_2_utterances,e50e1a6a0e5f9a04fa9b474de1985b3ebb1c6efc25ce6c6aed120ebeb5ebb2d4,20260729,v2
1173,train,33,99.000000,train=0|train_small=0|part=0|test=33,0,20-49,eligible_train,at_least_2_utterances,6d35a665d25e28127f5acae95830dd33871d8f4c7f495c059344e44e2abf35ec,20260729,v2
1174,train,23,69.000000,train=23|train_small=0|part=0|test=0,0,20-49,eligible_train,at_least_2_utterances,57ebf1e60825932ed1c64b27a9a2f0d00fed842fe15d6c5bd93f74dc6e554aa1,20260729,v2
1175,train,6,18.000000,train=0|train_small=0|part=0|test=6,0,2-19,eligible_train,at_least_2_utterances,7153bb8cb4cfe2dff0f2318e4b38da4330a93dcbae9390a930da8a34317dbfb6,20260729,v2
1176,train,12,36.000000,train=4|train_small=8|part=0|test=0,0,2-19,eligible_train,at_least_2_utterances,c414c30ff34737fb91e1ab105f356b97b3464be59735aaefdf045fafb4b6cb85,20260729,v2
1177,train,7,21.000000,train=3|train_small=4|part=0|test=0,0,2-19,eligible_train,at_least_2_utterances,0fef7a8ed780a4a4f8579b3a109fd11331ffbb5ac6c9673ac9583611a2f50bd4,20260729,v2
1178,train,6,18.000000,train=5|train_small=1|part=0|test=0,0,2-19,eligible_train,at_least_2_utterances,a937ad603c47583922df0cbc09fcaec991d82840041f5e1781c4cdb89c112e69,20260729,v2
1179,test,21,63.000000,train=0|train_small=0|part=0|test=21,0,20-49,eligible_evaluation,at_least_20_utterances,265c4b5b22226444e748920e1fba13a76e31f2d43eb6a580f85f8cd45b4d1f35,20260729,v2
1180,train,21,63.000000,train=11|train_small=10|part=0|test=0,0,20-49,eligible_train,at_least_2_utterances,d805f186d69179a470f4b46d3d603e2c1fb79d55fdd954e884631be32c758ed2,20260729,v2
1181,train,9,27.000000,train=9|train_small=0|part=0|test=0,0,2-19,eligible_train,at_least_2_utterances,969fcb2e5d6d8a9266be83359f6663df1de8b2203e6dbe400156a2a654ea85b0,20260729,v2
1182,train,10,30.000000,train=3|train_small=7|part=0|test=0,0,2-19,eligible_train,at_least_2_utterances,39efcd9571a7d79d906f648f0a7787e79f2903c316104fee35a008bafe64cf27,20260729,v2
1183,excluded,1,3.000000,train=0|train_small=1|part=0|test=0,0,1,ineligible,singleton_speaker,328488aa5b15810a3f66317c7112faf002a6e79bd2e099e3e373576f752cc184,20260729,v2
1184,train,52,156.000000,train=0|train_small=0|part=0|test=52,0,50-99,eligible_train,at_least_2_utterances,8f99e6aeb9d35054394b967ab4205f90b68020e58d520f514d1f32bea9a0c871,20260729,v2
1185,train,14,42.000000,train=14|train_small=0|part=0|test=0,0,2-19,eligible_train,at_least_2_utterances,d9c479ae18245f2d1d3b76a9e234ce7442f0fdd1eb7c79d74ea99edce341a42e,20260729,v2
1186,train,32,96.000000,train=13|train_small=19|part=0|test=0,0,20-49,eligible_train,at_least_2_utterances,95855a4b2cf5aca3a24f435474af41b1064594710f846ef5c323a262c7330e80,20260729,v2
1187,train,4,12.000000,train=2|train_small=2|part=0|test=0,0,2-19,eligible_train,at_least_2_utterances,69b0b07c98f240e17fc6eb3ef257a544b1fd29c5f733d8ebd091a1019adfbb5c,20260729,v2
1188,train,2,6.000000,train=0|train_small=0|part=0|test=2,0,2-19,eligible_train,at_least_2_utterances,d14776eb3a53fcd3441ec825161bfe4be9ad38468833cac82f77f180a99bb1b9,20260729,v2
1189,validation,86,258.000000,train=42|train_small=44|part=0|test=0,0,50-99,eligible_evaluation,at_least_20_utterances,223dc61a52754b940058cc12e5ddb6c88c323a3de6997f6102c4eee8a3dd87fd,20260729,v2
1190,train,46,138.000000,train=0|train_small=0|part=0|test=46,0,20-49,eligible_train,at_least_2_utterances,d89e5dd2339558ec6a468f3e35d137f900932f29e2b84586f59d598d37466cf7,20260729,v2
1191,train,9,27.000000,train=9|train_small=0|part=0|test=0,0,2-19,eligible_train,at_least_2_utterances,3a31b73667ffcbdb45d84d1c3097618c977d236e9d178f6bcca8ec14ca89a0bf,20260729,v2
1192,train,3,9.000000,train=2|train_small=1|part=0|test=0,0,2-19,eligible_train,at_least_2_utterances,50f211c7bbc357fd4ff8ea9d6b88953be5385587c6552d9b9941d4c8866a02ba,20260729,v2
1193,train,97,291.000000,train=48|train_small=49|part=0|test=0,0,50-99,eligible_train,at_least_2_utterances,f2cfe4cc106548a23265e208f669d17d334b8a26b92404d3b95a5e7a8fda6069,20260729,v2
1194,train,4,12.000000,train=4|train_small=0|part=0|test=0,0,2-19,eligible_train,at_least_2_utterances,8b3633c4ea88bdd4ced442f3b9c5aaee2debbc845362e7477ea0d89272904629,20260729,v2
1195,train,69,207.000000,train=33|train_small=36|part=0|test=0,0,50-99,eligible_train,at_least_2_utterances,495da0a0b526fe1bb65309a41695d61c22d5cc81f5ba4e2d1d7d8a0909a84b9d,20260729,v2
1196,train,22,66.000000,train=22|train_small=0|part=0|test=0,0,20-49,eligible_train,at_least_2_utterances,56f9ae04214f61ad608725907b9f3a88a7f057c2e34ea0b7e5c7496b0561a129,20260729,v2
1197,train,6,18.000000,train=5|train_small=1|part=0|test=0,0,2-19,eligible_train,at_least_2_utterances,e8ed15ce0f27b99817a1b85f1c43695f1fc932d6f1e39a857d53922c690ddc65,20260729,v2
1198,train,52,156.000000,train=52|train_small=0|part=0|test=0,0,50-99,eligible_train,at_least_2_utterances,9064b3efd41c108b8a4e70f452436bde7652953336c20958e311566efa99e897,20260729,v2
1199,train,18,54.000000,train=11|train_small=7|part=0|test=0,0,2-19,eligible_train,at_least_2_utterances,62f4e133dcd0520e2b3a6a53bdb2702a8e6bc0a3175749b33bad6110de16bfa1,20260729,v2
1200,train,10,30.000000,train=5|train_small=5|part=0|test=0,0,2-19,eligible_train,at_least_2_utterances,bf92ff243159c09500b06d95ba691749819b3f67a6c356f710663c7648b2d5a7,20260729,v2
1201,validation,32,96.000000,train=32|train_small=0|part=0|test=0,0,20-49,eligible_evaluation,at_least_20_utterances,02ee7ce7557855ca99ba32edf632adc2b69bab0b4edbf3f5842ab95cc7512673,20260729,v2
1202,train,11,33.000000,train=5|train_small=6|part=0|test=0,0,2-19,eligible_train,at_least_2_utterances,036277da85f504a73318ae678d265f6c7b00d7a6d16e33403fdfc65a14a98e4d,20260729,v2
1203,train,6,18.000000,train=4|train_small=2|part=0|test=0,0,2-19,eligible_train,at_least_2_utterances,5511af83e4738d11aa6eef29448bb66dd69d501869c959d2a050bc77c6fc4f4e,20260729,v2
1204,train,5,15.000000,train=5|train_small=0|part=0|test=0,0,2-19,eligible_train,at_least_2_utterances,d8f81e46df058f94816fd3c649b8223d684c219a3a49d31c873dd43b290152e2,20260729,v2
1205,excluded,1,3.000000,train=0|train_small=1|part=0|test=0,0,1,ineligible,singleton_speaker,5bac8d39b2f5c687803735acbf18423111a33ee223ce46f2034fa26979dcf730,20260729,v2
1206,train,75,225.000000,train=36|train_small=39|part=0|test=0,0,50-99,eligible_train,at_least_2_utterances,87776a31bae5db9fc16be8031c1ce12291958dc4b7ad566459e266404e942cda,20260729,v2
1207,train,12,36.000000,train=9|train_small=3|part=0|test=0,0,2-19,eligible_train,at_least_2_utterances,e5db59934071a10660c7c8f4bb2df18e27bf808b064d7c6e750e8d27d9e56e19,20260729,v2
1208,train,2,6.000000,train=2|train_small=0|part=0|test=0,0,2-19,eligible_train,at_least_2_utterances,515d1fd6ab6205fec9adcf362eca50cd67717790758a2cacfd102c5de582867c,20260729,v2
1209,train,9,27.000000,train=4|train_small=5|part=0|test=0,0,2-19,eligible_train,at_least_2_utterances,e39394463f26a0396736666df9a2f0cd146688bf1f1e843bbb6b6b284f740bcb,20260729,v2
1210,excluded,1,3.000000,train=1|train_small=0|part=0|test=0,0,1,ineligible,singleton_speaker,d9cdb6f3067220050fe654b7b2437ec5bb778d310be37bddf2fa45b739f12c80,20260729,v2
1211,train,104,312.000000,train=53|train_small=51|part=0|test=0,0,100-199,eligible_train,at_least_2_utterances,541c6d91bd33c52bcd7bc1e3a7aa6bca381548cc1408b6f43ba1e9505823c1f5,20260729,v2
1212,test,27,81.000000,train=27|train_small=0|part=0|test=0,0,20-49,eligible_evaluation,at_least_20_utterances,37f167c59fdde66bfa35e1e1fa3cf6648f3128b401557c3a0dc540c2081371b5,20260729,v2
1213,train,4,12.000000,train=4|train_small=0|part=0|test=0,0,2-19,eligible_train,at_least_2_utterances,888e3a297742954d772b8411748e42adbf473e50633a033695be4b7fd4c41e31,20260729,v2
1214,train,44,132.000000,train=23|train_small=21|part=0|test=0,0,20-49,eligible_train,at_least_2_utterances,4f17800b0a29b2e61a7e766f478331c456950732ea4e2c19b475843d38e59009,20260729,v2
1215,train,63,189.000000,train=35|train_small=28|part=0|test=0,0,50-99,eligible_train,at_least_2_utterances,eda9d0831c0859c56a23e4095ca9895264dab987cf4446ae0a5affbf929265c4,20260729,v2
1216,train,17,51.000000,train=8|train_small=9|part=0|test=0,0,2-19,eligible_train,at_least_2_utterances,0463e949d2c342ea3c88fda75a68db6286d54e6af9408942491e95540002f59a,20260729,v2
1217,train,13,39.000000,train=9|train_small=4|part=0|test=0,0,2-19,eligible_train,at_least_2_utterances,c0461357531c97933029ec15067ad01b4de576ae20207ecddc23ede7e803e0b7,20260729,v2
1218,train,6,18.000000,train=2|train_small=4|part=0|test=0,0,2-19,eligible_train,at_least_2_utterances,7d47fb0b0f0bb1518fa7f894f98b41656bab7df518230de27d7c42d2c9dd034c,20260729,v2
1219,train,3,9.000000,train=3|train_small=0|part=0|test=0,0,2-19,eligible_train,at_least_2_utterances,c1824b0f166a105df525ee540419d1bfff5b150142ed912bd30d6892388d6017,20260729,v2
1220,train,33,99.000000,train=0|train_small=0|part=0|test=33,0,20-49,eligible_train,at_least_2_utterances,4882e88c15e83bcffde507a49cd3dbbcf505128d69301d64aae39475b3e97708,20260729,v2
1221,train,6,18.000000,train=6|train_small=0|part=0|test=0,0,2-19,eligible_train,at_least_2_utterances,a49c57669db1e26942ddf438c1ee335dd2852e953886790bddedfd6d569e51f2,20260729,v2
1222,train,63,189.000000,train=63|train_small=0|part=0|test=0,0,50-99,eligible_train,at_least_2_utterances,8c2f34f8f7a75ba689b736f3c4f348a18a6ad1a83aef0cd999c6406b238eeae5,20260729,v2
1223,train,9,27.000000,train=9|train_small=0|part=0|test=0,0,2-19,eligible_train,at_least_2_utterances,0847d7a58414729eb49d0e28e977c930e2aaeba7899192a251719938dcd805fe,20260729,v2
1224,train,51,153.000000,train=25|train_small=26|part=0|test=0,0,50-99,eligible_train,at_least_2_utterances,ad0c9c8ae25a29ae15516e4c737357216c637df8ea43b921be14a25db1a412bc,20260729,v2
1225,train,15,45.000000,train=15|train_small=0|part=0|test=0,0,2-19,eligible_train,at_least_2_utterances,d547f4d61d24328a83ab44bac5fcccdf06eafceaf741a94eb141a3379ee4fe20,20260729,v2
1226,train,26,78.000000,train=26|train_small=0|part=0|test=0,0,20-49,eligible_train,at_least_2_utterances,8114fe0c3ff8f3362d2770fb77e3e4ef416477d982e69b02e94c88c1ebe79cfc,20260729,v2
1227,train,8,24.000000,train=0|train_small=0|part=0|test=8,0,2-19,eligible_train,at_least_2_utterances,95917bff2cb1301dda65a92e65a88c63c9e8e05fef5e9fce9aea8b7b9c8e2ae1,20260729,v2
1228,train,78,234.000000,train=41|train_small=37|part=0|test=0,0,50-99,eligible_train,at_least_2_utterances,4d5d3022f7b841bd1bbfeecc07a27b76fbad4edec1fc7f8127934cdc26428dbd,20260729,v2
1229,train,5,15.000000,train=5|train_small=0|part=0|test=0,0,2-19,eligible_train,at_least_2_utterances,e5ecfd112dce19eaaaf55a49066883ab462e1724f383ea13e63fae894c0676d0,20260729,v2
1230,train,12,36.000000,train=0|train_small=0|part=0|test=12,0,2-19,eligible_train,at_least_2_utterances,6b4ea7e019543317918c2d8c44fb03ba3c912a75d83b0f884a3032eaafe639f4,20260729,v2
1231,train,3,9.000000,train=3|train_small=0|part=0|test=0,0,2-19,eligible_train,at_least_2_utterances,34de98ac0307ff7e2792db5db16a201f6cfa4d8924367949dbf7366668134307,20260729,v2
1232,train,52,156.000000,train=23|train_small=29|part=0|test=0,0,50-99,eligible_train,at_least_2_utterances,81055e4b21e7627e5f2a833d0b405c79dc076edcb0daed2c4cac6b70bf8e9da1,20260729,v2
1233,train,5,15.000000,train=1|train_small=4|part=0|test=0,0,2-19,eligible_train,at_least_2_utterances,b7f9936a0b6ca86e856e7d1f12d9ec17d6fe5efe1765c98f2c9ba8ef4d758ada,20260729,v2
1234,train,2,6.000000,train=2|train_small=0|part=0|test=0,0,2-19,eligible_train,at_least_2_utterances,cb68dc23f34a53cbe87e05937e32734ceac2bd9f39f410c1ea6b49a4a2655bfc,20260729,v2
1235,train,5,15.000000,train=5|train_small=0|part=0|test=0,0,2-19,eligible_train,at_least_2_utterances,438ef7924079fccfa57aaa84b4a34efe47db81259efd59f60d47390e1d73eff5,20260729,v2
1236,train,11,33.000000,train=11|train_small=0|part=0|test=0,0,2-19,eligible_train,at_least_2_utterances,1428803fa294b0e41bdde084d8621ef92cfd2a83b2f05ce7a702f938bb101250,20260729,v2
1237,train,4,12.000000,train=3|train_small=1|part=0|test=0,0,2-19,eligible_train,at_least_2_utterances,014e4bed4becf84d278300ca716b14f4b93531e7e3f98edbbb68fdbbcd21271b,20260729,v2
1238,train,62,186.000000,train=31|train_small=31|part=0|test=0,0,50-99,eligible_train,at_least_2_utterances,f878d34cdada719e57a1991cf5a236e835eea137dedee55527790e244355e64e,20260729,v2
1239,train,2,6.000000,train=2|train_small=0|part=0|test=0,0,2-19,eligible_train,at_least_2_utterances,8988b1359410ca407c60884ac1435017d72d82d0c35be8f9a9d25e73189c60e3,20260729,v2
1240,train,5,15.000000,train=2|train_small=3|part=0|test=0,0,2-19,eligible_train,at_least_2_utterances,b864d938ee105ecb17919b19321bcdebbdf6520bb5ab57690603003d2ee1aace,20260729,v2
1241,train,7,21.000000,train=3|train_small=4|part=0|test=0,0,2-19,eligible_train,at_least_2_utterances,1bb0ce64fe147edeb8e8d3040638d51b11bf63c1c5923a0d824df9ec841208a9,20260729,v2
1242,validation,29,87.000000,train=16|train_small=13|part=0|test=0,0,20-49,eligible_evaluation,at_least_20_utterances,071b35a23b2a5cf55ccd19acfa70e46e0cbd9b716045655c2f84d70cf5ff27ed,20260729,v2
1243,train,59,177.000000,train=27|train_small=32|part=0|test=0,0,50-99,eligible_train,at_least_2_utterances,cc736ba66ee6a0eaa9b69404110187644166265cd72dd199f26e507a10326f55,20260729,v2
1244,train,3,9.000000,train=3|train_small=0|part=0|test=0,0,2-19,eligible_train,at_least_2_utterances,78e241b50b563347b167cdd5a30558c0b9557942bb78688ee59c94deba4a89a3,20260729,v2
1245,train,5,15.000000,train=5|train_small=0|part=0|test=0,0,2-19,eligible_train,at_least_2_utterances,8d30c5bfc3ccf656c79455c722ea478743dda4f7cb3bcf0d0329a5da303a86e0,20260729,v2
1246,train,35,105.000000,train=22|train_small=13|part=0|test=0,0,20-49,eligible_train,at_least_2_utterances,f77eb84774afe216b024bfa04c2a6f0c452fe8d90c33b32caceeaa6e2a49e3bc,20260729,v2
1247,train,7,21.000000,train=7|train_small=0|part=0|test=0,0,2-19,eligible_train,at_least_2_utterances,ff7fb5dc50d5a64c7c591cd1e21737fe5d13652277e97a9de421f534149efb36,20260729,v2
1248,train,5,15.000000,train=5|train_small=0|part=0|test=0,0,2-19,eligible_train,at_least_2_utterances,0ac5002509aa0268e30e49da76d63ccfb3546452b7be4a56056b43136366b9a0,20260729,v2
1249,train,32,96.000000,train=12|train_small=20|part=0|test=0,0,20-49,eligible_train,at_least_2_utterances,8bdca3d6750f8e753e94c1b2a42c3ff4e8ab60a721ff36cf832a7e7dfdfcb04c,20260729,v2
1250,train,2,6.000000,train=2|train_small=0|part=0|test=0,0,2-19,eligible_train,at_least_2_utterances,1e846ae03493f0141faeadeff5eec53e9dc8ac07bba57f3491cd70919d33440f,20260729,v2
1251,train,16,48.000000,train=11|train_small=5|part=0|test=0,0,2-19,eligible_train,at_least_2_utterances,a8bc181e3a28f347535405ed4a1036c3d322c48985295963a72cede6bea8dc81,20260729,v2
1252,train,29,87.000000,train=16|train_small=13|part=0|test=0,0,20-49,eligible_train,at_least_2_utterances,9a11cfa3a8a04475f833365cfbd2c4bb2cd6ddddcbe4d11ab5e67ecca77b7a3e,20260729,v2
1253,train,12,36.000000,train=7|train_small=5|part=0|test=0,0,2-19,eligible_train,at_least_2_utterances,c3b5a311d6a67078867b96ebf251899708c5a9b4a1c34fb3e84be18d07879608,20260729,v2
1254,train,18,54.000000,train=18|train_small=0|part=0|test=0,0,2-19,eligible_train,at_least_2_utterances,9681763ef09bf2072c3621cea066d575dfb86b628ff8e4b0619d9c1ef366a023,20260729,v2
1255,train,9,27.000000,train=4|train_small=5|part=0|test=0,0,2-19,eligible_train,at_least_2_utterances,1fccc0e7f6d4236690aefa5dc6999a2e603786a3d492631451f011c1b2f5a8d6,20260729,v2
1256,train,2,6.000000,train=1|train_small=1|part=0|test=0,0,2-19,eligible_train,at_least_2_utterances,69a93939d0ae380c0702bcd9c333f4acec1abee797d83d40e770a69d8f265d2f,20260729,v2
1257,train,14,42.000000,train=7|train_small=7|part=0|test=0,0,2-19,eligible_train,at_least_2_utterances,c4a6746a6b5b1763d95dd243d660704df669ad1f309b6453ac9c82ef5e1f4782,20260729,v2
1258,train,12,36.000000,train=12|train_small=0|part=0|test=0,0,2-19,eligible_train,at_least_2_utterances,47a1841736039123fdab5c6b22fad2353e34af1235b7a3021690dc94141aeb41,20260729,v2
1259,excluded,1,3.000000,train=1|train_small=0|part=0|test=0,0,1,ineligible,singleton_speaker,e26745ef482bbfba1c863d453c678d006961321e9dde265327533689f7b70cf7,20260729,v2
1260,train,3,9.000000,train=0|train_small=3|part=0|test=0,0,2-19,eligible_train,at_least_2_utterances,e8f020266de8f70235de917b65c9c54db997346ab65a5f68c82eb48b8c922741,20260729,v2
1261,train,17,51.000000,train=17|train_small=0|part=0|test=0,0,2-19,eligible_train,at_least_2_utterances,28cd05bdc6d92c31f12a9fafd6732b820bbcabb8e034f97b29f9ee51f5ebc9a1,20260729,v2
1262,train,8,24.000000,train=3|train_small=5|part=0|test=0,0,2-19,eligible_train,at_least_2_utterances,ec3d80e47f7392c0512be5f434d901887e77d292255bd92c79dbd34e029ee094,20260729,v2
1263,test,21,63.000000,train=8|train_small=13|part=0|test=0,0,20-49,eligible_evaluation,at_least_20_utterances,385f4c30b87fbc5fa6583b32049f423bc6712346c442087f319e438d5ec7e7d3,20260729,v2
1264,train,20,60.000000,train=10|train_small=10|part=0|test=0,0,20-49,eligible_train,at_least_2_utterances,63e0a4b2462a6dcb60fa8704d990836ba7ccf320f9343690fce32b03830c45f3,20260729,v2
1265,train,6,18.000000,train=6|train_small=0|part=0|test=0,0,2-19,eligible_train,at_least_2_utterances,9afe6219433d107e76998169eeb24d07ef69ca42b8832d8501592497f63c9138,20260729,v2
1266,train,5,15.000000,train=2|train_small=3|part=0|test=0,0,2-19,eligible_train,at_least_2_utterances,8b4ea8eb4be11642bbaaab1b1c236489ed889bffa4a9562e421b376225165c75,20260729,v2
1267,train,6,18.000000,train=3|train_small=3|part=0|test=0,0,2-19,eligible_train,at_least_2_utterances,eeab7f73bbeeb67f04f2a5bccf37f4afbfa43d031df04ef4f0a15e6a981d8dbb,20260729,v2
1268,train,10,30.000000,train=5|train_small=5|part=0|test=0,0,2-19,eligible_train,at_least_2_utterances,dbba168e9917d7824a78f22b17aee7d211632c0089276a2bff829598a899bbe3,20260729,v2
1269,train,8,24.000000,train=4|train_small=4|part=0|test=0,0,2-19,eligible_train,at_least_2_utterances,b71b3be0153d899fe348f365c7abf4ba3f71b23f148e6a65da6cb6e675842e4c,20260729,v2
1270,train,166,498.000000,train=89|train_small=77|part=0|test=0,0,100-199,eligible_train,at_least_2_utterances,7a4188c63025a6021a11d93e487f56954869017c1f54e6ac507ccb0c0d95aead,20260729,v2
1271,train,19,57.000000,train=19|train_small=0|part=0|test=0,0,2-19,eligible_train,at_least_2_utterances,61e1329c17a19a34e09172d8d6c185f469687a87bae8d7893c331f4dd54ce61a,20260729,v2
1272,train,10,30.000000,train=6|train_small=4|part=0|test=0,0,2-19,eligible_train,at_least_2_utterances,6742888441590c39788f90daf739382d81c7a89f205a2d7dec7861c5f69e40c4,20260729,v2
1273,train,5,15.000000,train=0|train_small=0|part=0|test=5,0,2-19,eligible_train,at_least_2_utterances,75b3391fbe75d67abf3474a651294ecbeb1903dd4c86763b70cf9f577d777767,20260729,v2
1274,train,11,33.000000,train=6|train_small=5|part=0|test=0,0,2-19,eligible_train,at_least_2_utterances,16c565113abda1a150b0ceb7223fc0bd7e5dce82f299a1654e0af04864208610,20260729,v2
1275,train,7,21.000000,train=5|train_small=2|part=0|test=0,0,2-19,eligible_train,at_least_2_utterances,04d51e16c75254859aceef0f15bd7848730fb6bef13e7c88a05def15d697c665,20260729,v2
1276,train,2,6.000000,train=1|train_small=1|part=0|test=0,0,2-19,eligible_train,at_least_2_utterances,d40c3835ed52a57af27c634c162858ae9f6f7ff3d0bcb7a937afd2ebffbf4b76,20260729,v2
1277,train,27,81.000000,train=14|train_small=13|part=0|test=0,0,20-49,eligible_train,at_least_2_utterances,8d1e563d6a884dbba66499548f4ab97320ee63e52651101b8dae2c9495eb1a48,20260729,v2
1278,test,20,60.000000,train=11|train_small=9|part=0|test=0,0,20-49,eligible_evaluation,at_least_20_utterances,3ba864e10140f9427c4643eee5efd037181f27d6938183fb75c0907869905b9a,20260729,v2
1279,train,3,9.000000,train=1|train_small=2|part=0|test=0,0,2-19,eligible_train,at_least_2_utterances,bdd5c0836183ea549bb0aa0b94783fc5b4f553c3fb19836c4731af873ab736aa,20260729,v2
1280,train,7,21.000000,train=7|train_small=0|part=0|test=0,0,2-19,eligible_train,at_least_2_utterances,9ffd60751786b8666e46a1279f4cb335856ec362c8c8fa5ca7e76241760ef2ac,20260729,v2
1281,train,38,114.000000,train=18|train_small=20|part=0|test=0,0,20-49,eligible_train,at_least_2_utterances,4ee4f4753766b0d47ecb584bfb01f29ed4bcb18fe0c3d1f0d8ebfa6876e9b76c,20260729,v2
1282,validation,21,63.000000,train=9|train_small=12|part=0|test=0,0,20-49,eligible_evaluation,at_least_20_utterances,050ddf85c2ba83f6d95fd23890df0fb5526efb7537debfd39bb8b736859df2b3,20260729,v2
1283,train,36,108.000000,train=22|train_small=14|part=0|test=0,0,20-49,eligible_train,at_least_2_utterances,9abefbb7cfc0373e6382fea50ae48f03f44a82a336cf96af9e60007be902358f,20260729,v2
1284,train,29,87.000000,train=17|train_small=12|part=0|test=0,0,20-49,eligible_train,at_least_2_utterances,5b151af08e21ed41d554ee1af7f8ca6ab7126d1aa15edb03f85af3f8ec38629d,20260729,v2
1285,train,19,57.000000,train=19|train_small=0|part=0|test=0,0,2-19,eligible_train,at_least_2_utterances,ca65ee9436b7bc767ee7750620a426a2e4020181774ee06a4d961cd930ae7fea,20260729,v2
1287,train,30,90.000000,train=16|train_small=14|part=0|test=0,0,20-49,eligible_train,at_least_2_utterances,b67a8a74d16b90de39e4c8ecb9a1ba82a57c5d4950e68dfb578751e3f359eeeb,20260729,v2
1288,train,28,84.000000,train=16|train_small=12|part=0|test=0,0,20-49,eligible_train,at_least_2_utterances,c4fa3f8e68c88691bc9d6841ef482b295c3af2a711592dbdb11ac0101d3f34d4,20260729,v2
1289,train,31,93.000000,train=16|train_small=15|part=0|test=0,0,20-49,eligible_train,at_least_2_utterances,7b4b075dd151b8723fb6a6fa0ef6cee54a1172f53bd3460cd3d663e8f72b0dff,20260729,v2
1290,train,32,96.000000,train=16|train_small=16|part=0|test=0,0,20-49,eligible_train,at_least_2_utterances,46c9a7de01979c485ef0796db8005fc69c4f844a28cec60cc5f528c123b308b6,20260729,v2
1291,train,18,54.000000,train=11|train_small=7|part=0|test=0,0,2-19,eligible_train,at_least_2_utterances,ed55e38c73b93e59bd3148946e553c414fc94cda18aaf08158c6dcaa5bbbf19d,20260729,v2
1292,train,79,237.000000,train=41|train_small=38|part=0|test=0,0,50-99,eligible_train,at_least_2_utterances,ffe39ed569ed6bdd66d3eba0f100c429d3e9cc87fd3052d22ed47530403c1437,20260729,v2
1293,train,4,12.000000,train=2|train_small=2|part=0|test=0,0,2-19,eligible_train,at_least_2_utterances,4a6eebd640b91fc71d67ca30d9770044bd5aa4387797f4277029eb99d92209c5,20260729,v2
1294,validation,69,207.000000,train=34|train_small=35|part=0|test=0,0,50-99,eligible_evaluation,at_least_20_utterances,15a1718b01d83a6be3aa95c1fd42f1729086e42efbdc3c87f0f5ce5f3e112873,20260729,v2
1295,train,81,243.000000,train=81|train_small=0|part=0|test=0,0,50-99,eligible_train,at_least_2_utterances,e779b14858a19fcb30c15362f7789500fda7551a17ce9a5b1c54661cea921d45,20260729,v2
1296,train,12,36.000000,train=6|train_small=6|part=0|test=0,0,2-19,eligible_train,at_least_2_utterances,aa7074d6696c51e1adfdf450e46d71a448616583ff95f2750e483784ea8b93f5,20260729,v2
1297,train,3,9.000000,train=3|train_small=0|part=0|test=0,0,2-19,eligible_train,at_least_2_utterances,053a6529b983efbbbb5a5d08161aee594f7e0102868337027d23785d53337141,20260729,v2
1298,excluded,1,3.000000,train=1|train_small=0|part=0|test=0,0,1,ineligible,singleton_speaker,3e4760f0739e9f0364b2624ead984978692ffeea000477f1f660a152e9e28c91,20260729,v2
1299,train,1921,5763.000000,train=978|train_small=943|part=0|test=0,0,500+,eligible_train,at_least_2_utterances,8a5f10a477007627811ba5e381f19df9a01481b1f30928ab385aaea049da4fae,20260729,v2
1300,train,2,6.000000,train=1|train_small=1|part=0|test=0,0,2-19,eligible_train,at_least_2_utterances,e5c1e697d650703204e60469186f318f3506b06ac02ea967c17f692e4499e7ee,20260729,v2
1301,train,38,114.000000,train=20|train_small=18|part=0|test=0,0,20-49,eligible_train,at_least_2_utterances,cb0af992978ec0c0659fb3b0911ee77a6e92733b5f677ab8f54dd67fad519c74,20260729,v2
1302,train,3,9.000000,train=2|train_small=1|part=0|test=0,0,2-19,eligible_train,at_least_2_utterances,64ed6aa08dc90e0c5d3e806f1f5affc859fd0110ef04151f2f0a666b68a8fcad,20260729,v2
1303,excluded,1,3.000000,train=0|train_small=1|part=0|test=0,0,1,ineligible,singleton_speaker,71328f7599ade1432e8579cc42d1534c45c913de04e5614900316f37c8c9ba97,20260729,v2
1304,train,24,72.000000,train=24|train_small=0|part=0|test=0,0,20-49,eligible_train,at_least_2_utterances,8a3214bc6d9b1b9e4a2e68be8f59cfdbf0284ff6c888446c239b5f42f3090601,20260729,v2
1305,train,367,1101.000000,train=178|train_small=189|part=0|test=0,0,200-499,eligible_train,at_least_2_utterances,5da27c2bba344b6f2226b11bb681a260a044ec70728889d9d068782af1b182b3,20260729,v2
1306,train,12,36.000000,train=5|train_small=7|part=0|test=0,0,2-19,eligible_train,at_least_2_utterances,113a644d8838e70ef3e3381dc0c2910719eeb8f2a4c37dda344624a8d7c2bd2a,20260729,v2
1307,train,14,42.000000,train=7|train_small=7|part=0|test=0,0,2-19,eligible_train,at_least_2_utterances,7e37f36158b7ce5dfb18282c96f2ebcecfe916e3484fd68f9f5a44e20fe15338,20260729,v2
1308,train,128,384.000000,train=67|train_small=61|part=0|test=0,0,100-199,eligible_train,at_least_2_utterances,62b71b1c39ce8064778042d32dd5ed1f56352e9b6664fc9286c5c9704abb3d6d,20260729,v2
1309,validation,112,336.000000,train=59|train_small=53|part=0|test=0,0,100-199,eligible_evaluation,at_least_20_utterances,08bb5f5bc20a2d237faa6f4cf90716256bd16f651571aee5f203995d816233e6,20260729,v2
1311,train,6,18.000000,train=6|train_small=0|part=0|test=0,0,2-19,eligible_train,at_least_2_utterances,172a86c07c823cc1ce2e1f60f9072a211f41abc483f18dba60715bdca52eed07,20260729,v2
1313,train,3037,9111.000000,train=3037|train_small=0|part=0|test=0,0,500+,eligible_train,at_least_2_utterances,ce3d60f1fa2e1798f0ee82f6ef711365306cbe75dad6bed40f88e604e49ccdd1,20260729,v2
1314,train,2,6.000000,train=2|train_small=0|part=0|test=0,0,2-19,eligible_train,at_least_2_utterances,e46111a0217c90a110574568e9fe3a93a789965dbbef454fd4488caa4464d93b,20260729,v2
1315,train,25,75.000000,train=14|train_small=11|part=0|test=0,0,20-49,eligible_train,at_least_2_utterances,fc9f4a64a0bce32810be8fb2de6c273947391988afadda86d5c5d26d44b0fe03,20260729,v2
1316,train,3,9.000000,train=2|train_small=1|part=0|test=0,0,2-19,eligible_train,at_least_2_utterances,192ade75decc3b417eecbf88f4277bf411dc6ea9c4e891909def2e9290bc2322,20260729,v2
1317,train,296,888.000000,train=144|train_small=152|part=0|test=0,0,200-499,eligible_train,at_least_2_utterances,e77f8c7bf8889f69d2f64bcd3c30e4eee7888e5f1f580e9eb7a30b5a33e9b7b0,20260729,v2
1319,train,4,12.000000,train=1|train_small=3|part=0|test=0,0,2-19,eligible_train,at_least_2_utterances,3ba640d395e903b9341d9aae3e23135072b86d2e8e6520803967dc61118d06c1,20260729,v2
1320,train,11,33.000000,train=5|train_small=6|part=0|test=0,0,2-19,eligible_train,at_least_2_utterances,9b04efbbaaf6337dd6c5410c1596f1821e306ffa18c8e347a0207326d13e6398,20260729,v2
1321,test,63,189.000000,train=63|train_small=0|part=0|test=0,0,50-99,eligible_evaluation,at_least_20_utterances,3516f5d9e7d02187a4b6c94b395ee4cd696fc9aa6fe39541211981ee51227f65,20260729,v2
1322,validation,95,285.000000,train=48|train_small=47|part=0|test=0,0,50-99,eligible_evaluation,at_least_20_utterances,1691d93219428c38e746f6c55e10c0b86c90d653ac9434711b7713a7005a0f91,20260729,v2
1323,train,13,39.000000,train=7|train_small=6|part=0|test=0,0,2-19,eligible_train,at_least_2_utterances,5c8ad9e42c4717ccc1d815077b9fd6af955ca52112253e7d7adf24443d522a47,20260729,v2
1324,train,4,12.000000,train=1|train_small=3|part=0|test=0,0,2-19,eligible_train,at_least_2_utterances,20739b73ef36d3d9675c863fa57f426bfbd14e99d9db370cea72907ba903555d,20260729,v2
1325,train,73,219.000000,train=39|train_small=34|part=0|test=0,0,50-99,eligible_train,at_least_2_utterances,bdfe6804ecc227a12cde53f1cb9b0f3cf7ed097ecc904637a255ed793d6ed1ef,20260729,v2
1326,train,6,18.000000,train=6|train_small=0|part=0|test=0,0,2-19,eligible_train,at_least_2_utterances,219271d87a57766017f1500e8cf1eac77f7c7cdfc32a3e16d77bc0faff31c17d,20260729,v2
1327,train,6,18.000000,train=4|train_small=2|part=0|test=0,0,2-19,eligible_train,at_least_2_utterances,9cb7dd97db5c21f1a974ae855a81809f79ed4d4f31f64493980263a86ace34a7,20260729,v2
1328,train,2,6.000000,train=0|train_small=2|part=0|test=0,0,2-19,eligible_train,at_least_2_utterances,2b474582fcb083f21a1aeb890073f29006041976c0e32ac7d98bf1ff3c17f642,20260729,v2
1329,train,4,12.000000,train=2|train_small=2|part=0|test=0,0,2-19,eligible_train,at_least_2_utterances,29542fbcd1962b12b6521ab4e7ceb32dbce2ff2af91bfd4816a8597f57aba448,20260729,v2
1330,train,7,21.000000,train=5|train_small=2|part=0|test=0,0,2-19,eligible_train,at_least_2_utterances,0cf6fac51498171e639b25b944f2caf83a62a2e0858d4a442f223cfb294a4ed0,20260729,v2
1331,train,25,75.000000,train=12|train_small=13|part=0|test=0,0,20-49,eligible_train,at_least_2_utterances,92fe5b444f18d53179893914204c6ce9876c4d9ff52f15e774f1245681e9f62d,20260729,v2
1332,excluded,1,3.000000,train=1|train_small=0|part=0|test=0,0,1,ineligible,singleton_speaker,46f7d3b30e9b4324ed5ebf16a03b16512641529d2a0088f3b5b57726e4d3a61e,20260729,v2
1333,excluded,1,3.000000,train=1|train_small=0|part=0|test=0,0,1,ineligible,singleton_speaker,a486e129038c6781ab0f952717afd83ccc37f11b0f1838bf31417bee959c9fc5,20260729,v2
1334,train,10,30.000000,train=3|train_small=7|part=0|test=0,0,2-19,eligible_train,at_least_2_utterances,b4a352aa802ae48b56f6a4d194ff342a163934b8da68c986c3a2f4722f49c413,20260729,v2
1335,train,3,9.000000,train=1|train_small=2|part=0|test=0,0,2-19,eligible_train,at_least_2_utterances,13a3abc370195ed480b6ceba6661d0f434baf180de3c61d838830c168c4c67f4,20260729,v2
1336,train,2,6.000000,train=0|train_small=2|part=0|test=0,0,2-19,eligible_train,at_least_2_utterances,ba1da94a2234393dfcb4b6f6f2aab982ce0850d61cb76acfc0ba15c98d5eed6f,20260729,v2
1337,train,7,21.000000,train=7|train_small=0|part=0|test=0,0,2-19,eligible_train,at_least_2_utterances,5ebefe09ae97345c37944a12d7fcb55da943b18e4154454c9be558c445465cb1,20260729,v2
1338,train,5,15.000000,train=1|train_small=4|part=0|test=0,0,2-19,eligible_train,at_least_2_utterances,98bda39dfa84c972f24fc55e2675ba18b9923f303898694ab29346baeab27500,20260729,v2
1339,train,54,162.000000,train=27|train_small=27|part=0|test=0,0,50-99,eligible_train,at_least_2_utterances,e2806839ea3f4fd83d7887db64f96031486c5c36254df4ddee59302d6cae4d7c,20260729,v2
1340,test,37,111.000000,train=37|train_small=0|part=0|test=0,0,20-49,eligible_evaluation,at_least_20_utterances,2fc55f475605e9055024945f6267e3dcf7ab720b05c247db3422b3da9e4d73ba,20260729,v2
1341,train,51,153.000000,train=27|train_small=24|part=0|test=0,0,50-99,eligible_train,at_least_2_utterances,41d084e0fe294ad1c8d6c1dee4c14a67b2fd996759fedb558cc86b1cb2b1071c,20260729,v2
1342,test,36,108.000000,train=19|train_small=17|part=0|test=0,0,20-49,eligible_evaluation,at_least_20_utterances,24044a4d6f605693549ccd0f1d02ae4c3defa67c7b056d4c0202a7c2bfa35cb8,20260729,v2
1343,train,10,30.000000,train=5|train_small=5|part=0|test=0,0,2-19,eligible_train,at_least_2_utterances,a2a5c472f90f025985b94d2a28b0e9db5d3f439b105d57c986af34b9c7903058,20260729,v2
1344,train,4,12.000000,train=1|train_small=3|part=0|test=0,0,2-19,eligible_train,at_least_2_utterances,238dd8b412a986a2c7be01cad055ab7a95babfdb10de0ea17d8aa7b5f7899c13,20260729,v2
1345,train,6,18.000000,train=2|train_small=4|part=0|test=0,0,2-19,eligible_train,at_least_2_utterances,d1b2bdb31e67f19b5473de94b99a636155b179fc05f7298d2ab20183ccf1440e,20260729,v2
1346,train,10,30.000000,train=6|train_small=4|part=0|test=0,0,2-19,eligible_train,at_least_2_utterances,abfd33313f67a2937b9781a30b4d871cf024e390b60f046a4538162badfaa084,20260729,v2
1347,train,2,6.000000,train=1|train_small=1|part=0|test=0,0,2-19,eligible_train,at_least_2_utterances,f20b6650027b8813e0b2b4d4d1ac40b3984b42945082825399d21e119aea080f,20260729,v2
1348,train,9,27.000000,train=5|train_small=4|part=0|test=0,0,2-19,eligible_train,at_least_2_utterances,2097ad02591ab05ab161c1b5879f0cfe71959fc831821eca78ecce321b24f489,20260729,v2
1349,train,5,15.000000,train=5|train_small=0|part=0|test=0,0,2-19,eligible_train,at_least_2_utterances,2d70af96b72c632d9ca8ac3893201a16659363408ef9ec6ac8d687c6d190d1d3,20260729,v2
1350,train,7,21.000000,train=7|train_small=0|part=0|test=0,0,2-19,eligible_train,at_least_2_utterances,3fb383cdbfc3f3dcab0caf10f4d7cbe42c1670e214122f077912a9ff132dab47,20260729,v2
1351,excluded,1,3.000000,train=0|train_small=1|part=0|test=0,0,1,ineligible,singleton_speaker,bcc36650d530f47edec82c728e85edbf112eafae977c12e0f708ee650dfcb546,20260729,v2
1352,train,4,12.000000,train=1|train_small=3|part=0|test=0,0,2-19,eligible_train,at_least_2_utterances,674d2192fb1cbc888cd6b99a3b4e08de10c564d09e72e8f770cf406aff1511b4,20260729,v2
1353,train,8,24.000000,train=4|train_small=4|part=0|test=0,0,2-19,eligible_train,at_least_2_utterances,fbe19868401ca1cebeef3db579001d6055cb2a43f5e342cf82a2591b1c1bdd3d,20260729,v2
1354,train,2,6.000000,train=2|train_small=0|part=0|test=0,0,2-19,eligible_train,at_least_2_utterances,7213fbb1d48eb9b6534d49387faf03cb12de4022ddaff18b96b450d51d84385e,20260729,v2
1355,excluded,1,3.000000,train=1|train_small=0|part=0|test=0,0,1,ineligible,singleton_speaker,705677c10907203ea2e2edc5901cf03455d0329551e478e737fbe539dedd3518,20260729,v2
1356,excluded,1,3.000000,train=1|train_small=0|part=0|test=0,0,1,ineligible,singleton_speaker,cbf1271bec126c03fa26c0409d0870fa00ed235b195844a2ec41e18592d95173,20260729,v2
1357,excluded,1,3.000000,train=1|train_small=0|part=0|test=0,0,1,ineligible,singleton_speaker,d9ca56d0e75305cd8555b60a19d79fd694c6bc8d637c19eebe28aceee2d7c30d,20260729,v2
1358,excluded,1,3.000000,train=1|train_small=0|part=0|test=0,0,1,ineligible,singleton_speaker,e99a13affffb0e91cf2932bdb574a8a818afe679ca5b872cb6195409fe675b04,20260729,v2
1359,excluded,1,3.000000,train=1|train_small=0|part=0|test=0,0,1,ineligible,singleton_speaker,da58a01e7cf269cdf9f99e6a2a7afb42d525e101ace28c0bbb6444a18675b5c2,20260729,v2
1360,validation,205,615.000000,train=105|train_small=100|part=0|test=0,0,200-499,eligible_evaluation,at_least_20_utterances,1bf259b4067dd7c8485c90b5cfc27e68e5366a3ffdca9e631e1edac9f9dd9fd3,20260729,v2
1361,train,3,9.000000,train=2|train_small=1|part=0|test=0,0,2-19,eligible_train,at_least_2_utterances,50b0b677b812383b129a2cc0e689e1b9db644d9c7290e0a8b547756807569b8b,20260729,v2
1362,train,91,273.000000,train=43|train_small=48|part=0|test=0,0,50-99,eligible_train,at_least_2_utterances,fcd6af57185deb6d22df8bf5589c8309aa61218cec439904dc1c85793f7069e3,20260729,v2
1363,train,130,390.000000,train=63|train_small=67|part=0|test=0,0,100-199,eligible_train,at_least_2_utterances,5f7c6042e79c5c98f37ec91ade9397580603816ddd60f5b0526a912c2c6c1807,20260729,v2
1364,train,32,96.000000,train=15|train_small=17|part=0|test=0,0,20-49,eligible_train,at_least_2_utterances,e9043f81a23006eda8223ff00e656d27a4587f6c5f20ef0b3746a48eceefba1f,20260729,v2
1365,train,74,222.000000,train=42|train_small=32|part=0|test=0,0,50-99,eligible_train,at_least_2_utterances,4c6844b48caff5dedd140e81b62b843ce64c39fc48183e1369f3114617ba3580,20260729,v2
1366,train,116,348.000000,train=57|train_small=59|part=0|test=0,0,100-199,eligible_train,at_least_2_utterances,89f27aaad18f0782c4353096fcc91149bacb7709104796fd73beede93754ecb3,20260729,v2
1367,train,122,366.000000,train=63|train_small=59|part=0|test=0,0,100-199,eligible_train,at_least_2_utterances,fed7a7a2a7f46f8034af11b52426cdd14a91aea82bd119d93f9efde9fbd2ab1b,20260729,v2
1368,train,64,192.000000,train=36|train_small=28|part=0|test=0,0,50-99,eligible_train,at_least_2_utterances,50797c7049e5516b733a5f822090ace1f36a335657a5c0744152ccdbc49a4a1b,20260729,v2
1369,train,16,48.000000,train=9|train_small=7|part=0|test=0,0,2-19,eligible_train,at_least_2_utterances,c53d5c20dee139f9a3f6b4a14902a31d9b6a3d549213e6847e87d77da6149877,20260729,v2
1370,train,934,2802.000000,train=481|train_small=453|part=0|test=0,0,500+,eligible_train,at_least_2_utterances,4e20adcc2d6f5e92ec07355d5c6f4b9d5083a5e1124300186deda9a86012cad9,20260729,v2
1372,test,403,1209.000000,train=200|train_small=203|part=0|test=0,0,200-499,eligible_evaluation,at_least_20_utterances,37d81b922e962e0d7760321b922519145bf2b71fb6d8b0d8c3f393b2ca93baf9,20260729,v2
1373,train,30,90.000000,train=30|train_small=0|part=0|test=0,0,20-49,eligible_train,at_least_2_utterances,a7abf0b197d0fcb5f0cb3e97cf20a0f51cefc010255bb4e38d8bc8fe0836f606,20260729,v2
1374,train,4,12.000000,train=3|train_small=1|part=0|test=0,0,2-19,eligible_train,at_least_2_utterances,18445f78f996229b6af7f9b762d8e1aa07da10846579b5b449357174f0866249,20260729,v2
1375,train,10,30.000000,train=10|train_small=0|part=0|test=0,0,2-19,eligible_train,at_least_2_utterances,bb2a58515d583476e492b412d14609d014698ed4eb9e5ea6c5e19f5d17c50fcc,20260729,v2
1376,train,139,417.000000,train=0|train_small=0|part=0|test=139,0,100-199,eligible_train,at_least_2_utterances,abef601b0364ff545b310883a7308f292d993d73933a0d269aa91f64fe686a02,20260729,v2
1377,excluded,1,3.000000,train=0|train_small=1|part=0|test=0,0,1,ineligible,singleton_speaker,1f9ad76871bf70fd568a52aee433c38bd44923aec1763450748d33f0cab8e6e0,20260729,v2
1378,excluded,1,3.000000,train=1|train_small=0|part=0|test=0,0,1,ineligible,singleton_speaker,7e734c8865d922054a8fee28f92791b35741ef27b9e9abf5e85dc6ac21afc724,20260729,v2
1380,train,3,9.000000,train=3|train_small=0|part=0|test=0,0,2-19,eligible_train,at_least_2_utterances,a81327a96a35c9e3821a380b2b87c6fb2479af985df8fba531df0f25aa881eb8,20260729,v2
1381,train,11,33.000000,train=7|train_small=4|part=0|test=0,0,2-19,eligible_train,at_least_2_utterances,1d11375486aef31ea77edc9859a210040997bee60f8531025f3e4035f15f0f40,20260729,v2
1382,train,14,42.000000,train=5|train_small=9|part=0|test=0,0,2-19,eligible_train,at_least_2_utterances,32facfb09677a7b0d6d2af490a9d96d172ac9c879617920209c83cd1a9ce1f4c,20260729,v2
1383,train,2,6.000000,train=2|train_small=0|part=0|test=0,0,2-19,eligible_train,at_least_2_utterances,c62a1e299e0d2875da82e61292c05010bd4070fcd1971d858fdb0d0271b49dfe,20260729,v2
1384,train,8,24.000000,train=8|train_small=0|part=0|test=0,0,2-19,eligible_train,at_least_2_utterances,75f9e4dd86ac4ba4da7ce82a65b94baac137d403a0a8d2d90788218aaf09308e,20260729,v2
1385,train,4,12.000000,train=4|train_small=0|part=0|test=0,0,2-19,eligible_train,at_least_2_utterances,8484581761e55cdb5b24d46967013a8c28a550ad3fc047349fb08e4b41f88876,20260729,v2
1386,train,11,33.000000,train=5|train_small=6|part=0|test=0,0,2-19,eligible_train,at_least_2_utterances,ccf83da1ff4aa26520640483aede1669c39965fdfc76ef35ded8574b20d5b4f4,20260729,v2
1387,test,816,2448.000000,train=406|train_small=410|part=0|test=0,4,500+,eligible_evaluation,at_least_20_utterances,3469aa5f0e681a477f636ee4b025d4d78891ef7dd757de4a9fc3f639730ce1a7,20260729,v2
1388,train,6,18.000000,train=4|train_small=2|part=0|test=0,0,2-19,eligible_train,at_least_2_utterances,d39dd6aeaf86632765712ebb904416f2eb6abb77e4f8b404f52e71e61feed6b3,20260729,v2
1389,excluded,1,3.000000,train=1|train_small=0|part=0|test=0,0,1,ineligible,singleton_speaker,02b27af05ae3fd7e00ea2306194aed34a1a87f14a50bf889c5fe01fc91b1bf83,20260729,v2
1390,train,2,6.000000,train=1|train_small=1|part=0|test=0,0,2-19,eligible_train,at_least_2_utterances,3efcd4ae435cf033c60267b327b896f5d78cd6e8d97366f110b9256998c4bbf5,20260729,v2
1391,excluded,1,3.000000,train=0|train_small=1|part=0|test=0,0,1,ineligible,singleton_speaker,d9308336e51c0c108347a233aea2b8e947f793ad4f5a1a06a3bf2f4de1e02f6f,20260729,v2
1392,train,40,120.000000,train=19|train_small=21|part=0|test=0,0,20-49,eligible_train,at_least_2_utterances,8f780bbe1829b9e1204f2741c5fe871701e6b0dbe417842ebf2b0568ce436fbb,20260729,v2
1393,train,17,51.000000,train=8|train_small=9|part=0|test=0,0,2-19,eligible_train,at_least_2_utterances,b226b69dd275e2de06b87004be1817c11df8c78cdad8cb5628a60b8419c8f7ae,20260729,v2
1394,train,114,342.000000,train=59|train_small=55|part=0|test=0,0,100-199,eligible_train,at_least_2_utterances,656bbf68ce2ca852ee2cc2bb88c0bf26b738486b3a43b800d98eed5ae749ef31,20260729,v2
1395,train,106,318.000000,train=59|train_small=47|part=0|test=0,0,100-199,eligible_train,at_least_2_utterances,d6617b5c20f9616af8b52c1f25718537fa0984e1db3742f6981b02e8e8a4794b,20260729,v2
1396,train,63,189.000000,train=33|train_small=30|part=0|test=0,2,50-99,eligible_train,at_least_2_utterances,7af8bd617899348aa2a87406614cc05b7b002613ee7972076ec7d8992c4dd159,20260729,v2
1397,train,11,33.000000,train=4|train_small=7|part=0|test=0,0,2-19,eligible_train,at_least_2_utterances,47276bbe2d02adfe59f792e6961f81145f9bc34821a36319673facff5b9b1b44,20260729,v2
1398,train,6,18.000000,train=2|train_small=4|part=0|test=0,0,2-19,eligible_train,at_least_2_utterances,0d7c5d63cbf59bdd3c8f0ef68d701f58964f33295004739fda8a5240fcf8a28a,20260729,v2
1399,train,228,684.000000,train=228|train_small=0|part=0|test=0,0,200-499,eligible_train,at_least_2_utterances,3e7cf120a525a72b5b1a17e898caf40185f8b1f2908d1da712656ff83dae08fd,20260729,v2
1400,train,158,474.000000,train=158|train_small=0|part=0|test=0,0,100-199,eligible_train,at_least_2_utterances,807ad74105205c67363be04531e37708068d00cd5bfe8d43ec26f95416b18e9d,20260729,v2
1401,excluded,1,3.000000,train=1|train_small=0|part=0|test=0,0,1,ineligible,singleton_speaker,9f09eed5913ee92f80e4eeeb2f38fd9be8b67c39b84a48177daa1ba06bc2b855,20260729,v2
1402,train,2,6.000000,train=2|train_small=0|part=0|test=0,0,2-19,eligible_train,at_least_2_utterances,b287cb12e295570e5bb992d2db6cea55be8c4251980e1a8e8c9dbbe51c050ed0,20260729,v2
1403,train,3,9.000000,train=2|train_small=1|part=0|test=0,0,2-19,eligible_train,at_least_2_utterances,beda774403fa6689147fc562e005b34bf1c9c611c829eb3da3b3cc759c863ba4,20260729,v2
1404,validation,47,141.000000,train=47|train_small=0|part=0|test=0,0,20-49,eligible_evaluation,at_least_20_utterances,0b479f38c0117056975a0b9c623680bfaf2c4c0a62715e53511ab28f2c339da8,20260729,v2
1405,train,84,252.000000,train=47|train_small=37|part=0|test=0,0,50-99,eligible_train,at_least_2_utterances,bb304535aa40a24a1be454e4db1f3bfb1bce83811273bd91f7a2fbbacd675044,20260729,v2
1406,train,67,201.000000,train=33|train_small=34|part=0|test=0,0,50-99,eligible_train,at_least_2_utterances,841026b315266cbb7b3e8097d2639f062508bed5c3c467d01d66d0a0c5af13b9,20260729,v2
1407,train,6,18.000000,train=3|train_small=3|part=0|test=0,0,2-19,eligible_train,at_least_2_utterances,1497f4e15c5f4dfed3569009fe365463fca536b62811cb118605dea6ec631aab,20260729,v2
1408,train,88,264.000000,train=44|train_small=44|part=0|test=0,0,50-99,eligible_train,at_least_2_utterances,40ac59e200e4734040a8ce03fdf500e887534be6bafc73c38792672d3314d53c,20260729,v2
1409,train,17,51.000000,train=17|train_small=0|part=0|test=0,0,2-19,eligible_train,at_least_2_utterances,234f2f6de3d6bcc2138c67db259041347fa707f0be24858498818be33e9b2d17,20260729,v2
1410,train,2,6.000000,train=2|train_small=0|part=0|test=0,0,2-19,eligible_train,at_least_2_utterances,1ff64b2115b0e0185aa66450114b07b40b465347f7a94bc7633386040b546fb3,20260729,v2
1411,train,147,441.000000,train=79|train_small=68|part=0|test=0,0,100-199,eligible_train,at_least_2_utterances,ca196a96ec7c56533ad2c9c35d748d1de3656bb8cb7bd61bee8eebddfd9ddfca,20260729,v2
1412,train,112,336.000000,train=66|train_small=46|part=0|test=0,0,100-199,eligible_train,at_least_2_utterances,b9e218e7c8bc3918268697896a7c738779761a97791880b2f104f6b768d96f51,20260729,v2
1413,train,3,9.000000,train=0|train_small=3|part=0|test=0,0,2-19,eligible_train,at_least_2_utterances,539b563087274647e80e5133b2ae2c734818c75886baf261f97b87aa0d6f1d20,20260729,v2
1414,train,69,207.000000,train=33|train_small=36|part=0|test=0,0,50-99,eligible_train,at_least_2_utterances,ba74f30734e4d553b59cbf195800f62cd6a1159e99c810c173c9abeecc1d9d4c,20260729,v2
1416,train,6,18.000000,train=3|train_small=3|part=0|test=0,0,2-19,eligible_train,at_least_2_utterances,f5910323e720039b5d88621883082d874176791efd34e004f59b9cc3e4ed047e,20260729,v2
1417,train,2,6.000000,train=1|train_small=1|part=0|test=0,0,2-19,eligible_train,at_least_2_utterances,1b5eb3127a2f431e4d23d7d2e76c449421a7575ecd7239a02e0b2adac5ea7698,20260729,v2
1418,excluded,1,3.000000,train=0|train_small=1|part=0|test=0,0,1,ineligible,singleton_speaker,69ed06b35c6dbe0008880f0ae04711b5bd250dbdd09336aed7e73bf03a95097e,20260729,v2
1419,excluded,1,3.000000,train=1|train_small=0|part=0|test=0,0,1,ineligible,singleton_speaker,d8870ed1c7f55bf46f8d9249cb965ee22454a227654459f43dc1173918d66fba,20260729,v2
1420,excluded,1,3.000000,train=1|train_small=0|part=0|test=0,0,1,ineligible,singleton_speaker,1d5304431706cbbc5575b9ba091f70a3677960d5a45146436b40f0410cab6b9c,20260729,v2
1421,test,28,84.000000,train=16|train_small=12|part=0|test=0,0,20-49,eligible_evaluation,at_least_20_utterances,1fa223fbe866c500b1ebed9d72a0277026253fd74b4da10b698dc72d98956582,20260729,v2
1422,train,2,6.000000,train=2|train_small=0|part=0|test=0,0,2-19,eligible_train,at_least_2_utterances,3150461bf857c833da9820ec494fc7b96ae82d0f8d280303abae6ac679a48a1f,20260729,v2
1423,train,18,54.000000,train=18|train_small=0|part=0|test=0,0,2-19,eligible_train,at_least_2_utterances,eac71990d3f0bc01126c15473809964995905e9df33e5561cfcfafa6e59de00a,20260729,v2
1424,train,27,81.000000,train=14|train_small=13|part=0|test=0,0,20-49,eligible_train,at_least_2_utterances,ab09e41014f9d7798afe69d3e255973cba44e027248ed6fa8e5e0ea8edc3d51c,20260729,v2
1425,excluded,1,3.000000,train=1|train_small=0|part=0|test=0,0,1,ineligible,singleton_speaker,cdcbb8890ea11589cb8b3f7df1c2fa0af4de7e93e68a72315628833f9f22522d,20260729,v2
1426,train,34,102.000000,train=18|train_small=16|part=0|test=0,0,20-49,eligible_train,at_least_2_utterances,4e07c865fec9f2e42d50058ba5ce37669ef6752b933866ca986f3dd43f3c5e3c,20260729,v2
1427,train,3,9.000000,train=1|train_small=2|part=0|test=0,0,2-19,eligible_train,at_least_2_utterances,8c65451ae43a6491fa6997182afa9f91cb7c7213f43f4bebc0d69ef62e26ce10,20260729,v2
1428,train,4,12.000000,train=2|train_small=2|part=0|test=0,0,2-19,eligible_train,at_least_2_utterances,012457528a97e6b69d6fb6780884fdbfc1510bda87e5bbc07ddb60604280bbe4,20260729,v2
1430,train,9,27.000000,train=9|train_small=0|part=0|test=0,0,2-19,eligible_train,at_least_2_utterances,6feb2bb69d9cbf67ae60f8857afcfe409238dfeb62d78692abe44cfbdd305f50,20260729,v2
1431,train,2,6.000000,train=0|train_small=2|part=0|test=0,0,2-19,eligible_train,at_least_2_utterances,2a4c1721cda4b1e07448329d0c1738cce449305fc1d3de088c2226b794f0dde5,20260729,v2
1433,train,12,36.000000,train=4|train_small=8|part=0|test=0,0,2-19,eligible_train,at_least_2_utterances,d522ea07ea37cea7e38a51ebfd3d951163881cded0d06a9fcd042ca0fa9c4e61,20260729,v2
1434,train,3,9.000000,train=3|train_small=0|part=0|test=0,0,2-19,eligible_train,at_least_2_utterances,b48ecdac1ceecf85fb92602ffa53691d18012282d3ab4be021f6b15d2d970cc0,20260729,v2
1435,train,25,75.000000,train=25|train_small=0|part=0|test=0,0,20-49,eligible_train,at_least_2_utterances,a506b8d2b873b87633266fba73ebfc9cf4c7308ebeb969877c1e49c47ffb9f6d,20260729,v2
1436,test,85,255.000000,train=44|train_small=41|part=0|test=0,0,50-99,eligible_evaluation,at_least_20_utterances,34ee9c87939711f15228bbb49733a522a10781a039b45f0f1b4ef33328656d0f,20260729,v2
1437,train,30,90.000000,train=15|train_small=15|part=0|test=0,0,20-49,eligible_train,at_least_2_utterances,8cbf565a36a26bc010e1e759807874c3aac65414a6b924104df7224f5356737f,20260729,v2
1438,train,449,1347.000000,train=449|train_small=0|part=0|test=0,0,200-499,eligible_train,at_least_2_utterances,c35ea5bd6c2cdf13e6cb7b1630585bab3f62755e67300f5a08eee8c551653889,20260729,v2
1439,test,223,669.000000,train=0|train_small=0|part=0|test=223,0,200-499,eligible_evaluation,at_least_20_utterances,34529f1fd6c6aef22f63d8284e79eab664df2559371bd20f6c87517ad3e6389b,20260729,v2
1440,train,9,27.000000,train=4|train_small=5|part=0|test=0,0,2-19,eligible_train,at_least_2_utterances,cac7c6212c0dcb2e3ab67e9bf5093d8e2afe55227e007875976492cc0b6a0ea1,20260729,v2
1441,train,244,732.000000,train=244|train_small=0|part=0|test=0,0,200-499,eligible_train,at_least_2_utterances,daeb80bfb1aa313f2d065ba4c2ab36298e0c2d6d0ddbf4f8df0c878345e5083a,20260729,v2
1442,train,3,9.000000,train=1|train_small=2|part=0|test=0,0,2-19,eligible_train,at_least_2_utterances,111ead2947b636850699ae1047d47dff3e394c1837ff4d7d819ddac9994682d5,20260729,v2
1443,train,2,6.000000,train=1|train_small=1|part=0|test=0,0,2-19,eligible_train,at_least_2_utterances,4f965b3022990172cf39e35c569d95233c71200e9892813f12c30202e5204818,20260729,v2
1445,validation,30,90.000000,train=14|train_small=16|part=0|test=0,0,20-49,eligible_evaluation,at_least_20_utterances,01736ceb83a8149e558ed8a5ef414ff521f386381047fc23bab4ce1618ae6eb9,20260729,v2
1446,train,122,366.000000,train=62|train_small=60|part=0|test=0,2,100-199,eligible_train,at_least_2_utterances,8744f0762a1ae5c121ca73ee27199c4af20e48159e1bff3fae75b177142a0623,20260729,v2
1447,train,105,315.000000,train=0|train_small=0|part=0|test=105,0,100-199,eligible_train,at_least_2_utterances,8baf7a743d27b8f92d7eb42305f81db25c995ca5e5923e92f249d4382c78297e,20260729,v2
1448,train,18,54.000000,train=18|train_small=0|part=0|test=0,0,2-19,eligible_train,at_least_2_utterances,1659a87cf41871a7f67f37b7b1aaccd6231003f5e504b5e9e2533c52aceae31f,20260729,v2
1449,validation,60,180.000000,train=60|train_small=0|part=0|test=0,0,50-99,eligible_evaluation,at_least_20_utterances,08410003924eb73114d012de09b0af581d2a0f8ebbd48f8bdc1ec790c5123781,20260729,v2
1450,train,329,987.000000,train=162|train_small=167|part=0|test=0,0,200-499,eligible_train,at_least_2_utterances,ab670b717089767d6be60e07404e0a1c253cf839613f95f375a8ca9717cee6bf,20260729,v2
1451,train,6,18.000000,train=4|train_small=2|part=0|test=0,0,2-19,eligible_train,at_least_2_utterances,c4a9ff3cb981147b5b0fd38091d1f60fd07b651af1e71efeb90758f34d7304cf,20260729,v2
1452,test,87,261.000000,train=87|train_small=0|part=0|test=0,0,50-99,eligible_evaluation,at_least_20_utterances,2bcaca3134574edf8e981d3cf7d3b8457400438dba47b6fea0507745b0148e01,20260729,v2
1453,train,5,15.000000,train=2|train_small=3|part=0|test=0,0,2-19,eligible_train,at_least_2_utterances,5a6e616c4e807c948913e335d5b5536e0ba8dec575e05172aad7812f651173d6,20260729,v2
1454,train,18,54.000000,train=9|train_small=9|part=0|test=0,0,2-19,eligible_train,at_least_2_utterances,93b061102874b4f9e707f096f5b9a505bd4c6f5f1a8f0d990e9a07b30120e2c1,20260729,v2
1455,train,20,60.000000,train=11|train_small=9|part=0|test=0,0,20-49,eligible_train,at_least_2_utterances,a24862eaa04f055e9f0a288249e8623054793d4b7144cf7c4e3db8b8535e6099,20260729,v2
1456,test,28,84.000000,train=28|train_small=0|part=0|test=0,0,20-49,eligible_evaluation,at_least_20_utterances,366da6cee992d5e1c688bbf8ee12068d8cc2c5769fb213a22b0323f2ee5b0f06,20260729,v2
1457,train,14,42.000000,train=6|train_small=8|part=0|test=0,0,2-19,eligible_train,at_least_2_utterances,fc2d8a2ecc9bb37d344f6dde307e3eab6851437e86e0b80bfe47a05beb5554fc,20260729,v2
1458,train,5,15.000000,train=5|train_small=0|part=0|test=0,0,2-19,eligible_train,at_least_2_utterances,55a9c4e172e68b3646fca12ef7f1eedf27715d4f44e6508e75a60edcc0e97377,20260729,v2
1459,validation,91,273.000000,train=47|train_small=44|part=0|test=0,0,50-99,eligible_evaluation,at_least_20_utterances,0ac2424637b97d3f142c278d1e98f3d7eba8ae974913d35b884e2e551e029e21,20260729,v2
1460,train,7,21.000000,train=3|train_small=4|part=0|test=0,0,2-19,eligible_train,at_least_2_utterances,b66b5bc7088df00233bad86022788e60e93d7592d60a5f3acf3db338482c516d,20260729,v2
1461,train,4,12.000000,train=4|train_small=0|part=0|test=0,0,2-19,eligible_train,at_least_2_utterances,ef2e4bb0d44f3feac38090ea12c5cca1e454c4961e0de9629b7886995fb665fc,20260729,v2
1463,train,27,81.000000,train=17|train_small=10|part=0|test=0,0,20-49,eligible_train,at_least_2_utterances,9a018f3ca0d8e600ce54cb4d855c3aedd3d7c93d036f7db085f6f81ed6854ab4,20260729,v2
1464,train,4,12.000000,train=2|train_small=2|part=0|test=0,0,2-19,eligible_train,at_least_2_utterances,c2399eaab41d3ddc010cd4050bb0784b9f590920d81c57cc5121de87cb72f04b,20260729,v2
1465,train,57,171.000000,train=31|train_small=26|part=0|test=0,0,50-99,eligible_train,at_least_2_utterances,c5ee4ed28c50c778591d5024d60f9269648ac31df7c6d8e0f4bcb2ec36f3ca1e,20260729,v2
1466,train,107,321.000000,train=0|train_small=0|part=0|test=107,0,100-199,eligible_train,at_least_2_utterances,a3e824276324db891ef9241092f3970d7b534458b21d72e86340038e05625414,20260729,v2
1467,train,6,18.000000,train=3|train_small=3|part=0|test=0,0,2-19,eligible_train,at_least_2_utterances,ececd4d97d5fd162bddc02665589b4db5f8144615a92fc2ce02eb6c798dd634a,20260729,v2
1468,train,2,6.000000,train=2|train_small=0|part=0|test=0,0,2-19,eligible_train,at_least_2_utterances,3fa5d22fe70ab7534c08eba8307db34a5a0acdf017cf826fa398798587b174d9,20260729,v2
1469,train,217,651.000000,train=100|train_small=117|part=0|test=0,0,200-499,eligible_train,at_least_2_utterances,c0bab6dff4ba5fbbf60dde3ec984f13add35be9fbf380d0a9143160c6d2ff7fe,20260729,v2
1470,test,29,87.000000,train=15|train_small=14|part=0|test=0,0,20-49,eligible_evaluation,at_least_20_utterances,35a965e6e579203394a55f2b8dfbfc4153a878c539e08d9e94b44a55f353dc07,20260729,v2
1471,train,29,87.000000,train=15|train_small=14|part=0|test=0,0,20-49,eligible_train,at_least_2_utterances,8b3471d5485437bf07977d3845d31ff70101446725fb7738b7d8d9b2799f2fc8,20260729,v2
1472,train,5,15.000000,train=5|train_small=0|part=0|test=0,0,2-19,eligible_train,at_least_2_utterances,fbb5e14efac1d1e578aceef2679c42931005a756da49226e8f48f1893581e178,20260729,v2
1473,train,22,66.000000,train=9|train_small=13|part=0|test=0,0,20-49,eligible_train,at_least_2_utterances,de893ae5fcbf0693859f70ae8ac33981e285660bca498265da183119431e933d,20260729,v2
1475,excluded,1,3.000000,train=0|train_small=1|part=0|test=0,0,1,ineligible,singleton_speaker,dc17c6fe124d9beebace2116e6fde620ee5f3d01fe115cf11595557e88d164fb,20260729,v2
1476,excluded,1,3.000000,train=1|train_small=0|part=0|test=0,0,1,ineligible,singleton_speaker,fce252c67b750bd357b801d168ae0846fec72c27a8d2d936f1e3943192099292,20260729,v2
1477,train,2,6.000000,train=2|train_small=0|part=0|test=0,0,2-19,eligible_train,at_least_2_utterances,41e0e3741b0b49ba9c2abe43f52fa2c09d955fab650484a798b70e92965f9c1f,20260729,v2
1478,train,40,120.000000,train=17|train_small=23|part=0|test=0,0,20-49,eligible_train,at_least_2_utterances,aaaabcad0f45565568f77e49095e5ca93024b2197c6cdb52a83fc9802d26e778,20260729,v2
1479,test,55,165.000000,train=32|train_small=23|part=0|test=0,0,50-99,eligible_evaluation,at_least_20_utterances,3e4c1993b2301ba6551a1302a4ae6435a2d4b404fcfe6c354679dc2c33e040cd,20260729,v2
1481,train,22,66.000000,train=14|train_small=8|part=0|test=0,0,20-49,eligible_train,at_least_2_utterances,9b3180a9c2b06acbbecf20496b2d506fb2c2180e5c7617e510661e017a5a3ec3,20260729,v2
1482,train,12,36.000000,train=0|train_small=0|part=0|test=12,0,2-19,eligible_train,at_least_2_utterances,f9d9226f504797ec9c5c3bf13299c280e9e199c722939153fa9630bdee8adfda,20260729,v2
1483,train,17,51.000000,train=8|train_small=9|part=0|test=0,0,2-19,eligible_train,at_least_2_utterances,febc8800518cba48097a4b9fddb4756f5224cc45cc3a8239bf9822025a2d45fe,20260729,v2
1484,train,4,12.000000,train=3|train_small=1|part=0|test=0,0,2-19,eligible_train,at_least_2_utterances,746ada683efec57d1eddaf5320593ba9ba179a8b397fd75b84117a77a4a80452,20260729,v2
1485,train,9,27.000000,train=6|train_small=3|part=0|test=0,0,2-19,eligible_train,at_least_2_utterances,b80f742a82334678a081c08ab115cab68e1dabff0340b1e56d756f9c485a218b,20260729,v2
1486,train,2,6.000000,train=0|train_small=2|part=0|test=0,0,2-19,eligible_train,at_least_2_utterances,cc4b3c89c2d35a94816730055b06ec2c06be555fc25b7de07768f1a685f48f8f,20260729,v2
1487,train,32,96.000000,train=19|train_small=13|part=0|test=0,0,20-49,eligible_train,at_least_2_utterances,cee46a5309afcfecf0adf6c7785bdf35f3c1168cba3f3039cf99e0a884e625f0,20260729,v2
1488,excluded,1,3.000000,train=1|train_small=0|part=0|test=0,0,1,ineligible,singleton_speaker,ab288c3634eecd7c4e179fb1b331619f18e6a691f855bc30f4f54849022ea1df,20260729,v2
1489,train,5,15.000000,train=0|train_small=0|part=0|test=5,0,2-19,eligible_train,at_least_2_utterances,48034e49613346455eaf04632c6dc849b5c2bad686a6c524b3c2669900f90df7,20260729,v2
1490,train,7,21.000000,train=3|train_small=4|part=0|test=0,0,2-19,eligible_train,at_least_2_utterances,63af47252619e6b56e863e5cea30cbca150106994da929f957458bddd10c482e,20260729,v2
1491,excluded,1,3.000000,train=0|train_small=1|part=0|test=0,0,1,ineligible,singleton_speaker,3206940664447cb8400d602b4f07392d64ae76c4062db4bb04c63a9c503b7f7b,20260729,v2
1492,validation,37,111.000000,train=37|train_small=0|part=0|test=0,0,20-49,eligible_evaluation,at_least_20_utterances,08633dde90550d99df2595a3b7571b7740760dc08534b60f449e5c2239da0688,20260729,v2
1493,excluded,1,3.000000,train=1|train_small=0|part=0|test=0,0,1,ineligible,singleton_speaker,c97d79937a6923f745c7ff93428566f1066f9fe31851d8fb05eafa212f655bd5,20260729,v2
1494,train,25,75.000000,train=12|train_small=13|part=0|test=0,0,20-49,eligible_train,at_least_2_utterances,a9ed6a419404442fb240b5f1355fb5f2773fc8b180846b42c3252ff12a8aab58,20260729,v2
1495,train,4,12.000000,train=0|train_small=0|part=0|test=4,0,2-19,eligible_train,at_least_2_utterances,03066d63096139da3ee1416eeefe9305e356eb2f8ec77f2435abc2d133b16187,20260729,v2
1497,train,12,36.000000,train=7|train_small=5|part=0|test=0,0,2-19,eligible_train,at_least_2_utterances,c635bee042b30fee1d6e4308ad024ba2235025de568fd69f80688e4b3b196a2d,20260729,v2
1498,train,2,6.000000,train=2|train_small=0|part=0|test=0,0,2-19,eligible_train,at_least_2_utterances,52ae1052b56d0230c759429b4ffbc35ac95b403a050e03401d94547cac3c17db,20260729,v2
1499,train,4,12.000000,train=2|train_small=2|part=0|test=0,0,2-19,eligible_train,at_least_2_utterances,d07acb66cbd1e96a725e0c6cce497e9c8776fa2330231472d18f22a3862f211c,20260729,v2
1500,train,3,9.000000,train=1|train_small=2|part=0|test=0,0,2-19,eligible_train,at_least_2_utterances,6486ef8d6d8797fb90e67d7b7a3dac2eb0a0f6b667c3de81780b571610af438c,20260729,v2
1502,train,4,12.000000,train=3|train_small=1|part=0|test=0,0,2-19,eligible_train,at_least_2_utterances,475fb397eb376f768bcf243a8a146efb825efd6a35d959ec5da5da1908173464,20260729,v2
1503,train,9,27.000000,train=9|train_small=0|part=0|test=0,0,2-19,eligible_train,at_least_2_utterances,65d999bf9976f942113f6c5637079df3255075b4c6f5101a364ed6a276c6ad05,20260729,v2
1504,train,6,18.000000,train=4|train_small=2|part=0|test=0,0,2-19,eligible_train,at_least_2_utterances,d557f7d6aef80dcd784199a0c78a92d756f14edb9d14f76d558c067293498351,20260729,v2
1505,train,5,15.000000,train=0|train_small=0|part=0|test=5,0,2-19,eligible_train,at_least_2_utterances,bab18384c5df203521b0639677204c611cffbd8e99b1f4113524fdf336babc9b,20260729,v2
1506,train,3,9.000000,train=1|train_small=2|part=0|test=0,0,2-19,eligible_train,at_least_2_utterances,6a4ce3d43b9107c93ceb3ec884fc1ddd9540d874e245e66166259458f48dc26f,20260729,v2
1507,excluded,1,3.000000,train=0|train_small=1|part=0|test=0,0,1,ineligible,singleton_speaker,73925da7de06740d623e1649b67673a56a7c2363ef4ed7d5471a943d5337993a,20260729,v2
1508,excluded,1,3.000000,train=0|train_small=0|part=0|test=1,0,1,ineligible,singleton_speaker,3d229c6dbf61a10fc00eaa71fcacbea9db94af4deeef1426d631de5c244230e2,20260729,v2
1509,train,37,111.000000,train=18|train_small=19|part=0|test=0,0,20-49,eligible_train,at_least_2_utterances,7a235ac57277e485f87ee499f321aced781f05c02ced7975f85be9dedb91bac3,20260729,v2
1510,train,5,15.000000,train=3|train_small=2|part=0|test=0,0,2-19,eligible_train,at_least_2_utterances,623a6d75d926d2162374944139b3ecbc432924c557ed3e69aa4fffbe789a607a,20260729,v2
1511,train,17,51.000000,train=8|train_small=9|part=0|test=0,0,2-19,eligible_train,at_least_2_utterances,1220afade475fd382a78bbb547d7e8dc98fca1ebc9f77c46a1c59768875a3c71,20260729,v2
1512,train,3,9.000000,train=2|train_small=1|part=0|test=0,0,2-19,eligible_train,at_least_2_utterances,1d995745fb700de2ed6caf26cd28c7851c9f774c8526f554752b4374bd6888a3,20260729,v2
1513,train,8,24.000000,train=6|train_small=2|part=0|test=0,0,2-19,eligible_train,at_least_2_utterances,f0e74164f88a4cd5eb664701fabad266ff55fc13459c76a33d882ba2591d6232,20260729,v2
1514,train,16,48.000000,train=16|train_small=0|part=0|test=0,0,2-19,eligible_train,at_least_2_utterances,4767324ad063eb3a7c241d92ceae723a40ad6523aed686a6b4021395a9e74cc3,20260729,v2
1515,train,3,9.000000,train=1|train_small=2|part=0|test=0,0,2-19,eligible_train,at_least_2_utterances,5ef35bbe00d570af8d79b2d1c963c72dce8bd29076b1065412ef42517fe896b4,20260729,v2
1516,train,2,6.000000,train=0|train_small=0|part=0|test=2,0,2-19,eligible_train,at_least_2_utterances,acdfad2503fc657e621c886d1a9ef2f57eb74bf22d0391b489f5e4607c62efa4,20260729,v2
1517,train,2,6.000000,train=2|train_small=0|part=0|test=0,0,2-19,eligible_train,at_least_2_utterances,1a81d93332c11ff041dc59856a9e3bb44c7eb1614b27cf56edad2bf906bf4511,20260729,v2
1518,train,3,9.000000,train=0|train_small=0|part=0|test=3,0,2-19,eligible_train,at_least_2_utterances,39602fa185862cbcc935f0ca719eb83895c6352210612affc639ce3b5969291a,20260729,v2
1519,train,3,9.000000,train=2|train_small=1|part=0|test=0,0,2-19,eligible_train,at_least_2_utterances,da95d20746e66bae916d666472642522cfc1f68692a9e762f9381381e9878eec,20260729,v2
1520,train,12,36.000000,train=0|train_small=0|part=0|test=12,0,2-19,eligible_train,at_least_2_utterances,bfcefc7bab595c1e68800dfa5f651747da64fec5fd5f18277f0dccc7393f091e,20260729,v2
1521,train,435,1305.000000,train=227|train_small=208|part=0|test=0,0,200-499,eligible_train,at_least_2_utterances,602bc3d72cfe141dcb66392da8bd17600d5fe44f21a25ae16391850dc749c0c2,20260729,v2
1522,train,502,1506.000000,train=0|train_small=0|part=0|test=502,0,500+,eligible_train,at_least_2_utterances,dcf42f3cd72f3ca9b96b67b1bab42fa93837ac8623fcf198648d67fb8ca98556,20260729,v2
1523,validation,55,165.000000,train=55|train_small=0|part=0|test=0,0,50-99,eligible_evaluation,at_least_20_utterances,217d31747e0b8815c61c48ec445fec3ddbdf01814303356c04f5d29961018504,20260729,v2
1524,train,4,12.000000,train=4|train_small=0|part=0|test=0,0,2-19,eligible_train,at_least_2_utterances,72a0b1de20cd46e0b62cd9f35fe1efaa0ffed5d6f561e586364a0edb3906b14d,20260729,v2
1525,train,15,45.000000,train=15|train_small=0|part=0|test=0,0,2-19,eligible_train,at_least_2_utterances,88791dfa9b0de886347526288ebdb0bf38543d962416bbae42503c8d0bb04764,20260729,v2
1526,train,5,15.000000,train=1|train_small=4|part=0|test=0,0,2-19,eligible_train,at_least_2_utterances,195bdc589d4a82b6fb78c7825d4351b2e1a96009f000cd6126debad8156f9ae9,20260729,v2
1527,train,3,9.000000,train=0|train_small=0|part=0|test=3,0,2-19,eligible_train,at_least_2_utterances,b29b0473689285013e16c4faa048c63a8f3ea57ed5ac010e5d3297a83f3c1747,20260729,v2
1528,excluded,1,3.000000,train=1|train_small=0|part=0|test=0,0,1,ineligible,singleton_speaker,31cef027f7d041d7a02d4a46241cade411b978daa67ccda343f83f15ceb868b0,20260729,v2
1529,train,32,96.000000,train=15|train_small=17|part=0|test=0,0,20-49,eligible_train,at_least_2_utterances,a96f90e82312e2d233b23537c37b54617b57fb2709565cb3cd71a7cfeab65ce6,20260729,v2
1530,train,115,345.000000,train=57|train_small=58|part=0|test=0,0,100-199,eligible_train,at_least_2_utterances,b4e6dc2425e0c0a4604285b3d10a35a336971c669e1feecc50b52bbff51eeb46,20260729,v2
1531,test,82,246.000000,train=0|train_small=0|part=0|test=82,0,50-99,eligible_evaluation,at_least_20_utterances,3a814916cdbc63590595f7fa322bc5995cec853914b0e72ad859c68bbb7e3658,20260729,v2
1532,train,30,90.000000,train=13|train_small=17|part=0|test=0,0,20-49,eligible_train,at_least_2_utterances,fa315573d7696109f0216d3a509b3653272f278943f0916d912ac429a93a991e,20260729,v2
1533,train,14,42.000000,train=14|train_small=0|part=0|test=0,0,2-19,eligible_train,at_least_2_utterances,00781de605acb48b2bd4258184da6b9f00785ee7bb48bec0d739aa5cfc5c4887,20260729,v2
1534,train,85,255.000000,train=44|train_small=41|part=0|test=0,0,50-99,eligible_train,at_least_2_utterances,69931709c08e67093d2a3fc9950337cf2dc8658d18b7cc30b4b0b4daf7a55f9f,20260729,v2
1535,train,156,468.000000,train=88|train_small=68|part=0|test=0,0,100-199,eligible_train,at_least_2_utterances,a66b27631ba0c6d562735b400ae79f2c6ae90513d79001121b186b59e39e235c,20260729,v2
1536,train,18,54.000000,train=18|train_small=0|part=0|test=0,0,2-19,eligible_train,at_least_2_utterances,af4de384d530c30071e9ffa56e28f3f9aeca6e707cdb253e4c71ca8d0279bc69,20260729,v2
1537,train,7,21.000000,train=7|train_small=0|part=0|test=0,0,2-19,eligible_train,at_least_2_utterances,d04b84c67a4be93cd42f1f2fe1131480802b7ee31c5fd1267cea23ecedee7e59,20260729,v2
1538,train,7,21.000000,train=7|train_small=0|part=0|test=0,0,2-19,eligible_train,at_least_2_utterances,3a9b757dc52fb08f4fd58532f1dd006143905a3ac1e122d0af1f6624002c0911,20260729,v2
1540,train,432,1296.000000,train=218|train_small=214|part=0|test=0,0,200-499,eligible_train,at_least_2_utterances,49fca0ca14ad5e43d945217755f766548bb4f254090653d99dc3f4e104d2b664,20260729,v2
1542,train,87,261.000000,train=43|train_small=44|part=0|test=0,0,50-99,eligible_train,at_least_2_utterances,e94f6181122ea5488d437a36f7cdd86380a68498d5465a418561b416192aefc6,20260729,v2
1543,train,2,6.000000,train=1|train_small=1|part=0|test=0,0,2-19,eligible_train,at_least_2_utterances,61b154416404cb2450b937f33ab7e4ced7b9495164cc4f3a8755607d706cec58,20260729,v2
1544,train,4,12.000000,train=4|train_small=0|part=0|test=0,0,2-19,eligible_train,at_least_2_utterances,d39a03c4cdb84f1ccf0e44e77281dcf01f806434a079b8b20ce0377d52d2e258,20260729,v2
1545,train,8,24.000000,train=5|train_small=3|part=0|test=0,0,2-19,eligible_train,at_least_2_utterances,d605f1e2ef5b0842317b6d21c77ae9d9fe2cda9e07e20a5efccd6649e7063a93,20260729,v2
1546,train,2,6.000000,train=2|train_small=0|part=0|test=0,0,2-19,eligible_train,at_least_2_utterances,d2e4bcc833d7669566eeafeb0bf1fd80b7bbb96facfba32f766975915ce80108,20260729,v2
1547,train,218,654.000000,train=115|train_small=103|part=0|test=0,0,200-499,eligible_train,at_least_2_utterances,80fa448f90bedc1345707101c43edece23e61ef0d55399fc7591f7a44e37fdff,20260729,v2
1548,train,321,963.000000,train=146|train_small=175|part=0|test=0,0,200-499,eligible_train,at_least_2_utterances,bdd88d95b8496faca145de92fc77950d2f1177c8290a34dcc7fd37e399cc61ac,20260729,v2
1549,train,197,591.000000,train=105|train_small=92|part=0|test=0,0,100-199,eligible_train,at_least_2_utterances,59fbd4a5ecf3d139ee8b620893de9f73920b642a093cb2b7ca2a6badfc21492c,20260729,v2
1550,train,446,1338.000000,train=446|train_small=0|part=0|test=0,0,200-499,eligible_train,at_least_2_utterances,9fe599d900cbc5d2caed5cfe99113b643da0f8786f308ea9d9fb515a76ec331b,20260729,v2
1551,train,10,30.000000,train=10|train_small=0|part=0|test=0,0,2-19,eligible_train,at_least_2_utterances,1c0cb6f5c35588aa5f0125955f391641bc996837f9f7da128de7f1e19f48b0ac,20260729,v2
1552,excluded,1,3.000000,train=1|train_small=0|part=0|test=0,0,1,ineligible,singleton_speaker,2142a798297412596882d69ec2dc0743eac7b070bacb8349673c2d70c68bb72b,20260729,v2
1553,test,50,150.000000,train=27|train_small=23|part=0|test=0,0,50-99,eligible_evaluation,at_least_20_utterances,27355dc825db1835617be145b7fdffb3f66f79e910510652be7fcb67211de0d4,20260729,v2
1554,test,106,318.000000,train=60|train_small=46|part=0|test=0,0,100-199,eligible_evaluation,at_least_20_utterances,32c5d6e4b7dd8283aace0f9a6dbe96a727f83efaf4711de370a64e3267cdce40,20260729,v2
1555,train,37,111.000000,train=0|train_small=0|part=0|test=37,0,20-49,eligible_train,at_least_2_utterances,452e4d683a019db2f5b1690751d2f9b7ad0d627a6f2bb59cdac6d767a0d9d8b6,20260729,v2
1556,train,23,69.000000,train=12|train_small=11|part=0|test=0,0,20-49,eligible_train,at_least_2_utterances,d49d3c2ac856cc6d13284fa029a59a404d2a86d02ed6d559205a422cc53730cd,20260729,v2
1557,train,7,21.000000,train=7|train_small=0|part=0|test=0,0,2-19,eligible_train,at_least_2_utterances,212acf6753f2ace8111bd867b040d97cb4b122dc21dbede8646524643c52da11,20260729,v2
1558,excluded,1,3.000000,train=0|train_small=1|part=0|test=0,0,1,ineligible,singleton_speaker,e0374d4c813b610560bdfc891c9cd6259cca6980fa7d91f04458e6d9f06083ee,20260729,v2
1559,excluded,1,3.000000,train=0|train_small=1|part=0|test=0,0,1,ineligible,singleton_speaker,30cc7be64fdf3aa753df1241f4868f486b351d3e7a862a4b326757aca89aa756,20260729,v2
1560,train,8,24.000000,train=5|train_small=3|part=0|test=0,0,2-19,eligible_train,at_least_2_utterances,193fb2b953dda78e854e15573e34a9c530f8453b9fa9e89af442e28e34f826b1,20260729,v2
1561,train,23,69.000000,train=13|train_small=10|part=0|test=0,0,20-49,eligible_train,at_least_2_utterances,b1fc0f47cbb4c9ffef4e210c679b64da6cced5b7857274cd50340bf67cdf80dc,20260729,v2
1563,train,4,12.000000,train=2|train_small=2|part=0|test=0,0,2-19,eligible_train,at_least_2_utterances,36f663241cd4b88657df62339e3ce4dbcde3df1f85bf9f89e0902367521e4fb5,20260729,v2
1565,train,4,12.000000,train=2|train_small=2|part=0|test=0,0,2-19,eligible_train,at_least_2_utterances,651e7b4e838ac1c2ebecb99c74f0b40f15ca7b49259908d8673b4cd87a356cf5,20260729,v2
1566,train,8,24.000000,train=4|train_small=4|part=0|test=0,0,2-19,eligible_train,at_least_2_utterances,6b3060eba9237d542dac51692af210d315c2d47ddf012fce06d830549736e354,20260729,v2
1567,train,5,15.000000,train=5|train_small=0|part=0|test=0,0,2-19,eligible_train,at_least_2_utterances,cbcba40673f0d247abb48ae56fe93df6a15fa8a29be70553e19ee53e4b5a395b,20260729,v2
1568,train,27,81.000000,train=27|train_small=0|part=0|test=0,0,20-49,eligible_train,at_least_2_utterances,fb2cd06af0e6556fe713fa202379e4580c1e7b10f69a9a6100139d0103e62f30,20260729,v2
1569,test,28,84.000000,train=28|train_small=0|part=0|test=0,0,20-49,eligible_evaluation,at_least_20_utterances,1f9b5253af427070a87bd91650468ad2b302bc281f894a41c1a91657234f683d,20260729,v2
1570,train,2,6.000000,train=2|train_small=0|part=0|test=0,0,2-19,eligible_train,at_least_2_utterances,2e6c38c29b900cea5802f0bb034aa64dffb84904f1bb88e9d38597429151b6bf,20260729,v2
1571,train,36,108.000000,train=16|train_small=20|part=0|test=0,0,20-49,eligible_train,at_least_2_utterances,fbd5dbfb28287af052cc91b30cde3a36a757b8bffd53c821c69370f8f50a32b9,20260729,v2
1572,train,6,18.000000,train=6|train_small=0|part=0|test=0,0,2-19,eligible_train,at_least_2_utterances,6d8fc857e9400f9c25e1c6e2f4b43e3818dd330b5b0ca6de4d536a05758f5ff9,20260729,v2
1573,train,9,27.000000,train=4|train_small=5|part=0|test=0,0,2-19,eligible_train,at_least_2_utterances,6e7db90f3d9d548001fd71c64ce42d80572215880b2dcfdcd7cfcf22d607eb76,20260729,v2
1574,train,11,33.000000,train=5|train_small=6|part=0|test=0,0,2-19,eligible_train,at_least_2_utterances,d8966b9baaa2fd021bfccb6ae0ae3151f6acad6a9bd72e504f56fefb181fdacb,20260729,v2
1575,train,2,6.000000,train=2|train_small=0|part=0|test=0,0,2-19,eligible_train,at_least_2_utterances,269edeb5109bc3f777b930a296020cb3545a010cad36507c1a03c960244d92da,20260729,v2
1576,train,3,9.000000,train=1|train_small=2|part=0|test=0,0,2-19,eligible_train,at_least_2_utterances,50f632283b8ab974bcce9f149e5f2b5e068f01bb4cd628384f95662dddf0d9e6,20260729,v2
1577,train,3,9.000000,train=1|train_small=2|part=0|test=0,0,2-19,eligible_train,at_least_2_utterances,da3519e90542cc49abddc0fefa493ca7ff16671e5cf2223ba3716d82c35e2ea4,20260729,v2
1578,train,28,84.000000,train=28|train_small=0|part=0|test=0,0,20-49,eligible_train,at_least_2_utterances,44f1349f970f6e771a4814ddbd223bf1136401b2b1c5db527466c413834e08ea,20260729,v2
1579,train,16,48.000000,train=11|train_small=5|part=0|test=0,0,2-19,eligible_train,at_least_2_utterances,dd06f9c4ff39a5cbf5bdc0b51ed14a269e483919b2887d70707b971cc791412f,20260729,v2
1580,train,9,27.000000,train=5|train_small=4|part=0|test=0,0,2-19,eligible_train,at_least_2_utterances,dfbda1034feafa82eee617da034309b37d3cc8232e6b7d3dac7d169fcd004688,20260729,v2
1581,train,49,147.000000,train=24|train_small=25|part=0|test=0,0,20-49,eligible_train,at_least_2_utterances,cd927027fb191fb2fe07edf0cd9cd43ab2a608126ca17068fa39cdb7be9b00cb,20260729,v2
1582,train,8,24.000000,train=4|train_small=4|part=0|test=0,0,2-19,eligible_train,at_least_2_utterances,30ff818a225e594d153220c345e7c06ce4c71c41560390274283d19579265bf4,20260729,v2
1583,train,6,18.000000,train=4|train_small=2|part=0|test=0,0,2-19,eligible_train,at_least_2_utterances,49cd457be5860b1d2757a3a1d9bb6d7db634d469a540d5445d40736f49a92c80,20260729,v2
1584,train,2,6.000000,train=1|train_small=1|part=0|test=0,0,2-19,eligible_train,at_least_2_utterances,a69229d5310da5785469f257de127515c9495738501a6f1b528558559156d0a6,20260729,v2
1585,train,4,12.000000,train=2|train_small=2|part=0|test=0,0,2-19,eligible_train,at_least_2_utterances,628eb1a591859a0d4e527c1d82b8d2a57dfadb44d87568921cac06bf4003a2c8,20260729,v2
1586,train,5,15.000000,train=3|train_small=2|part=0|test=0,0,2-19,eligible_train,at_least_2_utterances,0f3484ad1fa96d064ee3dd8747885fa6e2e95eebeb48655d6770097f4d2acfea,20260729,v2
1587,excluded,1,3.000000,train=1|train_small=0|part=0|test=0,0,1,ineligible,singleton_speaker,c324d500d5d83d9cf684ee8b5696c30b77d341013570dd2ec058dd5f2e9ad017,20260729,v2
1589,train,48,144.000000,train=25|train_small=23|part=0|test=0,0,20-49,eligible_train,at_least_2_utterances,cedbb28465bef5bcfaf1cbd5b9a1209785a0c5d07e409e1d950be5dc9a49fbc5,20260729,v2
1590,train,3,9.000000,train=3|train_small=0|part=0|test=0,0,2-19,eligible_train,at_least_2_utterances,0de480db94ae84a5de85a49442fe7aa81545f0c7a3286e73a35d6405d59cac8b,20260729,v2
1591,train,12,36.000000,train=5|train_small=7|part=0|test=0,0,2-19,eligible_train,at_least_2_utterances,2ff41d6a33162f6f78e1cbb3cd2b4bdee2be1253ab611657245c4102bb83a15a,20260729,v2
1592,excluded,1,3.000000,train=1|train_small=0|part=0|test=0,0,1,ineligible,singleton_speaker,0311eecb59ba82e7139728449be2f300c59c683d9f53cdd0256bf72ca8bbd01d,20260729,v2
1593,train,28,84.000000,train=13|train_small=15|part=0|test=0,0,20-49,eligible_train,at_least_2_utterances,f728d353dd72c73df7fdffb7f0676165d9d5e8966c7ce075f90f6d503573ec97,20260729,v2
1594,excluded,1,3.000000,train=1|train_small=0|part=0|test=0,0,1,ineligible,singleton_speaker,b971c052d7f605454380a019f7ea538cf6ffd55d6b952e2afc6c790be614aea0,20260729,v2
1595,train,10,30.000000,train=5|train_small=5|part=0|test=0,0,2-19,eligible_train,at_least_2_utterances,40259b09300cffdf6b939b0e89830af6a3083b1334555e7891267022cf17b47b,20260729,v2
1597,train,7,21.000000,train=4|train_small=3|part=0|test=0,0,2-19,eligible_train,at_least_2_utterances,aa88c6a192a05fa47a315b0dccaa08817fa71d8eb13dc602c6fb6366854811f4,20260729,v2
1598,train,42,126.000000,train=42|train_small=0|part=0|test=0,0,20-49,eligible_train,at_least_2_utterances,f0b07f234b86b6d00e559c770383f37a7f822558f2f6a5783364f74d791ffa7d,20260729,v2
1599,train,5,15.000000,train=3|train_small=2|part=0|test=0,0,2-19,eligible_train,at_least_2_utterances,55688e0ff5820d8668f24bf22e9073019a565aed42fd17ba55599a53aa888fa5,20260729,v2
1600,excluded,1,3.000000,train=0|train_small=0|part=0|test=1,0,1,ineligible,singleton_speaker,0b962bd1934b5693188d7cce85319bfd174192f2456b072cdae873ba38c71646,20260729,v2
1601,train,4,12.000000,train=4|train_small=0|part=0|test=0,0,2-19,eligible_train,at_least_2_utterances,dee9161fae0ab9c225cf32e66ce33e0236c49470e3545ff07936b24f1529e25f,20260729,v2
1602,train,66,198.000000,train=33|train_small=33|part=0|test=0,0,50-99,eligible_train,at_least_2_utterances,c74c5a54c877cab1841d7ff10a8dca454757eec23eabff15927ecdaf4bd1fb8e,20260729,v2
1603,excluded,1,3.000000,train=1|train_small=0|part=0|test=0,0,1,ineligible,singleton_speaker,1c0ed9396f5cbb23b645e4cc85a9a0ef6b5a0f71d8eb6282ac3c404d9fe3d453,20260729,v2
1604,train,7,21.000000,train=4|train_small=3|part=0|test=0,0,2-19,eligible_train,at_least_2_utterances,52f90f816a327d1491fe2d9570a603f8ba104fe6b52fd7b75bb6ff201b01c361,20260729,v2
1605,excluded,1,3.000000,train=1|train_small=0|part=0|test=0,0,1,ineligible,singleton_speaker,ae18c5f1b664c3496df661e35630be6056435a082de9a0033b96198e0904dbfc,20260729,v2
1606,train,55,165.000000,train=33|train_small=22|part=0|test=0,0,50-99,eligible_train,at_least_2_utterances,4a459a536ba67eb214b9b86ed114a41349758b47924b547f7242da4659f7d941,20260729,v2
1607,excluded,1,3.000000,train=0|train_small=1|part=0|test=0,0,1,ineligible,singleton_speaker,01b9fec220cc73edbf091ea09ff904c202cb69d7df88db7098e4fc586f8bb8cc,20260729,v2
1608,train,21,63.000000,train=12|train_small=9|part=0|test=0,0,20-49,eligible_train,at_least_2_utterances,4df4cbdf39a550d26fa9d0f859f9000952ae89bfc8e0448308b672bffed6f681,20260729,v2
1609,excluded,1,3.000000,train=0|train_small=1|part=0|test=0,0,1,ineligible,singleton_speaker,b25cc513aad5324b73f2de58eadfe3552df9380eb27e681b421617ff072e1350,20260729,v2
1610,train,7,21.000000,train=5|train_small=2|part=0|test=0,0,2-19,eligible_train,at_least_2_utterances,6392bbf3dbea8a3cd141d6650d628c2cc7bf8fbfebb38cbe9c766741708dab27,20260729,v2
1611,train,8,24.000000,train=6|train_small=2|part=0|test=0,0,2-19,eligible_train,at_least_2_utterances,dde538d52f65d11f0ba94f6cb248f274e713daae7196ae3b1ade77e47cee79dc,20260729,v2
1612,train,4,12.000000,train=2|train_small=2|part=0|test=0,0,2-19,eligible_train,at_least_2_utterances,58acf28f851533130039022bc8058d03e26f91dc1aaa0d1131c39b91ff019b73,20260729,v2
1613,train,206,618.000000,train=104|train_small=102|part=0|test=0,0,200-499,eligible_train,at_least_2_utterances,f97d2ae4c3af9dec2b72ec1e5ab2b2c3a10d07ec00bb1bf6a36cecd30d853256,20260729,v2
1614,excluded,1,3.000000,train=0|train_small=1|part=0|test=0,0,1,ineligible,singleton_speaker,219b880d245e3c1c6de2439abf7df19ea0834b5b52546d9d8d1b08f62616f2a3,20260729,v2
1615,train,300,900.000000,train=0|train_small=0|part=0|test=300,0,200-499,eligible_train,at_least_2_utterances,7867b89bd087bb62957c57a2753badb7a84cc5c49c9c7c81bc2ff0c0a73a6444,20260729,v2
1616,excluded,1,3.000000,train=1|train_small=0|part=0|test=0,0,1,ineligible,singleton_speaker,74d2598e1c7b5c370d61cbbbc0ee2dec760b9c6f96854367f1c9a45dd08b19c7,20260729,v2
1618,train,2,6.000000,train=2|train_small=0|part=0|test=0,0,2-19,eligible_train,at_least_2_utterances,247b8bb1d291abd2021ce5027659cc23a8b2ba69c1193b32269f20f3562d8742,20260729,v2
1619,train,5,15.000000,train=5|train_small=0|part=0|test=0,0,2-19,eligible_train,at_least_2_utterances,aab268bb8ddc9909dcc50d2becc37aa3cdfbabc448c7c99721b44f61dfecf037,20260729,v2
1620,validation,37,111.000000,train=22|train_small=15|part=0|test=0,0,20-49,eligible_evaluation,at_least_20_utterances,0b2162fd93ba755b99efb08fc459f944207534836d2d1b5af13b743d7bad0c7d,20260729,v2
1621,train,19,57.000000,train=8|train_small=11|part=0|test=0,0,2-19,eligible_train,at_least_2_utterances,7d8385bf1e8abf3e56bed84b5bc7a75d759f94b0a4359cd2162b3ca91cb26d4c,20260729,v2
1622,validation,320,960.000000,train=163|train_small=157|part=0|test=0,0,200-499,eligible_evaluation,at_least_20_utterances,157090bf355272be020bfe1776f3db4b8c4358fab8a2dfa46fa223f5d5d3eabc,20260729,v2
1623,train,3,9.000000,train=1|train_small=2|part=0|test=0,0,2-19,eligible_train,at_least_2_utterances,d13d68b9a12da166e87e774c4e179e6d9dd5663db4db5b1ce3f9c4c7ddabf9c4,20260729,v2
1624,train,2,6.000000,train=2|train_small=0|part=0|test=0,0,2-19,eligible_train,at_least_2_utterances,1ab2b87b971987d3e651d2ae7b8680eba3f0f5fb898e501f8076d26312299ee9,20260729,v2
1625,test,164,492.000000,train=164|train_small=0|part=0|test=0,0,100-199,eligible_evaluation,at_least_20_utterances,3b53cd8d5a685983daeaed06250a4fc3761f9f33b29283ca4fba057d1a816819,20260729,v2
1626,test,133,399.000000,train=0|train_small=0|part=0|test=133,0,100-199,eligible_evaluation,at_least_20_utterances,47ea403f13ffb8678bdbe8c57653a7d697f76aff9892d3b445b1c831aa3f1716,20260729,v2
1627,train,108,324.000000,train=0|train_small=0|part=0|test=108,0,100-199,eligible_train,at_least_2_utterances,e4317f100fb20063f0aa4c3f04344b0ee0159346cd495c41898b69c0295f3af2,20260729,v2
1628,train,40,120.000000,train=24|train_small=16|part=0|test=0,0,20-49,eligible_train,at_least_2_utterances,d577d3962e4b0d52d40c6a181c2886c6d545314326766eb7e5a94a589a677c3d,20260729,v2
1629,train,22,66.000000,train=9|train_small=13|part=0|test=0,0,20-49,eligible_train,at_least_2_utterances,cbcf636a8ccdb5d342cc1cd957c66e27beb35d2fe834f3083bc1fbad168f3e20,20260729,v2
1630,train,11,33.000000,train=6|train_small=5|part=0|test=0,0,2-19,eligible_train,at_least_2_utterances,3b41e6c4fc7f647d2989c8f8138bcc7e56f6fa7c2ba5e97bd2ac93447ccda9d5,20260729,v2
1631,train,837,2511.000000,train=408|train_small=429|part=0|test=0,0,500+,eligible_train,at_least_2_utterances,4fe2110e76cdaa8a912513b05a719d39a447b493443841564221e979bfd06d00,20260729,v2
1632,train,33,99.000000,train=0|train_small=0|part=0|test=33,0,20-49,eligible_train,at_least_2_utterances,47a36bdd55b72361e66695f859b6f1b6def773919a57fa658ae1ba30d68483b6,20260729,v2
1633,train,2,6.000000,train=2|train_small=0|part=0|test=0,0,2-19,eligible_train,at_least_2_utterances,0688386b164bfc8a0bc38cd449fa15342574fbc4525784b8fd901a059e2c4add,20260729,v2
1634,train,14,42.000000,train=5|train_small=9|part=0|test=0,0,2-19,eligible_train,at_least_2_utterances,647f9b87335541ab1233f8e81edb7eb4cb744dacb2c900ebbd68edb53a671bfa,20260729,v2
1635,test,54,162.000000,train=54|train_small=0|part=0|test=0,0,50-99,eligible_evaluation,at_least_20_utterances,2b83c27afc71ee31bc869ec17b5181093f864a65b7a0e625ed91329e971f06d9,20260729,v2
1636,train,20,60.000000,train=10|train_small=10|part=0|test=0,0,20-49,eligible_train,at_least_2_utterances,4e9fac87da921c3dc59cf65393fd65833ad844a90aa8188f354349cdb5ac55fd,20260729,v2
1637,train,4,12.000000,train=4|train_small=0|part=0|test=0,0,2-19,eligible_train,at_least_2_utterances,cc672eb742453fcf1947851087eaff9c3482980567435de603f5fb01d0f75def,20260729,v2
1638,train,20,60.000000,train=10|train_small=10|part=0|test=0,0,20-49,eligible_train,at_least_2_utterances,ade12b01764cb8790baf14b736398105ea1c2593eec329e0ab6ebc13fa5d8a42,20260729,v2
1639,test,1450,4350.000000,train=744|train_small=706|part=0|test=0,0,500+,eligible_evaluation,at_least_20_utterances,2a59a484330bd84e6f28816bf4c0212ce8df66cb0ad4be2d6a361f8f41370098,20260729,v2
1640,train,1265,3795.000000,train=644|train_small=621|part=0|test=0,0,500+,eligible_train,at_least_2_utterances,e58a99302564b469b9c37c63000fbca468c07289192f41c8d8020812b838480e,20260729,v2
1641,train,2,6.000000,train=1|train_small=1|part=0|test=0,0,2-19,eligible_train,at_least_2_utterances,98d57364d0b72f9aa47ad28772405459e5b80c63b9ef028fbccc34b8b6863437,20260729,v2
1642,train,1045,3135.000000,train=531|train_small=514|part=0|test=0,0,500+,eligible_train,at_least_2_utterances,e199a1ac4a36b005cd2c36388d522a2ecab2d684155ce980a53be095557591e8,20260729,v2
1643,test,602,1806.000000,train=304|train_small=298|part=0|test=0,0,500+,eligible_evaluation,at_least_20_utterances,2f9ff7edbfa8cdf7ce7ab6792b6cf0f4274e691b22b229d1cbccedfe260fcb2f,20260729,v2
1644,train,109,327.000000,train=50|train_small=59|part=0|test=0,0,100-199,eligible_train,at_least_2_utterances,b977f5b0e3bf6bf62ab0ec95de31a4422985e30a48d02b40e19a8925e83dbbd3,20260729,v2
1645,excluded,1,3.000000,train=1|train_small=0|part=0|test=0,0,1,ineligible,singleton_speaker,b903212062dad792e3aa3dbdd1952c4e2d93d69309c8d192bf9ec09dde8d58a9,20260729,v2
1646,train,3,9.000000,train=3|train_small=0|part=0|test=0,0,2-19,eligible_train,at_least_2_utterances,8c5cc8edfa76b24cc358b2ab34356d45bcc094dca5b62d69598723ac5449d341,20260729,v2
1647,train,7,21.000000,train=4|train_small=3|part=0|test=0,0,2-19,eligible_train,at_least_2_utterances,81a24e2606c91c5aea2ce181ce6e0be8e15de790aedf066fb714b5beae24f8a1,20260729,v2
1648,train,66,198.000000,train=32|train_small=34|part=0|test=0,0,50-99,eligible_train,at_least_2_utterances,bff986d91e588f3713be2588357e896b0894fd39c72b943194667069819b394a,20260729,v2
1649,train,255,765.000000,train=255|train_small=0|part=0|test=0,0,200-499,eligible_train,at_least_2_utterances,c0c4c82028cc145b0fd1c87a683b577133b38c372163074443e13d03d34ac87a,20260729,v2
1650,test,120,360.000000,train=59|train_small=61|part=0|test=0,0,100-199,eligible_evaluation,at_least_20_utterances,3a18b755b3b068ed59523a1f61a1bc4c0d5a9d6e0758d857ee52ea8203f86cdf,20260729,v2
1651,train,11,33.000000,train=5|train_small=6|part=0|test=0,0,2-19,eligible_train,at_least_2_utterances,4e0271177bad38afa9765b1f220cbf54537619f102dc941480f4be9c9cbaabe1,20260729,v2
1652,train,8,24.000000,train=8|train_small=0|part=0|test=0,0,2-19,eligible_train,at_least_2_utterances,57a8e4f47a37daa709eed4a175c70b6ca9b839d28455edc98d597992ba491da9,20260729,v2
1653,train,5,15.000000,train=2|train_small=3|part=0|test=0,0,2-19,eligible_train,at_least_2_utterances,b1680c9181c1419704f7f2440cb26fdbbd93dda520b273472fab8527f3265c16,20260729,v2
1654,train,96,288.000000,train=0|train_small=0|part=0|test=96,0,50-99,eligible_train,at_least_2_utterances,fce7fce9b3441e46629fcbdf7183289a48c4bacf737789f13086d74aff52e168,20260729,v2
1655,test,110,330.000000,train=0|train_small=0|part=0|test=110,0,100-199,eligible_evaluation,at_least_20_utterances,2fa9f96d7b2f22d1457d66170a7f4af9682270c94054644d30d135472f816ca5,20260729,v2
1656,train,102,306.000000,train=51|train_small=51|part=0|test=0,0,100-199,eligible_train,at_least_2_utterances,5c84165471baa5370f9cb6de022d05e9ad069fc9ae47fe1857fad7812d92b270,20260729,v2
1657,train,1572,4716.000000,train=795|train_small=777|part=0|test=0,0,500+,eligible_train,at_least_2_utterances,dd994dbabcedacfa371786de349c2fbe135b2a3f2acc13871bf6f1cef29eade5,20260729,v2
1658,train,61,183.000000,train=34|train_small=27|part=0|test=0,0,50-99,eligible_train,at_least_2_utterances,af89942c9e9068b32b4f7e13bbe6ec84ba2c16cbafc28f064358fe2f5d22fa37,20260729,v2
1659,train,645,1935.000000,train=0|train_small=0|part=0|test=645,0,500+,eligible_train,at_least_2_utterances,9cca77fcd1bc571a3a6a13106876f36f7dfc5883b906dccf7bb5532d13a95228,20260729,v2
1660,train,17,51.000000,train=8|train_small=9|part=0|test=0,0,2-19,eligible_train,at_least_2_utterances,eb6b800b008f738f60b261ccb022e2ca2053af14b5181a86df6080703c1e42fd,20260729,v2
1661,train,187,561.000000,train=187|train_small=0|part=0|test=0,0,100-199,eligible_train,at_least_2_utterances,e92868533b2c61d4ad73553d887896d6718afd4739462ff470a23e0c2c92b7c0,20260729,v2
1662,train,124,372.000000,train=124|train_small=0|part=0|test=0,0,100-199,eligible_train,at_least_2_utterances,5f00f7581b21e2425365c840202f52a58c011ca746aebc8c9674d0aaf8ef0523,20260729,v2
1663,train,9,27.000000,train=3|train_small=6|part=0|test=0,0,2-19,eligible_train,at_least_2_utterances,9561c08ea50fab7f1c721140c9fda1a1894cfcda021c97826de9e122dddb1a7b,20260729,v2
1664,train,285,855.000000,train=143|train_small=142|part=0|test=0,0,200-499,eligible_train,at_least_2_utterances,841ad786e922d69905f9883b83af359a62c48c138da6eda0980c5c49b2fd3655,20260729,v2
1665,train,1911,5733.000000,train=1911|train_small=0|part=0|test=0,0,500+,eligible_train,at_least_2_utterances,d800e6fa864ac1cc884bd2738643152598f56432b4d7ad0edf299c9d01fa8cd3,20260729,v2
1666,train,660,1980.000000,train=0|train_small=0|part=0|test=660,0,500+,eligible_train,at_least_2_utterances,471f6939a3e409676a2897f9368823eccd38c1de5c2926192c220e37c32dd874,20260729,v2
1667,train,38,114.000000,train=20|train_small=18|part=0|test=0,0,20-49,eligible_train,at_least_2_utterances,aee1b4e4241ef50818a40d1ea51db138025a61d7840b17044695b535a21245cf,20260729,v2
1668,test,1848,5544.000000,train=1277|train_small=571|part=0|test=0,0,500+,eligible_evaluation,at_least_20_utterances,290520a863e09e069d4319e80cd698e1544c0903e9a5311269f344de526ccddd,20260729,v2
1669,train,2033,6099.000000,train=1024|train_small=1009|part=0|test=0,0,500+,eligible_train,at_least_2_utterances,e049c3f4c8bed2db2bbc535c3e68f03b80b3674adf8408a1fec2f37b79a9b9c0,20260729,v2
1670,train,61,183.000000,train=0|train_small=0|part=0|test=61,0,50-99,eligible_train,at_least_2_utterances,db0e8055257745ca042760a83ccf3324aa7ccfa3438fe266034df724fad39a72,20260729,v2
1671,excluded,1,3.000000,train=1|train_small=0|part=0|test=0,0,1,ineligible,singleton_speaker,7ec8d2e60e5d62890962644f1c0899a6841d4f841c5580888fed5df53e0ef7b7,20260729,v2
1672,train,26,78.000000,train=13|train_small=13|part=0|test=0,0,20-49,eligible_train,at_least_2_utterances,71b6fb5e5abc5528633936816dc0a457e22a5d1f4d4d2160bfdc470710a63665,20260729,v2
1673,train,83,249.000000,train=44|train_small=39|part=0|test=0,0,50-99,eligible_train,at_least_2_utterances,53d2ad02a08d4fcb5db56cb9be8d4c9e8007bfcc4e3d754583bf3af2fe98f0cf,20260729,v2
1674,validation,68,204.000000,train=34|train_small=34|part=0|test=0,0,50-99,eligible_evaluation,at_least_20_utterances,145a2a84f69c4a9642f7680da71f48d91ed365469d9a5a99a97d1d149c84bd45,20260729,v2
1676,validation,160,480.000000,train=0|train_small=0|part=0|test=160,0,100-199,eligible_evaluation,at_least_20_utterances,227ef77008c8fd6f436156427976ab5dd1b1771b688bcda56482ba252036e4fb,20260729,v2
1677,validation,319,957.000000,train=158|train_small=161|part=0|test=0,0,200-499,eligible_evaluation,at_least_20_utterances,0cf5aabb000a4cd7f65f53843c62463d6cd70c9f8c833a0acd784fb8b0478863,20260729,v2
1678,validation,271,813.000000,train=0|train_small=0|part=0|test=271,0,200-499,eligible_evaluation,at_least_20_utterances,0a80748a6c5b15113e2d06bbdd12b487bf61ede01e7fa3383fbf426540c790d5,20260729,v2
1679,test,64,192.000000,train=31|train_small=33|part=0|test=0,0,50-99,eligible_evaluation,at_least_20_utterances,2b8f3400dac346a3ad743b6f88927d2501f5309b094338905e704f70b11480e5,20260729,v2
1680,validation,400,1200.000000,train=206|train_small=194|part=0|test=0,0,200-499,eligible_evaluation,at_least_20_utterances,01a7151f47321c4dc079710c1f620bf6d09dde3e4a5e8ff2c735f4aae450184e,20260729,v2
1681,train,21,63.000000,train=12|train_small=9|part=0|test=0,0,20-49,eligible_train,at_least_2_utterances,4e29e50bc6d841552261585bf7537cd4d7e0981776d61d7e7a2eae5927770c84,20260729,v2
1682,train,237,711.000000,train=123|train_small=114|part=0|test=0,0,200-499,eligible_train,at_least_2_utterances,b35f3a8ee9ceb0c9f9ce81eeffe2b703fb322e19e85ecdcaf63a62fa93c42b5e,20260729,v2
1683,train,555,1665.000000,train=555|train_small=0|part=0|test=0,0,500+,eligible_train,at_least_2_utterances,852fb6fd7c6af948489470ef4df89dc8279468ab32a1cef9acae141e2fd595cd,20260729,v2
1684,train,36,108.000000,train=0|train_small=0|part=0|test=36,0,20-49,eligible_train,at_least_2_utterances,5b0dbaf825912be91ec4c68ff169094d3bc163219cb916393806041ff2098ae0,20260729,v2
1685,train,49,147.000000,train=0|train_small=0|part=0|test=49,0,20-49,eligible_train,at_least_2_utterances,8339686f09b42eecc04dfce0b5cd282ffa53381944584ca76ebbe00b21a6e40d,20260729,v2
1686,test,330,990.000000,train=330|train_small=0|part=0|test=0,0,200-499,eligible_evaluation,at_least_20_utterances,24d4d1b7cd763ea2d30d21eef45192f74ec2617deaa0802a91eebca1352f64fb,20260729,v2
1687,train,45,135.000000,train=45|train_small=0|part=0|test=0,0,20-49,eligible_train,at_least_2_utterances,dcfe7c73ba258fa585214629fb5bbce5ae8ca2f29899e15761d0047d89b3a44e,20260729,v2
1688,train,35,105.000000,train=19|train_small=16|part=0|test=0,0,20-49,eligible_train,at_least_2_utterances,bd1eb9cb93e98f97761b75d1025bba2a1911ddd587a592e70bc5741e374e4257,20260729,v2
1689,train,13,39.000000,train=0|train_small=13|part=0|test=0,0,2-19,eligible_train,at_least_2_utterances,3168e4ea9f246ac2aced5067da58f220a0e4406d3ae17f4e99169b092a3bb4ff,20260729,v2
1690,excluded,1,3.000000,train=0|train_small=0|part=0|test=1,0,1,ineligible,singleton_speaker,921fe9c141ac99fe55a5273c2138e20f511990d03d3c46401dcde55a8c48da24,20260729,v2
1691,validation,45,135.000000,train=22|train_small=23|part=0|test=0,0,20-49,eligible_evaluation,at_least_20_utterances,02a9a3c46863a9a57373a80f9ef702aa8f9d56a888e844a31df486bbb4d1978f,20260729,v2
1692,test,29,87.000000,train=19|train_small=10|part=0|test=0,0,20-49,eligible_evaluation,at_least_20_utterances,2b73d5ed3c77f2e36a3c224196e15a37ca6848ff7197bc58e330f4a8431c94cf,20260729,v2
1693,train,5,15.000000,train=0|train_small=0|part=0|test=5,0,2-19,eligible_train,at_least_2_utterances,543fc6d7c91e7b931e6cfd4332c588cbd3e6f24cd352c07c381589297ecd65e5,20260729,v2
1694,excluded,1,3.000000,train=1|train_small=0|part=0|test=0,0,1,ineligible,singleton_speaker,217ce362167e62c1e4632ac571c59d7d0e4ea3d47adee1ca6540034f37ab06b3,20260729,v2
1695,train,3,9.000000,train=2|train_small=1|part=0|test=0,0,2-19,eligible_train,at_least_2_utterances,f6885af3c42463ed7bdfc993c975eef9f16b901536f31d80f4c13a35549be777,20260729,v2
1696,excluded,1,3.000000,train=1|train_small=0|part=0|test=0,0,1,ineligible,singleton_speaker,9c5024f50972cd2d8a22378d49eeb4fc8c33264a2fb27a52227a7b824ad82b1f,20260729,v2
1697,excluded,1,3.000000,train=1|train_small=0|part=0|test=0,0,1,ineligible,singleton_speaker,08a4fd643688ecebd99e9b473991738740d544eecf5f0748498b38aeca75ca70,20260729,v2
1698,train,366,1098.000000,train=189|train_small=177|part=0|test=0,0,200-499,eligible_train,at_least_2_utterances,b923de56f79db424ccb7dd46aefdee6f9e4ec7c27a379ac0580e90b6ee4d247b,20260729,v2
1699,excluded,1,3.000000,train=1|train_small=0|part=0|test=0,0,1,ineligible,singleton_speaker,2e06fa66129ad22b4a35de71a0618628c15734b47d12f92df4a2aca97e948a17,20260729,v2
1701,train,4,12.000000,train=0|train_small=0|part=0|test=4,0,2-19,eligible_train,at_least_2_utterances,66cd4feb44690e76d7da7f5bc72434a77effdd652fc1ba0d244cfe6bedebadef,20260729,v2
1702,train,6,18.000000,train=3|train_small=3|part=0|test=0,0,2-19,eligible_train,at_least_2_utterances,301d71c593caa253a1b98a07a3c146529d84fa503b177cb98a13737f716aa5a5,20260729,v2
1703,train,5,15.000000,train=3|train_small=2|part=0|test=0,0,2-19,eligible_train,at_least_2_utterances,7afc0a1ba05659c329ce5cbdfabb6e9f5eef3751b0d9a6ff7c14ec1915599992,20260729,v2
1704,train,4,12.000000,train=3|train_small=1|part=0|test=0,0,2-19,eligible_train,at_least_2_utterances,402a8590fe97c387c1f36310148b19320aed21c9554e6505c9bd6ac551582c8a,20260729,v2
1705,train,3,9.000000,train=3|train_small=0|part=0|test=0,0,2-19,eligible_train,at_least_2_utterances,4b1a8517abb82401cebfae56a2664fd5a942afa80c107f33283ae65e34d4a090,20260729,v2
1706,train,31,93.000000,train=17|train_small=14|part=0|test=0,0,20-49,eligible_train,at_least_2_utterances,b4bb66ee32677ef03e6524c97d2aae614e20406fa589fc1b18a9239ee82d1954,20260729,v2
1707,train,2,6.000000,train=1|train_small=1|part=0|test=0,0,2-19,eligible_train,at_least_2_utterances,3b9ed7c6586aec513e253ed6f137ff6abb8213eda4e3c94f48edc186195a94a1,20260729,v2
1708,train,46,138.000000,train=46|train_small=0|part=0|test=0,0,20-49,eligible_train,at_least_2_utterances,785649edee503bbef7c9d7f0a70b06f2870eb431a1f7490d5ca969b498c37e17,20260729,v2
1709,excluded,1,3.000000,train=1|train_small=0|part=0|test=0,0,1,ineligible,singleton_speaker,6327c17b63ce2b3a5fb24da2a445d620354eba7ac22fe51a71cae008c7311991,20260729,v2
1710,train,19,57.000000,train=12|train_small=7|part=0|test=0,0,2-19,eligible_train,at_least_2_utterances,355499e8da6303a620c685cba4682686cbb2b3de50efcaa43fabcb926621032c,20260729,v2
1711,train,12,36.000000,train=7|train_small=5|part=0|test=0,0,2-19,eligible_train,at_least_2_utterances,729a53db634928d354725f59542378e1db4b9af3415f95128f3c541e7e010930,20260729,v2
1712,train,4,12.000000,train=3|train_small=1|part=0|test=0,0,2-19,eligible_train,at_least_2_utterances,354162264a5a77e653eaf59e228ff8577270b00544db9e23bb8420ba91801bac,20260729,v2
1713,train,4,12.000000,train=4|train_small=0|part=0|test=0,0,2-19,eligible_train,at_least_2_utterances,8e22670ba47f263fda287176e8e1f6778f2586b475a73524abe24f03935eae2a,20260729,v2
1714,excluded,1,3.000000,train=0|train_small=1|part=0|test=0,0,1,ineligible,singleton_speaker,a0a71fc0790f782a913c2324b6d369ab7191ee81543c021d6f26b3c637789d2a,20260729,v2
1715,excluded,1,3.000000,train=0|train_small=1|part=0|test=0,0,1,ineligible,singleton_speaker,dfc1528bc74dbc23d487ea7dafe5ed3d41e652591ba6204a0a5fbc2d653dcf58,20260729,v2
1716,excluded,1,3.000000,train=1|train_small=0|part=0|test=0,0,1,ineligible,singleton_speaker,d9aefb6e44ff25b014cc6ace3dbfc147a4620d6cffbe8f5777ed19abd4b341d3,20260729,v2
1717,train,2,6.000000,train=2|train_small=0|part=0|test=0,0,2-19,eligible_train,at_least_2_utterances,463c6bd5ea758d093470983b8e26d62a16b306c81cc2d653a23ae4e52d55efca,20260729,v2
1718,train,3,9.000000,train=1|train_small=2|part=0|test=0,0,2-19,eligible_train,at_least_2_utterances,e0d20689334b4bbda7bfbce0904de9b95d22009468e1fa3a10401dcc6a0960fa,20260729,v2
1719,train,8,24.000000,train=3|train_small=5|part=0|test=0,0,2-19,eligible_train,at_least_2_utterances,fc8318f4bbce6f3ef804d109ceffc1748d956fd60314174600c4e539c4b97cd4,20260729,v2
1720,train,2,6.000000,train=2|train_small=0|part=0|test=0,0,2-19,eligible_train,at_least_2_utterances,49957a7b97f69dacfe68475e98b17af2fd9a305073bf8c90684046f7bd42c04d,20260729,v2
1721,train,2,6.000000,train=0|train_small=2|part=0|test=0,0,2-19,eligible_train,at_least_2_utterances,a8af1c2edb0abaa726fa4475291ca710317572673fd561c853fc50fcb30b7fcb,20260729,v2
1722,train,3,9.000000,train=3|train_small=0|part=0|test=0,0,2-19,eligible_train,at_least_2_utterances,d7d5b17e734fbecb44a4c360d8186dce0c13d28a0a2cd87fa20e8c2e35520f6f,20260729,v2
1723,excluded,1,3.000000,train=1|train_small=0|part=0|test=0,0,1,ineligible,singleton_speaker,8401e753b249cd601fc2f722a70b3b5e1f3928171af0fafe072a43dbaba9034c,20260729,v2
1724,train,3,9.000000,train=3|train_small=0|part=0|test=0,0,2-19,eligible_train,at_least_2_utterances,046066a487b0174bb020f52b2cc9df405c5b1ea89ba15b21dab1eaf4dd11d531,20260729,v2
1725,train,5,15.000000,train=2|train_small=3|part=0|test=0,0,2-19,eligible_train,at_least_2_utterances,67b08bf85ff6984abac50d241402197ecea95b2ceb814edb23c69d2233bb2179,20260729,v2
1726,train,13,39.000000,train=8|train_small=5|part=0|test=0,0,2-19,eligible_train,at_least_2_utterances,f0ff8a02aa6d06aeeffd34d52001fa98618e77e5a6104485a609003b8f4f381a,20260729,v2
1727,train,397,1191.000000,train=397|train_small=0|part=0|test=0,0,200-499,eligible_train,at_least_2_utterances,fbecfe4f243ea08ccf8e49a0150b26283d666ec02a181a66f66b97f4afcfb756,20260729,v2
1728,train,22,66.000000,train=15|train_small=7|part=0|test=0,0,20-49,eligible_train,at_least_2_utterances,5fb8f533b18fb92b377ec8a7fc0b165609864268abe403c75168530c32c72990,20260729,v2
1729,train,3,9.000000,train=0|train_small=0|part=0|test=3,0,2-19,eligible_train,at_least_2_utterances,36851adbfe2e8131a1bec06b9116fa2b1a4c2c8a0487f917a1b86f7fe7a4c099,20260729,v2
1730,train,4,12.000000,train=2|train_small=2|part=0|test=0,0,2-19,eligible_train,at_least_2_utterances,880b09a1b9b41147e892d024c27af8d41e0c2aa5ae3799f8808273edd5632ab0,20260729,v2
1731,train,3,9.000000,train=3|train_small=0|part=0|test=0,0,2-19,eligible_train,at_least_2_utterances,14beef94534e4d787b5c28db0cad4fff797c0d028dd920405c3dc19a9ab62b19,20260729,v2
1732,train,5,15.000000,train=2|train_small=3|part=0|test=0,0,2-19,eligible_train,at_least_2_utterances,a34ec958f07236553e66e7e788314b20c16adeb5e5cf8f6cd62fb9e670213551,20260729,v2
1733,train,2,6.000000,train=2|train_small=0|part=0|test=0,0,2-19,eligible_train,at_least_2_utterances,61169cb829677ef5cfdc57a9008f57694f4c12ad8b3b323b04abb8ef2c54de2f,20260729,v2
1734,train,2,6.000000,train=1|train_small=1|part=0|test=0,0,2-19,eligible_train,at_least_2_utterances,2b5ece601cc77c9a9773b4e9fe792b8e258fa294d204aa881337c75d4d0c2bc4,20260729,v2
1735,train,2,6.000000,train=0|train_small=2|part=0|test=0,0,2-19,eligible_train,at_least_2_utterances,09b4330771597050064322319ca4337dcde2040d5dba1c65cbaa1db7433b03fe,20260729,v2
1736,train,2,6.000000,train=1|train_small=1|part=0|test=0,0,2-19,eligible_train,at_least_2_utterances,b50c40af4f100a45a3ab1124a0770623d8a68734632bbbfce20179fc750becab,20260729,v2
1737,train,6,18.000000,train=3|train_small=3|part=0|test=0,0,2-19,eligible_train,at_least_2_utterances,fd7bb76d8a5cb8957326a1231d34b370e7038f79f7da7fab61f1b0186ab636ee,20260729,v2
1738,train,2,6.000000,train=1|train_small=1|part=0|test=0,0,2-19,eligible_train,at_least_2_utterances,cfb224b3a24830383e1afde0cef2b74b9a7eb02d775eb0b2fb82b02bd93e9c8e,20260729,v2
1739,train,2,6.000000,train=2|train_small=0|part=0|test=0,0,2-19,eligible_train,at_least_2_utterances,b25bc367afc122aace7cc145974a67cddc10a820a66f8ecf9bf61d0ddb1b417c,20260729,v2
1740,train,3,9.000000,train=2|train_small=1|part=0|test=0,0,2-19,eligible_train,at_least_2_utterances,0b25e2f4c158d74051584515b858dcd911b8c0d10ea6ab2a18ed7c94e066b04c,20260729,v2
1741,excluded,1,3.000000,train=1|train_small=0|part=0|test=0,0,1,ineligible,singleton_speaker,5841a117e0fda475edc3d51456c70955d4a39c840abd5b2f5aafe91ab714c66e,20260729,v2
1742,test,93,279.000000,train=0|train_small=0|part=93|test=0,0,50-99,eligible_evaluation,at_least_20_utterances,2d4de3f4576d87a00a419ac4c3dfbdb7138bfa415fc9662a02f227e0175c0cb3,20260729,v2
1743,train,15,45.000000,train=0|train_small=0|part=15|test=0,0,2-19,eligible_train,at_least_2_utterances,d0b2728f1699e5c81a8d5474297e66d56387a5c11bae58364b9ae25fb6fea52f,20260729,v2
1744,train,17,51.000000,train=0|train_small=0|part=17|test=0,0,2-19,eligible_train,at_least_2_utterances,664ef2dbd6da73ce564a35e06a5c03dfa2b39d0f432613ecb0e40d16af2478bb,20260729,v2
1745,train,31,93.000000,train=0|train_small=0|part=31|test=0,0,20-49,eligible_train,at_least_2_utterances,d0267a574ba25055cdbb4c6c5b0cef5c98858b5ba56ccafcc5ac21952227636b,20260729,v2
1746,train,13,39.000000,train=0|train_small=0|part=13|test=0,0,2-19,eligible_train,at_least_2_utterances,3d2202b2b4361297d57169f7b4a3051bfb9ad8ae1e6e154d59d458b752f5d540,20260729,v2
1747,train,6,18.000000,train=0|train_small=0|part=6|test=0,0,2-19,eligible_train,at_least_2_utterances,db3f1f4d16851681099b0deb054f3ba4ebc8402494d981dcd299b63db327a075,20260729,v2
1748,train,10,30.000000,train=0|train_small=0|part=10|test=0,0,2-19,eligible_train,at_least_2_utterances,6520ea521445f0aa2d52028c418334a49d516543c9ae6d5813650453fb2d4cee,20260729,v2
1749,train,42,126.000000,train=0|train_small=0|part=42|test=0,0,20-49,eligible_train,at_least_2_utterances,bd993ccda1f791ffa04e4fd818b042c30973790f7145d5b34c5768667093f566,20260729,v2
1750,train,3,9.000000,train=0|train_small=0|part=3|test=0,0,2-19,eligible_train,at_least_2_utterances,eaf29a1fc6a31edb7878f2314c1fe254523e6bb762866ca5e8fe3f9f8bfc4b88,20260729,v2
1751,train,2,6.000000,train=0|train_small=0|part=2|test=0,0,2-19,eligible_train,at_least_2_utterances,cd8ef3187f7d9397eb98479d6a7f35b1628081892e4fa8c871e2bd87f7a02ea9,20260729,v2
1752,train,66,198.000000,train=0|train_small=0|part=66|test=0,0,50-99,eligible_train,at_least_2_utterances,42cf2c11303c51558da00a81424c023c8e7be5a400414bec842ac5512f82d5d7,20260729,v2
1753,train,20,60.000000,train=0|train_small=0|part=20|test=0,0,20-49,eligible_train,at_least_2_utterances,52de64fb4282d3be8ae9d14ace0fde167be4febe79b0e239a1ac773cbda24b1b,20260729,v2
1754,train,4,12.000000,train=0|train_small=0|part=4|test=0,0,2-19,eligible_train,at_least_2_utterances,e719caafa8b9ccd65a6de17bca4279558f5a77ac88b857af4d7a1f871b3c52f0,20260729,v2
1756,train,16,48.000000,train=0|train_small=0|part=16|test=0,0,2-19,eligible_train,at_least_2_utterances,7e4c8bfb7a9ad11f76e144b509c79b54794fbea4794f6fd832939d086e857b99,20260729,v2
1757,train,69,207.000000,train=0|train_small=0|part=69|test=0,0,50-99,eligible_train,at_least_2_utterances,989537d731bb911da6d92216b6e0f0fd82c7666e3b13c256da9415a5e06a7497,20260729,v2
1758,train,4,12.000000,train=0|train_small=0|part=4|test=0,0,2-19,eligible_train,at_least_2_utterances,915e76bf145d8bcb6a3ced6dcda232ea4c6f92918ed6d1889925a0b80a5a0e5f,20260729,v2
1759,train,6,18.000000,train=0|train_small=0|part=6|test=0,0,2-19,eligible_train,at_least_2_utterances,6d51a1cfc4301884039f82ec8aef9c6e196f4dd33dfbfad6d89e7e400436741c,20260729,v2
1760,train,2,6.000000,train=0|train_small=0|part=2|test=0,0,2-19,eligible_train,at_least_2_utterances,181a749a2b2805b277db3b5275424de3460c60e72124ef3259adaa1abf3e56af,20260729,v2
1761,train,2,6.000000,train=0|train_small=0|part=2|test=0,0,2-19,eligible_train,at_least_2_utterances,176faca6feb8f48658545b87e7dd8f02b50073a3b07bba7d884a4b871e824ad9,20260729,v2
1762,train,2,6.000000,train=0|train_small=0|part=2|test=0,0,2-19,eligible_train,at_least_2_utterances,e73fdd37042a1485cacce8adc231d5e284ebc0d0402c4c3757f27c19278b7074,20260729,v2
1763,train,2,6.000000,train=0|train_small=0|part=2|test=0,0,2-19,eligible_train,at_least_2_utterances,c0a60205dd09ad5265363cc4b8a77426cea54795702fbcf07cda6ac331951a34,20260729,v2
1764,train,6,18.000000,train=0|train_small=0|part=6|test=0,0,2-19,eligible_train,at_least_2_utterances,df019bd4fb6b556d89e78956fcc73bbcabd2521540a35e80aaf28af1d890d44c,20260729,v2
1765,train,10,30.000000,train=0|train_small=0|part=10|test=0,0,2-19,eligible_train,at_least_2_utterances,792ade79158f75bcb8784927512fae0aad3e7c73e75933e227f28b6952ef65eb,20260729,v2
1766,excluded,1,3.000000,train=0|train_small=0|part=1|test=0,0,1,ineligible,singleton_speaker,39629e52d4c3d98be5cb87d54ce99ab82b4e828b643474fbe24d569a1d7f1f82,20260729,v2
1767,excluded,1,3.000000,train=0|train_small=0|part=1|test=0,0,1,ineligible,singleton_speaker,a6587ffef507a9864bfc331fcb82abb25e7b4a5e36910eb64bf360b627c8cd13,20260729,v2
1768,excluded,1,3.000000,train=0|train_small=0|part=1|test=0,0,1,ineligible,singleton_speaker,4f58d1c439b659c9960a56d1cdbb8cdfbeb0abf002dfad8f012b75b21c73d2aa,20260729,v2
1769,excluded,1,3.000000,train=0|train_small=0|part=1|test=0,0,1,ineligible,singleton_speaker,f952256ec5fc0e758a050b8d8250a3a73f32eaf65271025a008c6d1bd1f69f0e,20260729,v2
1770,excluded,1,3.000000,train=0|train_small=0|part=1|test=0,0,1,ineligible,singleton_speaker,751229cab36b3d94c056d32e0f6a577339e7643463b282dc094e816b4c022c6e,20260729,v2
1771,train,3,9.000000,train=0|train_small=0|part=3|test=0,0,2-19,eligible_train,at_least_2_utterances,9cf0efad31c7abf704b7a96c40ec88208df845656345282238a1f914516d6c94,20260729,v2
1772,train,25,75.000000,train=0|train_small=0|part=25|test=0,0,20-49,eligible_train,at_least_2_utterances,79d6a02d2372e9dcfefb9ca36084791631379c06ec49b393141385c1f5c098a3,20260729,v2
1773,train,4,12.000000,train=0|train_small=0|part=4|test=0,0,2-19,eligible_train,at_least_2_utterances,4801ada895a583687073c243370ea29f45b91e5acfa6e40f7e88fe157501f846,20260729,v2
1774,train,2,6.000000,train=0|train_small=0|part=2|test=0,0,2-19,eligible_train,at_least_2_utterances,73386ab365d48c1539bd46a56916ab4ba139a92b837f5b04621cd2383eb00463,20260729,v2
1775,train,71,213.000000,train=0|train_small=0|part=71|test=0,0,50-99,eligible_train,at_least_2_utterances,48648b04e70997af2f886062056c0a4437e3425200b700ed20bd2d231142860b,20260729,v2
1777,train,3,9.000000,train=0|train_small=0|part=3|test=0,0,2-19,eligible_train,at_least_2_utterances,89539a2813abe1552be705fa48cefcdbafc5c6a3148c9eda994fe886ddfa0f58,20260729,v2
1778,train,6,18.000000,train=0|train_small=0|part=6|test=0,0,2-19,eligible_train,at_least_2_utterances,a498486187fe0e334dd8d23016f435a7c4c4fdf30acd3eb95dd7dcee18f40ae2,20260729,v2
1779,train,40,120.000000,train=0|train_small=0|part=40|test=0,0,20-49,eligible_train,at_least_2_utterances,4da63540d36c337c758e2588644e3e357263a3e6f0b05e8a208112536e8a9293,20260729,v2
1780,validation,39,117.000000,train=0|train_small=0|part=39|test=0,0,20-49,eligible_evaluation,at_least_20_utterances,0a7c827da7407c5b4e8456ce98fd240288aacaff100c3c395d24f3a69fbaf3ce,20260729,v2
1781,excluded,1,3.000000,train=0|train_small=0|part=1|test=0,0,1,ineligible,singleton_speaker,ca79257686416dcd8ef6a5daab21d87c9c1f2636d6f767c1b93377f560a7d06d,20260729,v2
1782,train,11,33.000000,train=0|train_small=0|part=11|test=0,0,2-19,eligible_train,at_least_2_utterances,87faa32ffcb37eb0e98a0a59e1630554c8fc9f8a1ca27cb36d94f6971462ad69,20260729,v2
1783,train,3,9.000000,train=0|train_small=0|part=3|test=0,0,2-19,eligible_train,at_least_2_utterances,5d93dff0dd7953e1ea5a0a16ad6218f9ed9e18f1b33d3813d1fa94ab7a643916,20260729,v2
1784,excluded,1,3.000000,train=0|train_small=0|part=1|test=0,0,1,ineligible,singleton_speaker,b44abda48ca0982e972774c598e6ba0208e03d2d64bff2d89e4b516068eff7de,20260729,v2
1785,excluded,1,3.000000,train=0|train_small=0|part=1|test=0,0,1,ineligible,singleton_speaker,52d9eb0c78aede658e8e94d3bff05b982c10c595347ba294811b6cde53879812,20260729,v2
1786,train,3,9.000000,train=0|train_small=0|part=3|test=0,0,2-19,eligible_train,at_least_2_utterances,c6fd5660592fcd2afed468c581975fb4bad34af5fedf629fcf76c19496f8f75b,20260729,v2
1787,train,2,6.000000,train=0|train_small=0|part=2|test=0,0,2-19,eligible_train,at_least_2_utterances,7903718a9360017b0791fd14f1fcc9a492ef3a6c43d61f15da9f4c5e6d576602,20260729,v2
1788,train,100,300.000000,train=0|train_small=0|part=100|test=0,0,100-199,eligible_train,at_least_2_utterances,e90476de9b630f98135352cc0740d672c5787d73a84c24e1c8796c83e7c57812,20260729,v2
1789,validation,191,573.000000,train=0|train_small=0|part=191|test=0,0,100-199,eligible_evaluation,at_least_20_utterances,0481668c0edfaa7b35dbbf953bbe2ea4d4a28272609a3a509d832b9dc3b7470c,20260729,v2
1790,train,2,6.000000,train=0|train_small=0|part=2|test=0,0,2-19,eligible_train,at_least_2_utterances,1bad94ec6aae63479b84eb17b8d0b5c490d63fda9cf207bccc4c1f0a35626dbb,20260729,v2
1791,train,2,6.000000,train=0|train_small=0|part=2|test=0,0,2-19,eligible_train,at_least_2_utterances,955d26f49542e5f73ff7b2d514f3d263010b994baf96b5b61e55256af64bb816,20260729,v2
1792,train,2,6.000000,train=0|train_small=0|part=2|test=0,0,2-19,eligible_train,at_least_2_utterances,b367a5a5ec53e4af31b85cefaf160eeb530795a837de1f6b03d1f5c3bc940a07,20260729,v2
1793,train,2,6.000000,train=0|train_small=0|part=2|test=0,0,2-19,eligible_train,at_least_2_utterances,2ee182e3a38ded42838abb9c3e64604ab27da0f3b7a8395519a044242adbe818,20260729,v2
1794,excluded,1,3.000000,train=0|train_small=0|part=1|test=0,0,1,ineligible,singleton_speaker,8fa3bf2e23360d0134ed6dd36129109dc73872db0cefc4648a45493da4dd1821,20260729,v2
1796,train,2,6.000000,train=0|train_small=0|part=2|test=0,0,2-19,eligible_train,at_least_2_utterances,36459fdb8fdb74d149e73286ed96b1694c3665c459c4b376fea4349e7f6685ce,20260729,v2
1797,train,3,9.000000,train=0|train_small=0|part=3|test=0,0,2-19,eligible_train,at_least_2_utterances,9a77b43b582cb49433d23d2e64050c5192a64462f54b7a5370eab4e1e4c281a5,20260729,v2
1798,train,2,6.000000,train=0|train_small=0|part=2|test=0,0,2-19,eligible_train,at_least_2_utterances,11e93f9bc9735791d4ce612b49494d7c69d494142984411399aa302d09d6edac,20260729,v2
1799,train,4,12.000000,train=0|train_small=0|part=4|test=0,0,2-19,eligible_train,at_least_2_utterances,8662e5540650e18c6cff3bc06816bd6f3b224ab97369c829bee8325031f47ed4,20260729,v2
1800,train,2,6.000000,train=0|train_small=0|part=2|test=0,0,2-19,eligible_train,at_least_2_utterances,1c38e9d46ef75c1deba9111b3f9b44e2dd91d8f7c7aafbce98434ca43c3215a2,20260729,v2
1801,train,3,9.000000,train=0|train_small=0|part=3|test=0,0,2-19,eligible_train,at_least_2_utterances,5389c9852dd212f309369d66d89fedc316e1a00f71700c342553390531e6d957,20260729,v2
1802,train,3,9.000000,train=0|train_small=0|part=3|test=0,0,2-19,eligible_train,at_least_2_utterances,0fb4e3da3142505de3f96ee74d0fb0bd85f1d4d2195c0ceeb62ad92245b46d9c,20260729,v2
1803,train,10,30.000000,train=0|train_small=0|part=10|test=0,0,2-19,eligible_train,at_least_2_utterances,ffcd4ee3f84f0dbd649385a4f4d5a66ad902f636110e57795e5fc2ab278f0577,20260729,v2
1804,train,118,354.000000,train=0|train_small=0|part=118|test=0,0,100-199,eligible_train,at_least_2_utterances,a7c87cacf8dd8398df903080173b21172dc1232b0013dcb506b565e8aaefe819,20260729,v2
1805,validation,151,453.000000,train=0|train_small=0|part=151|test=0,0,100-199,eligible_evaluation,at_least_20_utterances,1c7fe3fcfa85ba436d3fd0c1b00c80b628d3852a2f8d7175cc4cee2859512ca5,20260729,v2
1806,train,164,492.000000,train=0|train_small=0|part=164|test=0,0,100-199,eligible_train,at_least_2_utterances,be42cf97088785e1716eb6b90bb055f682cde9e9bff0f4e59ced57a1cfbe1445,20260729,v2
1807,train,47,141.000000,train=0|train_small=0|part=47|test=0,0,20-49,eligible_train,at_least_2_utterances,d24965cb8e6db5c9c287f85dce5969d2d70084dc74bef146ca76ebbfa44fccb8,20260729,v2
1808,train,25,75.000000,train=0|train_small=0|part=25|test=0,0,20-49,eligible_train,at_least_2_utterances,94d8074f0e0c47d192714e57980ffaef92080b6e779b408e617902ef4dab19cc,20260729,v2
1809,train,8,24.000000,train=0|train_small=0|part=8|test=0,0,2-19,eligible_train,at_least_2_utterances,ce6b3b6a4191d1d400200ebe84ab6e2af801a7afe1f5ce106e48e5fe5c3ce1f6,20260729,v2
1810,test,218,654.000000,train=0|train_small=0|part=218|test=0,0,200-499,eligible_evaluation,at_least_20_utterances,3e6faee1f62ddec08a6438200c64c097dc06cf499b8f272bd4f162670ce873c6,20260729,v2
1811,train,34,102.000000,train=0|train_small=0|part=34|test=0,0,20-49,eligible_train,at_least_2_utterances,4d8befe7be212222b6f880e21fbb7d7fbba82aba8ca169ccba82d4a3a5100270,20260729,v2
1812,train,36,108.000000,train=0|train_small=0|part=36|test=0,0,20-49,eligible_train,at_least_2_utterances,706a55b3c7cb73363a318c6b54501bf1eb34b9e60b1abd09e0a65a24d844cdeb,20260729,v2
1813,test,66,198.000000,train=0|train_small=0|part=66|test=0,0,50-99,eligible_evaluation,at_least_20_utterances,364a0017db64f322c0e84cfded675affb9278336db4eee6f4efee5973c5f54ae,20260729,v2
1814,excluded,1,3.000000,train=0|train_small=0|part=1|test=0,0,1,ineligible,singleton_speaker,15a631d1cd6455b18e8fd9be4f9dad7897c2ee57087e95d8ebf1d306792a735e,20260729,v2
1815,train,4,12.000000,train=0|train_small=0|part=4|test=0,0,2-19,eligible_train,at_least_2_utterances,ef46be4d844bc192d086b4c0754910e11f419935971d1985020f847cddf4a3c7,20260729,v2
1816,train,4,12.000000,train=0|train_small=0|part=4|test=0,0,2-19,eligible_train,at_least_2_utterances,72473ed76ae6aa5026a7139d4dc037873c119757c847b4d37438ffcdb9d7da24,20260729,v2
1817,train,2,6.000000,train=0|train_small=0|part=2|test=0,0,2-19,eligible_train,at_least_2_utterances,1886769339027f70ec8b4d40d992da42dbb5ac8fe491087c78e9e830fc61eb77,20260729,v2
1818,train,13,39.000000,train=0|train_small=0|part=13|test=0,0,2-19,eligible_train,at_least_2_utterances,2b24680e6a2530ab4c277296548971ff353bd5e974f993509c1270cae656b00b,20260729,v2
1819,train,11,33.000000,train=0|train_small=0|part=11|test=0,0,2-19,eligible_train,at_least_2_utterances,943bd2408bbab412ea8d8595f9740be9086a4a872d221317af55a6b2ed511a90,20260729,v2
1821,train,167,501.000000,train=0|train_small=0|part=167|test=0,0,100-199,eligible_train,at_least_2_utterances,ed8a3025f226837f6478c02aaa9acbeb8f83688e85dbb8d1524bd33950efe80b,20260729,v2
1822,train,85,255.000000,train=0|train_small=0|part=85|test=0,0,50-99,eligible_train,at_least_2_utterances,ce4b5db786887031ccf04c189bd05d8319e87284093ca17aab63a66ae0731712,20260729,v2
1823,train,3,9.000000,train=0|train_small=0|part=3|test=0,0,2-19,eligible_train,at_least_2_utterances,4e95104b4c3bb73472499cbdb6f8b04b5502698132f7495bba0ec2a491aa82b9,20260729,v2
1824,train,9,27.000000,train=0|train_small=0|part=9|test=0,0,2-19,eligible_train,at_least_2_utterances,73d39cfe0c257036f161937eef337a669bd172819cbf7851fff2c5a0bdf5cb8f,20260729,v2
1825,train,7,21.000000,train=0|train_small=0|part=7|test=0,0,2-19,eligible_train,at_least_2_utterances,b24ce00391c1e92624836d1856754f9cbcbeea76aba11b11ae8d233e13436c05,20260729,v2
1826,train,11,33.000000,train=0|train_small=0|part=11|test=0,0,2-19,eligible_train,at_least_2_utterances,8e309dd3d2aa06d9e4a71ec41453f0fd5397b6d64b4ab1187fd5620141a167fa,20260729,v2
1827,train,18,54.000000,train=0|train_small=0|part=18|test=0,0,2-19,eligible_train,at_least_2_utterances,4c758d43e4cdccdcbd66486d14d37be2b3c19bbf20c977bd2bbc8858cb8ea8e2,20260729,v2
1828,train,413,1239.000000,train=0|train_small=0|part=413|test=0,0,200-499,eligible_train,at_least_2_utterances,c00f40d80ce337a0421384a35b42e751d386e9e5e46cfe5407c7564aa43be048,20260729,v2
1829,train,192,576.000000,train=0|train_small=0|part=192|test=0,0,100-199,eligible_train,at_least_2_utterances,520dbe0d81268b34ba4eec909f6fb53264700d96b7432fcb70ffca4a13b8f072,20260729,v2
1830,test,141,423.000000,train=0|train_small=0|part=141|test=0,0,100-199,eligible_evaluation,at_least_20_utterances,4ce72a18cb2010c0fa70242942e2c6d5412e81f5624e1615b2fb93f68dcb57a1,20260729,v2
1831,train,2,6.000000,train=0|train_small=0|part=2|test=0,0,2-19,eligible_train,at_least_2_utterances,ae5c3d66d9c43a73d2287149c4829af18c5361d653fe69b588cf47de3eb5e2c8,20260729,v2
1832,train,34,102.000000,train=0|train_small=0|part=34|test=0,0,20-49,eligible_train,at_least_2_utterances,e749a7d4e873a9a3573b4bcd50c6b6a1ef4450846e865d96599225a080bdf23e,20260729,v2
1833,train,4,12.000000,train=0|train_small=0|part=4|test=0,0,2-19,eligible_train,at_least_2_utterances,a1a6d6f1669a9d30d5d186d676d610bc1033e96b45dca2b14c7abc59bc2c5b46,20260729,v2
1834,train,164,492.000000,train=0|train_small=0|part=164|test=0,0,100-199,eligible_train,at_least_2_utterances,b9e3f6fa81b9fb149f47aec7c224ca71051ed7c21230bd7d343518734579add5,20260729,v2
1835,train,22,66.000000,train=0|train_small=0|part=22|test=0,0,20-49,eligible_train,at_least_2_utterances,bf06b02d999e759cdbfe813681c3e3feb2c0cbf55d41d412a2f44c66051e3225,20260729,v2
1836,train,2,6.000000,train=0|train_small=0|part=2|test=0,0,2-19,eligible_train,at_least_2_utterances,63aa07dd1ec1ec9ef25aacdbe4e767907c1bc87db197ca2c613eeb5d0248d1ff,20260729,v2
1837,train,5,15.000000,train=0|train_small=0|part=5|test=0,0,2-19,eligible_train,at_least_2_utterances,3ae57776e1e7cfc14eb408be6b8c3b3f279b74f16de86cb9060d78ebb737e3ee,20260729,v2
1838,train,5,15.000000,train=0|train_small=0|part=5|test=0,0,2-19,eligible_train,at_least_2_utterances,40340a966e05a9cf4d5f409430ce18ec043676c77ea7f1d06b6723727c2cb89c,20260729,v2
1839,train,14,42.000000,train=0|train_small=0|part=14|test=0,0,2-19,eligible_train,at_least_2_utterances,2fa85a0ddf0c90554ab22b8c2d782fd2cb24deaf06643a8127d22df0575d148a,20260729,v2
1840,excluded,1,3.000000,train=0|train_small=0|part=1|test=0,0,1,ineligible,singleton_speaker,09b30a9e287ab36e124bb78dd9acfd53e2029d69da4971d656ba287c899259c0,20260729,v2
1841,train,349,1047.000000,train=0|train_small=0|part=349|test=0,0,200-499,eligible_train,at_least_2_utterances,bca5da4878e27441483c604e1a36d989f1d69fbae51af9b20996c11fec7efaa6,20260729,v2
1842,train,11,33.000000,train=0|train_small=0|part=11|test=0,0,2-19,eligible_train,at_least_2_utterances,82426c64695987f8d16ba6c00bcf98ce03a87c7fd09469a78894d02b2131cabf,20260729,v2
1843,train,8,24.000000,train=0|train_small=0|part=8|test=0,0,2-19,eligible_train,at_least_2_utterances,95a8f0dd9637e1d86e10e5a3456c1f384030963ac6ceda3b772fe60d84e16295,20260729,v2
1844,train,80,240.000000,train=0|train_small=0|part=80|test=0,0,50-99,eligible_train,at_least_2_utterances,555822181fbae8fe2d48726f43dd3abf7e824bd65514dee1310ff14f3b376e8c,20260729,v2
1845,train,11,33.000000,train=0|train_small=0|part=11|test=0,0,2-19,eligible_train,at_least_2_utterances,b43df325f6ec62f6145f8065e33b431cbc9b4a2a8abc29f96e8e7f6d969d8f88,20260729,v2
1846,train,4,12.000000,train=0|train_small=0|part=4|test=0,0,2-19,eligible_train,at_least_2_utterances,2a4537b5a3767a762ba707f15b7096dab82804e0bcad5531b4fb94da66e08ded,20260729,v2
1847,train,10,30.000000,train=0|train_small=0|part=10|test=0,0,2-19,eligible_train,at_least_2_utterances,a38d2be9e37dd9ee26ddda82ebc992f881eef8ee63339d076ffb86bfbcf3e6df,20260729,v2
1848,train,3,9.000000,train=0|train_small=0|part=3|test=0,0,2-19,eligible_train,at_least_2_utterances,10664589c98e3f68b1fbff511260d60238d2fb0a57d198618eb1cf48e56d2eab,20260729,v2
1849,train,7,21.000000,train=0|train_small=0|part=7|test=0,0,2-19,eligible_train,at_least_2_utterances,d960eff3e25df84afcc4db34865cfaa3305e7c460c9047f2df8a4cb6a989c976,20260729,v2
1850,train,5,15.000000,train=0|train_small=0|part=5|test=0,0,2-19,eligible_train,at_least_2_utterances,1e5d5f3ed5cc4e72e9e7952fafcb5d246143b8ed65246781059064c5f5744abe,20260729,v2
1851,train,9,27.000000,train=0|train_small=0|part=9|test=0,0,2-19,eligible_train,at_least_2_utterances,7e2388c2546af991a34efb02cbf6d855130738e8ef1af2308b54bcef9255bc98,20260729,v2
1852,train,20,60.000000,train=0|train_small=0|part=20|test=0,0,20-49,eligible_train,at_least_2_utterances,e0a5179e6aa58d9eb7876ed1a3f2602cfad3581263d229373fb5996d39a79865,20260729,v2
1853,train,3,9.000000,train=0|train_small=0|part=3|test=0,0,2-19,eligible_train,at_least_2_utterances,23a0ba5f6b18a156d2d3cebf18725265febb66e7828a0fd80edc900017833d09,20260729,v2
1854,train,59,177.000000,train=0|train_small=0|part=59|test=0,0,50-99,eligible_train,at_least_2_utterances,749f7b6cb926b1bcc48c0879bf2a9918a2afada439007af73a5bdb59e6b53a1e,20260729,v2
1855,train,11,33.000000,train=0|train_small=0|part=11|test=0,0,2-19,eligible_train,at_least_2_utterances,721e96651de8ce60c9dffc84732158d6175a356c3063df2a80b852a9c1513bef,20260729,v2
1856,train,154,462.000000,train=0|train_small=0|part=154|test=0,0,100-199,eligible_train,at_least_2_utterances,ff58eea79c06c33204feb3db24d54e5e8a10b7a2741f18e8bd4a5aa88794215f,20260729,v2
1857,train,12,36.000000,train=0|train_small=0|part=12|test=0,0,2-19,eligible_train,at_least_2_utterances,878ad380732c5c0ff00b15227341735f63b840bd1661a02029692daa856030f0,20260729,v2
1858,train,19,57.000000,train=0|train_small=0|part=19|test=0,0,2-19,eligible_train,at_least_2_utterances,ce191cd9e9742e32b624a7ca20018dceeb9de50f47382fd891ac18ba5eb42fd0,20260729,v2
1859,train,12,36.000000,train=0|train_small=0|part=12|test=0,0,2-19,eligible_train,at_least_2_utterances,4bcd1f865fa7f2961c2d78b3503e0a5d5c278a3c1e84c047c7ec8295d46eee2f,20260729,v2
1860,train,7,21.000000,train=0|train_small=0|part=7|test=0,0,2-19,eligible_train,at_least_2_utterances,8a306b5f34170ea02626c8b72aaf642b63af8c9fc3f6cad4c3865e57b5e15d49,20260729,v2
1861,train,5,15.000000,train=0|train_small=0|part=5|test=0,0,2-19,eligible_train,at_least_2_utterances,794826642212694e81bb6918d2837ff8daca40627819b451700a2ac8c5cdec24,20260729,v2
1862,test,335,1005.000000,train=0|train_small=0|part=335|test=0,0,200-499,eligible_evaluation,at_least_20_utterances,27a5a7a0c4b6ccf3b8f6c5328eab02050f14da0457cc346d79b67ba2eff02dba,20260729,v2
1863,train,6,18.000000,train=0|train_small=0|part=6|test=0,0,2-19,eligible_train,at_least_2_utterances,f3c3d46773cef81a90324b608a00ab104195f022947c72393601c5d3a1000d55,20260729,v2
1864,test,26,78.000000,train=0|train_small=0|part=26|test=0,0,20-49,eligible_evaluation,at_least_20_utterances,2a6444ee9e2fa2321204eb938956892243383ba5ed565e4774d3660abf26d1dc,20260729,v2
1865,train,4,12.000000,train=0|train_small=0|part=4|test=0,0,2-19,eligible_train,at_least_2_utterances,45865b4496ccfa1059bf7ce3a022f42ef7f755f9eea924f2f1922b1d7459db79,20260729,v2
1866,train,2,6.000000,train=0|train_small=0|part=2|test=0,0,2-19,eligible_train,at_least_2_utterances,94e24585e1bee47547f8e7657a7119cc118213685533218f405a88ec2b277b84,20260729,v2
1867,excluded,1,3.000000,train=0|train_small=0|part=1|test=0,0,1,ineligible,singleton_speaker,43b123a130454e642fcce0f1330838dc5a33696a524110ee26cfb91e8496a4d3,20260729,v2
1868,train,3,9.000000,train=0|train_small=0|part=3|test=0,0,2-19,eligible_train,at_least_2_utterances,7d2a1c0aef5a5b4b9e87665f0d0e90608e6c64f9d071868303d6a1ed616ac33b,20260729,v2
1869,train,13,39.000000,train=0|train_small=0|part=13|test=0,0,2-19,eligible_train,at_least_2_utterances,20fb0b7db8e915859db16453f058ddd95a85f0380bab74680e4aa33b957e07dd,20260729,v2
1870,train,177,531.000000,train=0|train_small=0|part=177|test=0,0,100-199,eligible_train,at_least_2_utterances,db9e872711cf7545f539eef97dd0265f2cf76644bb3c85818e7426d44c3db947,20260729,v2
1871,test,157,471.000000,train=0|train_small=0|part=157|test=0,0,100-199,eligible_evaluation,at_least_20_utterances,2a442cfa1fbcc6ba12c62c2c8adf05e1bb4dc4e3df959c46f9c058c0b030974a,20260729,v2
1872,train,2,6.000000,train=0|train_small=0|part=2|test=0,0,2-19,eligible_train,at_least_2_utterances,f5ee652b721d73d1b9d75b52707f40491231bcf197ba8d3360f49ce8a1390a1a,20260729,v2
1873,train,62,186.000000,train=0|train_small=0|part=62|test=0,0,50-99,eligible_train,at_least_2_utterances,b656204a8e35a19c9e57dea8212a5aa9860e67ff0201eb8d4c81b9a4c69d19b2,20260729,v2
1874,train,2,6.000000,train=0|train_small=0|part=2|test=0,0,2-19,eligible_train,at_least_2_utterances,1e4cf526d79768e362ab318b0905756870955f6cb32818cdede5c504f9b47651,20260729,v2
1875,train,17,51.000000,train=0|train_small=0|part=17|test=0,0,2-19,eligible_train,at_least_2_utterances,c8ebad4f15c19f6352261f344f4e7ba90c6ff9ed0372b5daa805c35d2a469881,20260729,v2
1876,train,40,120.000000,train=0|train_small=0|part=40|test=0,0,20-49,eligible_train,at_least_2_utterances,cbe29c1f2f5e482469c29dc756e82d1659d0bbf0f58b061fe799355d87afc8d9,20260729,v2
1877,train,15,45.000000,train=0|train_small=0|part=15|test=0,0,2-19,eligible_train,at_least_2_utterances,bfe302831b961d079de7128a85ada31f31f6d3e5030d481bae49913c87f9b712,20260729,v2
1878,train,10,30.000000,train=0|train_small=0|part=10|test=0,0,2-19,eligible_train,at_least_2_utterances,b73f8cef4a83203f286c522091636ffeb4a9e78cc14e53d204d37ef361b93d64,20260729,v2
1879,train,9,27.000000,train=0|train_small=0|part=9|test=0,0,2-19,eligible_train,at_least_2_utterances,637f809d10a8989e9f9ef53e055aeb0cba981e38cab476e9c6df6a9569e5f8f7,20260729,v2
1880,train,41,123.000000,train=0|train_small=0|part=41|test=0,0,20-49,eligible_train,at_least_2_utterances,ba8d25a691d3a80b34169962cd03bb10d3d4c26d07dd50786954255bccbac74a,20260729,v2
1881,train,2,6.000000,train=0|train_small=0|part=2|test=0,0,2-19,eligible_train,at_least_2_utterances,997fc417050985c6f3ae47c1b53401a8398df8c4a87cc3cdecae17ec5a5f41f1,20260729,v2
1882,train,267,801.000000,train=0|train_small=0|part=267|test=0,0,200-499,eligible_train,at_least_2_utterances,51d3023c76ddca7221868ab64316df29a189882c4e699a0498adad25b3fb3e30,20260729,v2
1883,train,8,24.000000,train=0|train_small=0|part=8|test=0,0,2-19,eligible_train,at_least_2_utterances,7d5fd96af027f2caf054e998b38707f7efdc2d09893d8896b0a5177dedc7eb42,20260729,v2
1884,train,10,30.000000,train=0|train_small=0|part=10|test=0,0,2-19,eligible_train,at_least_2_utterances,bff5b0ece94e0e61262e5eba7c65057f6529e4962ab1e32889452affbdc7f0d3,20260729,v2
1885,train,9,27.000000,train=0|train_small=0|part=9|test=0,0,2-19,eligible_train,at_least_2_utterances,a483c089092e9725ed272b4a846cc8e1d422e36948d1a998fde0bb15e6b0704e,20260729,v2
1886,train,11,33.000000,train=0|train_small=0|part=11|test=0,0,2-19,eligible_train,at_least_2_utterances,bbabefaa111e150cc1b66eba933e2422037dd783573d47117719b3f86366806c,20260729,v2
1887,train,7,21.000000,train=0|train_small=0|part=7|test=0,0,2-19,eligible_train,at_least_2_utterances,1b3c67188dd0cb6382988c326542497516924ac39fc231ccbf2862cb1e084225,20260729,v2
1888,train,9,27.000000,train=0|train_small=0|part=9|test=0,0,2-19,eligible_train,at_least_2_utterances,2ff99f4c77990f46f8615ba46827f56c55670c0d9695c2d15b4da4e67a76f66a,20260729,v2
1889,train,6,18.000000,train=0|train_small=0|part=6|test=0,0,2-19,eligible_train,at_least_2_utterances,19e916b70ecee8a81f1eba91ed1e0bf49f33c5be70c515c6b9b3073c5aea6225,20260729,v2
1890,train,17,51.000000,train=0|train_small=0|part=17|test=0,0,2-19,eligible_train,at_least_2_utterances,2b6ecda131b348a41f562537d9a3bf01505c50c794f65e1864d4eb1a198771b9,20260729,v2
1891,train,5,15.000000,train=0|train_small=0|part=5|test=0,0,2-19,eligible_train,at_least_2_utterances,8b870222422b83ded0407120947e325a16a90725726e096f4f2c8e873fc364da,20260729,v2
1892,train,5,15.000000,train=0|train_small=0|part=5|test=0,0,2-19,eligible_train,at_least_2_utterances,6c9fd85ad5eb200bbe906b32d78a5d68c05efe6b95bd4c65592684beabe4e055,20260729,v2
1893,train,4,12.000000,train=0|train_small=0|part=4|test=0,0,2-19,eligible_train,at_least_2_utterances,496a3ed2292ebb0b1ef9473127c588f410acd4ca174c75a068846fadce651375,20260729,v2
1894,train,7,21.000000,train=0|train_small=0|part=7|test=0,0,2-19,eligible_train,at_least_2_utterances,4cd57dde4d2da3c3503b9ffc691cd4f73effa224c524d594906cc1ba4098260b,20260729,v2
1895,train,3,9.000000,train=0|train_small=0|part=3|test=0,0,2-19,eligible_train,at_least_2_utterances,d2db063d4e68c4b4de1303ec4c42d3318e1027ee12944d6aca72eaa3886e8b2d,20260729,v2
1896,train,9,27.000000,train=0|train_small=0|part=9|test=0,0,2-19,eligible_train,at_least_2_utterances,dcd4d93247792bd62f4703dcbdff965692cbee8b80368a526696e1e851f481f5,20260729,v2
1897,train,8,24.000000,train=0|train_small=0|part=8|test=0,0,2-19,eligible_train,at_least_2_utterances,2aeaad9a7b494f78779687ef7a00047d739af726f1715cfeb602ef5cb7562308,20260729,v2
1898,train,9,27.000000,train=0|train_small=0|part=9|test=0,0,2-19,eligible_train,at_least_2_utterances,cb29da2d5c574c86874c975012574044e72df063dec1b5ef76a71486a1ba2cc8,20260729,v2
1899,train,7,21.000000,train=0|train_small=0|part=7|test=0,0,2-19,eligible_train,at_least_2_utterances,9e9806b08194534de7affd8d6d94b1afa061c04f420ac75ee90d6056bdb7c8ed,20260729,v2
1900,train,8,24.000000,train=0|train_small=0|part=8|test=0,0,2-19,eligible_train,at_least_2_utterances,d5d4e979086ab64bdfa960b29f512bb584a45b3ab420ee0bcfbb99728fd10535,20260729,v2
1901,train,17,51.000000,train=0|train_small=0|part=17|test=0,0,2-19,eligible_train,at_least_2_utterances,31cb9895527a4ffc48fd784ca94167317eca830470f34bfda23a79e227a6ec03,20260729,v2
1902,train,8,24.000000,train=0|train_small=0|part=8|test=0,0,2-19,eligible_train,at_least_2_utterances,a81948373a737e265b4e8fa43b78045aeeca0cdd66a33e4aacc4d4286401c7e0,20260729,v2
1903,train,537,1611.000000,train=0|train_small=0|part=537|test=0,0,500+,eligible_train,at_least_2_utterances,55a19b4b7cfa837a08ceef06d6becf9fcb30a1c29c7443083df478665d3fe240,20260729,v2
1904,train,5,15.000000,train=0|train_small=0|part=5|test=0,0,2-19,eligible_train,at_least_2_utterances,818d39e869913d40a2efc6daa166c6947dbb6419f873913daef8e99d706b137e,20260729,v2
1905,train,5,15.000000,train=0|train_small=0|part=5|test=0,0,2-19,eligible_train,at_least_2_utterances,1cfd70e75d7e45996ebfd1d549d2523a570a66d92d299ba12fd5f4282a38200d,20260729,v2
1906,train,15,45.000000,train=0|train_small=0|part=15|test=0,0,2-19,eligible_train,at_least_2_utterances,6e0a10b05b2b45d857012b01ca145326a29d92548f1e1368633b741304a3783f,20260729,v2
1907,train,33,99.000000,train=0|train_small=0|part=33|test=0,0,20-49,eligible_train,at_least_2_utterances,fb67723b8b3c8bd93c486fc898ed56d0e370da4491f7fc69848b8914dc693864,20260729,v2
1908,excluded,1,3.000000,train=0|train_small=0|part=1|test=0,0,1,ineligible,singleton_speaker,7152033d55aeb0bc62b151ba11ef2cfa539af912df896b995448bfb4bacb16a8,20260729,v2
1909,train,11,33.000000,train=0|train_small=0|part=11|test=0,0,2-19,eligible_train,at_least_2_utterances,18bc20836c44dee35dc2a52a0a59d340d27378aea0c7b5a659613be2cbef2472,20260729,v2
1910,train,5,15.000000,train=0|train_small=0|part=5|test=0,0,2-19,eligible_train,at_least_2_utterances,52ad065ae58d09e1768fd231e46193e4e5a6aff716abcbadfb5156582dab4ebe,20260729,v2
1911,train,10,30.000000,train=0|train_small=0|part=10|test=0,0,2-19,eligible_train,at_least_2_utterances,b89fdd01ac007b61dee30485e883870d7aa8a5cb17084f67a69e63800a4dd836,20260729,v2
1912,train,16,48.000000,train=0|train_small=0|part=16|test=0,0,2-19,eligible_train,at_least_2_utterances,901beb5f67c287a088896f0b03ac061e5cc5fcfabec1bb103d1a23ef8d58d184,20260729,v2
1913,train,10,30.000000,train=0|train_small=0|part=10|test=0,0,2-19,eligible_train,at_least_2_utterances,be9b07f8c445acb66cf5dd43bc416764ab5f55f53e17508cb7b772a24f762ff9,20260729,v2
1914,test,71,213.000000,train=0|train_small=0|part=71|test=0,0,50-99,eligible_evaluation,at_least_20_utterances,3085f54c169b1832857facced00c4a5a54d5d847447483f924afe9d232bad874,20260729,v2
1915,train,95,285.000000,train=0|train_small=0|part=95|test=0,0,50-99,eligible_train,at_least_2_utterances,acb76e0cf97e55db2a0ba1041486e0bb945cd751b2776cde5e007772e7838a12,20260729,v2
1916,train,24,72.000000,train=0|train_small=0|part=24|test=0,0,20-49,eligible_train,at_least_2_utterances,c5d1a91db2b966210de3ca6b17c340e3436fde0c8aee3b0700e3a7f93e2d56db,20260729,v2
1917,test,431,1293.000000,train=0|train_small=0|part=431|test=0,0,200-499,eligible_evaluation,at_least_20_utterances,1f533014b4c8544bf6cdab27061b7bb05bfc7e16a2ac93b5a8b546b5435a8986,20260729,v2
1918,train,3,9.000000,train=0|train_small=0|part=3|test=0,0,2-19,eligible_train,at_least_2_utterances,f25f681395b6d2cfd429c782f02f074b8e191a490a8c426026f29a3eae80909b,20260729,v2
1920,train,3,9.000000,train=0|train_small=0|part=3|test=0,0,2-19,eligible_train,at_least_2_utterances,4e350b53d6c0b5fd94b0c8d6bf878a5f939baf33e7c05bb56fda9e91d882e93a,20260729,v2
1921,train,3,9.000000,train=0|train_small=0|part=3|test=0,0,2-19,eligible_train,at_least_2_utterances,25a7107a2b0346964c510e54753ad32e32d94dd6648824221d24c03b75b84586,20260729,v2
1922,train,3,9.000000,train=0|train_small=0|part=3|test=0,0,2-19,eligible_train,at_least_2_utterances,64cb9c1e31662eb2a4549a220851e2d6278e58dae761c2fde55afb1015e08e3b,20260729,v2
1923,train,3,9.000000,train=0|train_small=0|part=3|test=0,0,2-19,eligible_train,at_least_2_utterances,0f5b6e5db2e37f9146a349f7ba5e7e22ba4bb468f9123a1e450ab2bd35e2a753,20260729,v2
1924,train,2,6.000000,train=0|train_small=0|part=2|test=0,0,2-19,eligible_train,at_least_2_utterances,59f6cac882eadf9de5506e65f991c8002cc1b0c188dd1b53b317f2c8a03e9fea,20260729,v2
1925,train,4,12.000000,train=0|train_small=0|part=4|test=0,0,2-19,eligible_train,at_least_2_utterances,080368fa9abb510a62aa638c513578df2adc3c00926b8fdf1197c8eefb2d5223,20260729,v2
1926,excluded,1,3.000000,train=0|train_small=0|part=1|test=0,0,1,ineligible,singleton_speaker,c5063682c799a457082cb7e00e45816716ee7afb3d23451a7841caa9494734b6,20260729,v2
1927,train,3,9.000000,train=0|train_small=0|part=3|test=0,0,2-19,eligible_train,at_least_2_utterances,d832d7ee6759ef10dbeabb877f3e1188ead60b2afee9f599d51b3b63147bd8b1,20260729,v2
1929,train,2,6.000000,train=0|train_small=0|part=2|test=0,0,2-19,eligible_train,at_least_2_utterances,6489be05d63165607d1dc56fe6cae5fd92edbd3f4c0cfbffd9a18b48e5c93098,20260729,v2
1931,train,3,9.000000,train=0|train_small=0|part=3|test=0,0,2-19,eligible_train,at_least_2_utterances,0d12417991589f2e06a6a9f572a3f62e48c65910f8fabffc08d69a123f1d63e2,20260729,v2
1932,train,4,12.000000,train=0|train_small=0|part=4|test=0,0,2-19,eligible_train,at_least_2_utterances,c3c76bf0b650a64d58e443b7e5d4221b5f76fa644af4637036cb8cde9df70e7d,20260729,v2
1933,excluded,1,3.000000,train=0|train_small=0|part=1|test=0,0,1,ineligible,singleton_speaker,4b977c3a69f7c5b43aa7e5dc861e6a0eb00fc073a22631bbc93d0caafa8b319b,20260729,v2
1935,train,2,6.000000,train=0|train_small=0|part=2|test=0,0,2-19,eligible_train,at_least_2_utterances,c73efe39b3e7bbc565aaad1a5fd002a4de0d7773271738618e4f1ea23345d63f,20260729,v2
1936,excluded,1,3.000000,train=0|train_small=0|part=1|test=0,0,1,ineligible,singleton_speaker,32fe6d6e0941f6c37113b03f572349ced5eec1a11e9a553c43166c17233d9dde,20260729,v2
1937,train,2,6.000000,train=0|train_small=0|part=2|test=0,0,2-19,eligible_train,at_least_2_utterances,9b5db4eee698a429e706bfe9ef371aabbe5c17eafceb2215ccb2ec56d0ba8525,20260729,v2
1938,train,2,6.000000,train=0|train_small=0|part=2|test=0,0,2-19,eligible_train,at_least_2_utterances,1b260261a93be2c0c53a39e047a554b8e2a3b94e4f5c068b2329dae460bdb9e7,20260729,v2
1939,excluded,1,3.000000,train=0|train_small=0|part=1|test=0,0,1,ineligible,singleton_speaker,327124f090e34fb050a9774cfe9c369085db9d72da453a91025c7fe7f1e0aa41,20260729,v2
1940,train,2,6.000000,train=0|train_small=0|part=2|test=0,0,2-19,eligible_train,at_least_2_utterances,b68394bba082fd5e6f04d7a5a4501a7bc950036e4082c10c45ac11a3845f273a,20260729,v2
1941,train,2,6.000000,train=0|train_small=0|part=2|test=0,0,2-19,eligible_train,at_least_2_utterances,2444cec8db3f8bb3f1ed552e8bedf37879e2a67621c8c35e9323fdb8468ddf85,20260729,v2
1943,train,3,9.000000,train=0|train_small=0|part=3|test=0,0,2-19,eligible_train,at_least_2_utterances,54a49aa5c5339e192fbd8e55755a6b3439de2120a26fb8e54c29dec9d8ee7283,20260729,v2
1944,train,4,12.000000,train=0|train_small=0|part=4|test=0,0,2-19,eligible_train,at_least_2_utterances,08cf835abcd1391972658b82217feb221f409fb94d173ab8292ae143f0cbf912,20260729,v2
1946,train,3,9.000000,train=0|train_small=0|part=3|test=0,0,2-19,eligible_train,at_least_2_utterances,b4e4a69b340c02bd65aa3e144fc4e8af85a666296bffb0b282fcab9aeff1da7a,20260729,v2
1947,train,3,9.000000,train=0|train_small=0|part=3|test=0,0,2-19,eligible_train,at_least_2_utterances,703c46a6b8a57d660288b1a99924e1d7c4d821ea7d2d01f1fe20caee5c6372c7,20260729,v2
1948,excluded,1,3.000000,train=0|train_small=0|part=1|test=0,0,1,ineligible,singleton_speaker,42b351bfb409cd357ddf5f6403b34fe335df89d2465132fdcb5db8726611db72,20260729,v2
1949,train,18,54.000000,train=0|train_small=0|part=18|test=0,0,2-19,eligible_train,at_least_2_utterances,1533720e1c1d382f04e4c51e70d8af5f34ad54928c5f9d2eb66694e072f33829,20260729,v2
1950,train,13,39.000000,train=0|train_small=0|part=13|test=0,0,2-19,eligible_train,at_least_2_utterances,f3c066ff1f78038551891fc124332a83030c1416ffc8151e14228bdc1bd11bff,20260729,v2
1952,train,2,6.000000,train=0|train_small=0|part=2|test=0,0,2-19,eligible_train,at_least_2_utterances,8a8bb7b396efb21e6e936f6d5f25afe7e022d51e1a8f53f319217efe1a098ee3,20260729,v2
1953,train,2,6.000000,train=0|train_small=0|part=2|test=0,0,2-19,eligible_train,at_least_2_utterances,8d158a21b652f758b41f750a59cbef1d3ff997ce7b6a9448c9ebc6be7849f798,20260729,v2
1954,train,2,6.000000,train=0|train_small=0|part=2|test=0,0,2-19,eligible_train,at_least_2_utterances,982ff09390d91a894032f17401d0796e329cc2e92b6cbf9c266fd950fa288819,20260729,v2
1955,train,2,6.000000,train=0|train_small=0|part=2|test=0,0,2-19,eligible_train,at_least_2_utterances,d577b7cc2a1936ac82f548fa13f1ed450361bb27ffdfb50401726a8388ec1016,20260729,v2
1956,train,2,6.000000,train=0|train_small=0|part=2|test=0,0,2-19,eligible_train,at_least_2_utterances,088a3f1bd8861f48cbca3bf807052da211be0cd228e74e3a016bbf8808e030e2,20260729,v2
1957,train,43,129.000000,train=0|train_small=0|part=43|test=0,0,20-49,eligible_train,at_least_2_utterances,a17d533d1166e42d1543e47b36799b6f563f78589ee5a2022efaeb452b6c18ad,20260729,v2
1958,train,103,309.000000,train=0|train_small=0|part=103|test=0,0,100-199,eligible_train,at_least_2_utterances,759f8a487db34f15cfe4c156a93da1792706b55ac1355fc71b5a985a7d9857e5,20260729,v2
1959,train,6,18.000000,train=0|train_small=0|part=6|test=0,0,2-19,eligible_train,at_least_2_utterances,c9b624829950ce7df8b1b903be8c2022e7088b682ceeea3aa0cbd7780bf8466a,20260729,v2
1960,train,3,9.000000,train=0|train_small=0|part=3|test=0,0,2-19,eligible_train,at_least_2_utterances,675fb84f0b341e183d63a8548e383690636c405518377904944dd292b4710e95,20260729,v2
1961,train,13,39.000000,train=0|train_small=0|part=13|test=0,0,2-19,eligible_train,at_least_2_utterances,1ab91aad77da3db66afd655b69cf582c2af2d25ab5b0c169bb934152e939a18d,20260729,v2
1962,test,112,336.000000,train=0|train_small=0|part=112|test=0,0,100-199,eligible_evaluation,at_least_20_utterances,2cd2a0d2ab6c1782b18a81523c0dae5b17f66286e0e4ee33d3d7ba3e46d40c25,20260729,v2
1963,train,6,18.000000,train=0|train_small=0|part=6|test=0,0,2-19,eligible_train,at_least_2_utterances,9b59fcf26a0ca0675ac4fa1f029fd6f33325a0c4e10ca0e65f00c3e2dcd88754,20260729,v2
1964,train,9,27.000000,train=0|train_small=0|part=9|test=0,0,2-19,eligible_train,at_least_2_utterances,999d0891e2be46c3d9b744fc0977d7a261e541ac5c4c01ce21ad99ea5261033f,20260729,v2
1965,train,15,45.000000,train=0|train_small=0|part=15|test=0,0,2-19,eligible_train,at_least_2_utterances,d2647fb7c607cf7bb2f88fa25b1884f11214d7e36b15dbd8fb1d5324fe7fc29b,20260729,v2
1966,train,11,33.000000,train=0|train_small=0|part=11|test=0,0,2-19,eligible_train,at_least_2_utterances,2147716b437891dc35cb74d098f25e42ccf99d1aa86eb8e652aae895a98e9eb5,20260729,v2
1967,train,4,12.000000,train=0|train_small=0|part=4|test=0,0,2-19,eligible_train,at_least_2_utterances,5cd7dd98f454ff5c90cee6145ed08f1acdf9357c85ab3121244d240ec0ef6956,20260729,v2
1968,train,3,9.000000,train=0|train_small=0|part=3|test=0,0,2-19,eligible_train,at_least_2_utterances,c69417c28635fd5970ffac63bbc858bc24d8d6aec8420282ee68911a69888a24,20260729,v2
1969,excluded,1,3.000000,train=0|train_small=0|part=1|test=0,0,1,ineligible,singleton_speaker,0a6ec6eb68e09c6c5a2b9ce8f1c71686479372d580233cb9d69609c7a3c3406c,20260729,v2
1971,train,3,9.000000,train=0|train_small=0|part=3|test=0,0,2-19,eligible_train,at_least_2_utterances,f23f228818fc36a61272c9d5fd81ae53c24a208ed84c138a72087a4fc6d32a39,20260729,v2
1972,train,3,9.000000,train=0|train_small=0|part=3|test=0,0,2-19,eligible_train,at_least_2_utterances,e1adc95116a3bdd05773da18f428598bac6cd4ae44d6baa04ac0b2014cffc051,20260729,v2
1973,train,2,6.000000,train=0|train_small=0|part=2|test=0,0,2-19,eligible_train,at_least_2_utterances,a6d36bf1db818300b9694a52dd87594e4aeef2659fa0fa69f0b07cd736dc2c46,20260729,v2
1974,train,27,81.000000,train=0|train_small=0|part=27|test=0,0,20-49,eligible_train,at_least_2_utterances,43cb8bba0a3da60f3dfb4192bd712ae02124fd246b91d2c7fd29d9723ae5ce87,20260729,v2
1975,train,3,9.000000,train=0|train_small=0|part=3|test=0,0,2-19,eligible_train,at_least_2_utterances,263ce3a70d2b3800e350e4df83b63a4e59948e4b58fbdabfab4f08e6e1813bd8,20260729,v2
1976,train,2,6.000000,train=0|train_small=0|part=2|test=0,0,2-19,eligible_train,at_least_2_utterances,5a084a522dd3741cc76bf019cc4155097651a25b24956bcd2d201e1a8c4a7d8e,20260729,v2
1977,train,3,9.000000,train=0|train_small=0|part=3|test=0,0,2-19,eligible_train,at_least_2_utterances,79ca653b8255ffd0a39c0547242fa5d9fbb1677c5d9fd8f9d3da6eb54f91e8f7,20260729,v2
1978,train,4,12.000000,train=0|train_small=0|part=4|test=0,0,2-19,eligible_train,at_least_2_utterances,486fa596bb55449fc7dc009cab0d8c3915511fd57948a0fcec26b584a782cd59,20260729,v2
1979,excluded,1,3.000000,train=0|train_small=0|part=1|test=0,0,1,ineligible,singleton_speaker,e3e3c775c5b71a2d3f7257744990a631782481475d5f79719ee8a64be43e0d79,20260729,v2
1980,excluded,1,3.000000,train=0|train_small=0|part=1|test=0,0,1,ineligible,singleton_speaker,293650b7a456b81e701bb6c1281425c0b1158c3d825cfa6bd468837ef24171db,20260729,v2
1981,excluded,1,3.000000,train=0|train_small=0|part=1|test=0,0,1,ineligible,singleton_speaker,2b761aa69852dbfeab9240185cea21b16a0d7cf5e4b5004cf12802566774b7ce,20260729,v2
1982,train,2,6.000000,train=0|train_small=0|part=2|test=0,0,2-19,eligible_train,at_least_2_utterances,a09530559ff87667a923ffdd57ccedad0028a048e79605eeba4574c3952d271b,20260729,v2
1983,excluded,1,3.000000,train=0|train_small=0|part=1|test=0,0,1,ineligible,singleton_speaker,a428a9d45a18b18b76b24f0169208cb8ef1e8a279f7e787e6af91f5ded7606e9,20260729,v2
1984,excluded,1,3.000000,train=0|train_small=0|part=1|test=0,0,1,ineligible,singleton_speaker,70388b7ed0df28d829d2d262c8cb556d45fbedf834313120820fc19fb80ddd64,20260729,v2
1985,train,3,9.000000,train=0|train_small=0|part=3|test=0,0,2-19,eligible_train,at_least_2_utterances,c4bf8674b396f7147f66245d870cc44d2a00790acbebcff1d56937722c7e1a7c,20260729,v2
1986,validation,30,90.000000,train=0|train_small=0|part=30|test=0,0,20-49,eligible_evaluation,at_least_20_utterances,0a7ac1d40d108da4de0ea25879032714a499b42154cf6b28bf499204d056c7a9,20260729,v2
1988,train,193,579.000000,train=0|train_small=0|part=193|test=0,0,100-199,eligible_train,at_least_2_utterances,babe12e5de029c9f418126e059eddc95bc727ec7009851ad706b85afa5314e0f,20260729,v2
1989,train,71,213.000000,train=0|train_small=0|part=71|test=0,0,50-99,eligible_train,at_least_2_utterances,6ceb7efa0935f484ad66f85b9f5e1e209760bc656d41bab80b9b393aaf7a01d5,20260729,v2
1990,train,20,60.000000,train=0|train_small=0|part=20|test=0,0,20-49,eligible_train,at_least_2_utterances,958121f5703c7e44f05b83769f17206d9139186f397e1f033db1395a2fd937d1,20260729,v2
1991,train,5,15.000000,train=0|train_small=0|part=5|test=0,0,2-19,eligible_train,at_least_2_utterances,71425bcf500327071859efae94a72c6e87b8aa671fc7f611cc7582badfd3278f,20260729,v2
1992,train,6,18.000000,train=0|train_small=0|part=6|test=0,0,2-19,eligible_train,at_least_2_utterances,3d84ccdfed64cc306963e77290f0cd09b554ead84e6132c92cfcf0c21a0b4220,20260729,v2
1993,train,10,30.000000,train=0|train_small=0|part=10|test=0,0,2-19,eligible_train,at_least_2_utterances,220e53ad88d394c85e1e0350fbb0e10e7ffeaecb8e2b709f0b43fdccb8e63f40,20260729,v2
1994,train,108,324.000000,train=0|train_small=0|part=108|test=0,0,100-199,eligible_train,at_least_2_utterances,962ddba6eb1e043ad15de34df2c4eb42c94abeb8259e983fb90cdde7ca0031d1,20260729,v2
1995,train,13,39.000000,train=0|train_small=0|part=13|test=0,0,2-19,eligible_train,at_least_2_utterances,283ec4a2d206b19c75281422a8d83f042269a994e99baee9ceb1b92041176e46,20260729,v2
1996,train,41,123.000000,train=0|train_small=0|part=41|test=0,0,20-49,eligible_train,at_least_2_utterances,9cda9c069527a51d0a0b3751b6dad0a127677959812f2e3642ae4d60b4080666,20260729,v2
1997,train,9,27.000000,train=0|train_small=0|part=9|test=0,0,2-19,eligible_train,at_least_2_utterances,8c3859ddb860b24b6441e21a144401cb210276a402ee07ca5d81dbe6da98ce8a,20260729,v2
1998,train,46,138.000000,train=0|train_small=0|part=46|test=0,0,20-49,eligible_train,at_least_2_utterances,cfc196571637edfdbb1968fe5598e5411eb71d031f2ef492c6af51ccb98a4d43,20260729,v2
1999,train,107,321.000000,train=0|train_small=0|part=107|test=0,0,100-199,eligible_train,at_least_2_utterances,eef7cf57d512653f00f1a05f35c8f42d7f65a86b9f75bd526795908034cc4e26,20260729,v2
2000,train,10,30.000000,train=0|train_small=0|part=10|test=0,0,2-19,eligible_train,at_least_2_utterances,2bb017d7c02c9ba96f3a3b5b34e525635cdaa88fbca60866a63ec9628b98213c,20260729,v2
2001,train,8,24.000000,train=0|train_small=0|part=8|test=0,0,2-19,eligible_train,at_least_2_utterances,381d9c5c62fb37e75780a176e7a3ec1db2fa9b84270b5cc5819c676cddda46d6,20260729,v2
2002,train,9,27.000000,train=0|train_small=0|part=9|test=0,0,2-19,eligible_train,at_least_2_utterances,9b18d2da282858dadb49dda9249633361db0016d80b853e25de1c185af7da359,20260729,v2
2003,train,21,63.000000,train=0|train_small=0|part=21|test=0,0,20-49,eligible_train,at_least_2_utterances,9f205e6f70591f0c9cddebee32184118435049fd83eb32b8853823a496b73ab1,20260729,v2
2004,train,65,195.000000,train=0|train_small=0|part=65|test=0,0,50-99,eligible_train,at_least_2_utterances,e995efb155264304ce9077ecd7dffaf33dc19e69ff87e366a74f5c5706a1b8b6,20260729,v2
2005,train,11,33.000000,train=0|train_small=0|part=11|test=0,0,2-19,eligible_train,at_least_2_utterances,408e1d9f0e8d459bd0f5e8f4ec6dcd5604ab92b44cc091f98ff5f7fcb3928759,20260729,v2
2006,train,10,30.000000,train=0|train_small=0|part=10|test=0,0,2-19,eligible_train,at_least_2_utterances,6db74d656ba232673854905859220a7d7d82c91ee0565fcef198d51cca1a30db,20260729,v2
2007,train,193,579.000000,train=0|train_small=0|part=193|test=0,0,100-199,eligible_train,at_least_2_utterances,750c4bbc3f3d48b9d69d31d641b66d7e079b65459b3073306d3687f581a77dac,20260729,v2
2008,train,143,429.000000,train=0|train_small=0|part=143|test=0,0,100-199,eligible_train,at_least_2_utterances,e5a59cf1935b06cfe101df204daf09efc8a5d858b735f101e23b9b870cbead0f,20260729,v2
2009,train,96,288.000000,train=0|train_small=0|part=96|test=0,0,50-99,eligible_train,at_least_2_utterances,b30f6de2e5a8e0cd33051fc99637f6db490db708a46865cbeef8ff105b56e248,20260729,v2
2010,train,9,27.000000,train=0|train_small=0|part=9|test=0,0,2-19,eligible_train,at_least_2_utterances,0af751b873be59dca7131f2e55fed4be8eff73b74f13c8bb55413603896983b5,20260729,v2
2011,train,65,195.000000,train=0|train_small=0|part=65|test=0,0,50-99,eligible_train,at_least_2_utterances,b0f0a45eeeefbf0615eabfce36eaf3b70c5884d185731e6dcf2940b12e9f8a77,20260729,v2
2012,train,15,45.000000,train=0|train_small=0|part=15|test=0,0,2-19,eligible_train,at_least_2_utterances,a363db5a1344ca685343d559859304c7e4ea98abceb774c28b00ab3e8d896bd9,20260729,v2
2013,train,7,21.000000,train=0|train_small=0|part=7|test=0,0,2-19,eligible_train,at_least_2_utterances,e58f1bdbed47d4c233ce712a7c099ca0302cf3076e9ca80b6d3ec242280bb5bb,20260729,v2
2014,train,2,6.000000,train=0|train_small=0|part=2|test=0,0,2-19,eligible_train,at_least_2_utterances,77e0e930483c2c6ae113264db206c9f76d6bb4bdd87065f4781b324b0a271fec,20260729,v2
2016,excluded,1,3.000000,train=0|train_small=0|part=1|test=0,0,1,ineligible,singleton_speaker,532d7b0c233cf21553c469d27bbe7aec61da470a495ccd79af009a5129affc5f,20260729,v2
2017,train,3,9.000000,train=0|train_small=0|part=3|test=0,0,2-19,eligible_train,at_least_2_utterances,0136744bc986129d9fe31710bf293a7607cd89d015101e9ffe4c54f159d27f32,20260729,v2
2018,train,4,12.000000,train=0|train_small=0|part=4|test=0,0,2-19,eligible_train,at_least_2_utterances,8be11f8ea8b3efd10d1d27fce9a08f83fd91ad86f80f516001e7f46bd2b7ba73,20260729,v2
2019,train,6,18.000000,train=0|train_small=0|part=6|test=0,0,2-19,eligible_train,at_least_2_utterances,e82c1725d88f06c9d68d39d52bd39f4aeebe936d8525feb1dd9ed21f6ec09cb2,20260729,v2
2020,train,51,153.000000,train=0|train_small=0|part=51|test=0,0,50-99,eligible_train,at_least_2_utterances,679ac3028234084a4d700845e9a4b0355573f5798c54056f619955fc239ec4f1,20260729,v2
2021,train,19,57.000000,train=0|train_small=0|part=19|test=0,0,2-19,eligible_train,at_least_2_utterances,fed1c3276683bce6804403abb5baa54f0b269de0782cf3c6bb2a1923bbea51d4,20260729,v2
2022,train,7,21.000000,train=0|train_small=0|part=7|test=0,0,2-19,eligible_train,at_least_2_utterances,0b178fca0fbc73a6e5dddcf80bc820c58af55fa5015c11f58390816fb2f4d444,20260729,v2
2023,train,3,9.000000,train=0|train_small=0|part=3|test=0,0,2-19,eligible_train,at_least_2_utterances,5e574655db93992ae45ad105726487ab818ccbbe5c33b0a94b4a52b4b4783059,20260729,v2
2024,test,85,255.000000,train=0|train_small=0|part=85|test=0,0,50-99,eligible_evaluation,at_least_20_utterances,32f1ab62f5b0cb8c3a86d324de6c510f45025d6029db65fe13f5d84970e4e0cc,20260729,v2
2025,train,81,243.000000,train=0|train_small=0|part=81|test=0,0,50-99,eligible_train,at_least_2_utterances,b414972f46bc8a7cb8fb80c961218a8ff0731e9a669d46ef0e6d3e6e7bd4cd74,20260729,v2
2026,train,17,51.000000,train=0|train_small=0|part=17|test=0,0,2-19,eligible_train,at_least_2_utterances,0a9e032163ec580a160fd742d284b6779d64c82412d2ed9f4117350c7afe5070,20260729,v2
2027,train,114,342.000000,train=0|train_small=0|part=114|test=0,0,100-199,eligible_train,at_least_2_utterances,f914cfee6c42eef342c8e00d648cf5f8bb9f47a3cd4ec00c598486a3a4af6946,20260729,v2
2028,train,130,390.000000,train=0|train_small=0|part=130|test=0,0,100-199,eligible_train,at_least_2_utterances,821ec427194b138fa1bc9dd9201a2372141718071c54ba6d1d6a3bffe93bb08a,20260729,v2
2029,train,123,369.000000,train=0|train_small=0|part=123|test=0,0,100-199,eligible_train,at_least_2_utterances,a11947cec2d7d5cd5140e0b465193e4c5475bd25375ac2b7056201a907f3deb3,20260729,v2
2030,test,45,135.000000,train=0|train_small=0|part=45|test=0,0,20-49,eligible_evaluation,at_least_20_utterances,353aecf08841e4e4d61cc969eb55ff4a46d23997c2a45fcd7073f1288f8982fe,20260729,v2
2031,train,5,15.000000,train=0|train_small=0|part=5|test=0,0,2-19,eligible_train,at_least_2_utterances,6e58a5cb17bec89814308eff40f1e18c38ff0142055ebec1d09c3ac700d7fa32,20260729,v2
2032,train,10,30.000000,train=0|train_small=0|part=10|test=0,0,2-19,eligible_train,at_least_2_utterances,eb40583a3bbb6c330095bba63c6d095621b6973f581385701d3df46da756beac,20260729,v2
2033,train,22,66.000000,train=0|train_small=0|part=22|test=0,0,20-49,eligible_train,at_least_2_utterances,b6c31facee368f2d6fb040c85cbda6e73cd59b6f4cebabb9d404cfb60f63c200,20260729,v2
2034,train,24,72.000000,train=0|train_small=0|part=24|test=0,0,20-49,eligible_train,at_least_2_utterances,5468aa03aa5c8907e6c350168b47699f56914b666aaef55dadf41f9ef10288c7,20260729,v2
2035,train,13,39.000000,train=0|train_small=0|part=13|test=0,0,2-19,eligible_train,at_least_2_utterances,2b48d94b013341d5a399fb4fc0106acc8fd3873268f2b1ef3f4d9e80055ecb6f,20260729,v2
2036,train,108,324.000000,train=0|train_small=0|part=108|test=0,0,100-199,eligible_train,at_least_2_utterances,f15bc2e08b67e64ee60b2caf7933685c79fc265ddfda59bfe6d2a10ce180d059,20260729,v2
2037,train,9,27.000000,train=0|train_small=0|part=9|test=0,0,2-19,eligible_train,at_least_2_utterances,b7a8e4403225200094142a0af4f66cb794c51c267aadbb35b83d35e735484aae,20260729,v2
2038,train,10,30.000000,train=0|train_small=0|part=10|test=0,0,2-19,eligible_train,at_least_2_utterances,c77160ccf0a568e41533c221de35e62973e6150e2dda50828f9d8dc7f64f1929,20260729,v2
2039,excluded,1,3.000000,train=0|train_small=0|part=1|test=0,0,1,ineligible,singleton_speaker,cc0f0976cb5bf78f86b456a4cf50fcc4d357f680db858f256f614575a40cf191,20260729,v2
2040,train,6,18.000000,train=0|train_small=0|part=6|test=0,0,2-19,eligible_train,at_least_2_utterances,71c2705534fa0f8f57c9371f4f9c9b9e65b49878e5c0df8457178425a963e13e,20260729,v2
2041,train,55,165.000000,train=0|train_small=0|part=55|test=0,0,50-99,eligible_train,at_least_2_utterances,cbb7b6c446ed5eef4854fb34e34f454f6120df883f07e0ff4b937d0356725eb6,20260729,v2
2042,train,28,84.000000,train=0|train_small=0|part=28|test=0,0,20-49,eligible_train,at_least_2_utterances,f248761f259f7fd0897e44964b85e014c92b1ba261b7de306c1c7cd7ca5f7c24,20260729,v2
2043,train,182,546.000000,train=0|train_small=0|part=182|test=0,0,100-199,eligible_train,at_least_2_utterances,9736bc1550166fed1cc01e3ea753a6bb729d436e1d83cd7d67b9e63fd4ae46f6,20260729,v2
2044,train,4,12.000000,train=0|train_small=0|part=4|test=0,0,2-19,eligible_train,at_least_2_utterances,1c70e768e70d72ccadec2ad8d74c9bd7c6ff72b3516b1193813a1cf349f5e88e,20260729,v2
2045,train,15,45.000000,train=0|train_small=0|part=15|test=0,0,2-19,eligible_train,at_least_2_utterances,8e161b1b3a5a5900d1ddd36ebe045c77168e2e9023d405b6f282f2b3e091aaaa,20260729,v2
2046,train,6,18.000000,train=0|train_small=0|part=6|test=0,0,2-19,eligible_train,at_least_2_utterances,444849b1d09624981ee9518643d87ddc1d921886dd859dbbdae66c7a727e870c,20260729,v2
2047,train,3,9.000000,train=0|train_small=0|part=3|test=0,0,2-19,eligible_train,at_least_2_utterances,29e6a6463ac2e351bc2ad6cb36d2d3285e52eae428c38302ddad145ada8bb504,20260729,v2
2048,train,20,60.000000,train=0|train_small=0|part=20|test=0,0,20-49,eligible_train,at_least_2_utterances,9272ed4d8cefe1000a8c78fb7acdeb7c41fb45a4fdd613d1f2048df30d0feb0e,20260729,v2
2049,train,2,6.000000,train=0|train_small=0|part=2|test=0,0,2-19,eligible_train,at_least_2_utterances,c3f6289ac7e9b7c6d49a066ff20c898f19506b9f637bfddbc167af8ee4c0292f,20260729,v2
2050,train,2,6.000000,train=0|train_small=0|part=2|test=0,0,2-19,eligible_train,at_least_2_utterances,cc5ca8ddbce34b4175f7590a60345922ca75069e092658cf1690af3a05fe086b,20260729,v2
2051,train,13,39.000000,train=0|train_small=0|part=13|test=0,0,2-19,eligible_train,at_least_2_utterances,5055dc9739f8bb2b42a11a5c87f44add3a0e985e4973f324ec0a051082a0285a,20260729,v2
2052,validation,179,537.000000,train=0|train_small=0|part=179|test=0,0,100-199,eligible_evaluation,at_least_20_utterances,1bb0511cc5f7ac4b928bbeeeba5fe04d61fce388f265cfb3870a9e23d0ce7201,20260729,v2
2053,train,15,45.000000,train=0|train_small=0|part=15|test=0,0,2-19,eligible_train,at_least_2_utterances,efcacf54cd95b0a6f6d164f7da4e41041c4dc41cef27bc4ada5559baa874e4f1,20260729,v2
2054,train,2,6.000000,train=0|train_small=0|part=2|test=0,0,2-19,eligible_train,at_least_2_utterances,add0498197b283dc83049f904ecd13efb46e3e2856f189c28387297c6a8ae680,20260729,v2
2055,train,8,24.000000,train=0|train_small=0|part=8|test=0,0,2-19,eligible_train,at_least_2_utterances,e94ab3231e30ea0552639386311b5e0758af8ebb88b4af1c74f1c3fdb56b6fd5,20260729,v2
2056,train,40,120.000000,train=0|train_small=0|part=40|test=0,0,20-49,eligible_train,at_least_2_utterances,f8023e68a7a37284b5fb814aadd24e494a1d166a93d0827bece786932324b86f,20260729,v2
2057,train,11,33.000000,train=0|train_small=0|part=11|test=0,0,2-19,eligible_train,at_least_2_utterances,aa6f1b8c6a5c72f81c460148c4e83c92b24a2cd2a79e489fb67d4a3a9ae9afc4,20260729,v2
2058,train,26,78.000000,train=0|train_small=0|part=26|test=0,0,20-49,eligible_train,at_least_2_utterances,ceab88038b902ec972e56f47045e5bb95f95b9d02d43776e2ff8c0810f745fae,20260729,v2
2059,train,2,6.000000,train=0|train_small=0|part=2|test=0,0,2-19,eligible_train,at_least_2_utterances,4746cf63f3dcfd2de5c8dbda35581686bd8991363c097c4e71f4cfb1a1876c27,20260729,v2
2060,test,20,60.000000,train=0|train_small=0|part=20|test=0,0,20-49,eligible_evaluation,at_least_20_utterances,1efd19493a327182462fed0b75bb195b0b63a42fa453fee60a6acc9e692565f4,20260729,v2
2061,train,18,54.000000,train=0|train_small=0|part=18|test=0,0,2-19,eligible_train,at_least_2_utterances,69f3d8abd37f7d476ccf67e275c70e6dc25f5bcec35d65bcbc72fd2013d87707,20260729,v2
2062,train,18,54.000000,train=0|train_small=0|part=18|test=0,0,2-19,eligible_train,at_least_2_utterances,536b5489a54361a64a90135e6e267450671570c7afc724c6373bc5a88b0c7fc3,20260729,v2
2063,train,25,75.000000,train=0|train_small=0|part=25|test=0,0,20-49,eligible_train,at_least_2_utterances,f02d5b279655a0c302bc4ffe376060c4925eb39d6f90084882281a5ff7823a97,20260729,v2
2064,train,19,57.000000,train=0|train_small=0|part=19|test=0,0,2-19,eligible_train,at_least_2_utterances,82014e6312a32bbebaf0be52930c5bfca3d2862ce9934e358a5ba14d7eabd567,20260729,v2
2065,train,13,39.000000,train=0|train_small=0|part=13|test=0,0,2-19,eligible_train,at_least_2_utterances,b53a732e91661c3851a619e7fab5bb1bc7ae8cb8f8b1894cd81f4b8ca892fd8b,20260729,v2
2066,train,73,219.000000,train=0|train_small=0|part=73|test=0,0,50-99,eligible_train,at_least_2_utterances,62359b35759858b47ac1120c389aa71855eb1112618fc45803f4eb6128094a60,20260729,v2
2067,excluded,1,3.000000,train=0|train_small=0|part=1|test=0,0,1,ineligible,singleton_speaker,b2d0503aebfc3a5ddf0a6a0e8bc744d14ddaff3e1aa72e7e83f4db0f1e1ef7c3,20260729,v2
2068,train,138,414.000000,train=0|train_small=0|part=138|test=0,0,100-199,eligible_train,at_least_2_utterances,f1d6ecbef6d10834152e9a18089e982386d46536a934af66bcb370bb8a746549,20260729,v2
2069,train,15,45.000000,train=0|train_small=0|part=15|test=0,0,2-19,eligible_train,at_least_2_utterances,7acb1ba5abd151d6575e56035fb4dd77b959d8488f3f9c092563ec12b01b73d1,20260729,v2
2070,excluded,1,3.000000,train=0|train_small=0|part=1|test=0,0,1,ineligible,singleton_speaker,0a041c5ea448caa86c9c92dda8b90752f63c01c079301e69d0cf923383a1cd1f,20260729,v2
2071,excluded,1,3.000000,train=0|train_small=0|part=1|test=0,0,1,ineligible,singleton_speaker,08d487f099b4661a8f92c185da66add42d64bf374ae4f65e364e6ad117d804e6,20260729,v2
2072,train,2,6.000000,train=0|train_small=0|part=2|test=0,0,2-19,eligible_train,at_least_2_utterances,cc0793464b980b1de837db2429495cf9397bc2e98d76c4d21f71fed648982591,20260729,v2
2073,train,4,12.000000,train=0|train_small=0|part=4|test=0,0,2-19,eligible_train,at_least_2_utterances,fe948d5ea31c6c86a78904cd72b17804ded4c5c3405e7e3e5049ba0439808ed9,20260729,v2
2074,train,5,15.000000,train=0|train_small=0|part=5|test=0,0,2-19,eligible_train,at_least_2_utterances,efdd89051a592ec59b351ae47ee282f8eebde3c003b5498a9e87a8338c34abd1,20260729,v2
2075,excluded,1,3.000000,train=0|train_small=0|part=1|test=0,0,1,ineligible,singleton_speaker,61e8bcec546137ec993ce37ad826eb3c558153f3ebcbd21b37bbb639a8382a14,20260729,v2
2076,train,3,9.000000,train=0|train_small=0|part=3|test=0,0,2-19,eligible_train,at_least_2_utterances,d84de0b542ab1c781b919c2b334a1de7f3666d222fb9e16684d3a965c29be7b0,20260729,v2
2077,train,3,9.000000,train=0|train_small=0|part=3|test=0,0,2-19,eligible_train,at_least_2_utterances,f58b24e843d6af8a7065695550dfcf3c046ae52d531933cc432b6f40792c2db5,20260729,v2
2078,train,2,6.000000,train=0|train_small=0|part=2|test=0,0,2-19,eligible_train,at_least_2_utterances,a830488b070f9c359b4a4a66b1927195f85aececd303ecd8ec1b3f37b9736783,20260729,v2
2079,train,2,6.000000,train=0|train_small=0|part=2|test=0,0,2-19,eligible_train,at_least_2_utterances,4da6a73061badf16ac389cc9a23855f2a7998e2baf87e4145931f4368337d732,20260729,v2
2080,excluded,1,3.000000,train=0|train_small=0|part=1|test=0,0,1,ineligible,singleton_speaker,d8065d98a5b0546d6adf0de1a9a0b4773680521b804423a17cde9fd6c6b851e3,20260729,v2
2081,excluded,1,3.000000,train=0|train_small=0|part=1|test=0,0,1,ineligible,singleton_speaker,9603b891564f85abae0a9843717e9b529767813ef3a7631565cc63c368dcb7a1,20260729,v2
2082,train,3,9.000000,train=0|train_small=0|part=3|test=0,0,2-19,eligible_train,at_least_2_utterances,33b00ebb57c7533e353493eb84f1b753e6e7e24c369791b71dbad72ee298d511,20260729,v2
2083,excluded,1,3.000000,train=0|train_small=0|part=1|test=0,0,1,ineligible,singleton_speaker,d8de251096635eb8d7bd7568572185697cc1c7ed67226f940db662cf4c78d618,20260729,v2
2084,excluded,1,3.000000,train=0|train_small=0|part=1|test=0,0,1,ineligible,singleton_speaker,222d97902bc2fde50d28d87093368cb1c8e147ac04783d950bf4ff1771cc6e82,20260729,v2
2085,excluded,1,3.000000,train=0|train_small=0|part=1|test=0,0,1,ineligible,singleton_speaker,897fd617844059f64afbef9e09b0fd3141cb46c82ce111966d674619cb6b8b52,20260729,v2
2086,train,3,9.000000,train=0|train_small=0|part=3|test=0,0,2-19,eligible_train,at_least_2_utterances,924a1a188f39b7ed1acc400a5567f429706e3487c533ad66e9a87890b3f6a80a,20260729,v2
2087,train,2,6.000000,train=0|train_small=0|part=2|test=0,0,2-19,eligible_train,at_least_2_utterances,cf7ec29c16ba492580c56c56c2171c1f8672fa8a80e102fab6ca4201bb5dcac2,20260729,v2
2088,train,3,9.000000,train=0|train_small=0|part=3|test=0,0,2-19,eligible_train,at_least_2_utterances,a22455a58abf3e815ed06707e6a63e7e592a1bd230aab02cb89c91dba8d13997,20260729,v2
2090,train,2,6.000000,train=0|train_small=0|part=2|test=0,0,2-19,eligible_train,at_least_2_utterances,9e7e9a59f2d48fcc75858054476aab1b3985bef5b7433691718d7cc924ffd6ba,20260729,v2
2091,excluded,1,3.000000,train=0|train_small=0|part=1|test=0,0,1,ineligible,singleton_speaker,92255ebd1832621b378a37bc499907dc126103293f55d60f2e4c9720dfb0b62a,20260729,v2
2092,train,5,15.000000,train=0|train_small=0|part=5|test=0,0,2-19,eligible_train,at_least_2_utterances,9e870fed8d9a28036610f0c416ec611a22273c2f2d5daebca7ad819799402dea,20260729,v2
2093,train,14,42.000000,train=0|train_small=0|part=14|test=0,0,2-19,eligible_train,at_least_2_utterances,80b4613e06afca0d15b8b682a34cb05aeaee0d05f03caafa04d1162558bcc284,20260729,v2
2094,train,568,1704.000000,train=0|train_small=0|part=568|test=0,0,500+,eligible_train,at_least_2_utterances,7bb8838564987d7dc43d96e61929b1e8040ac4498159b0d366bd9c5a4d7d8e98,20260729,v2
2095,excluded,1,3.000000,train=0|train_small=0|part=1|test=0,0,1,ineligible,singleton_speaker,6065f43a7eae5a4eddbee23117965a49ed8139212ba44be333bf41ce80391226,20260729,v2
2096,excluded,1,3.000000,train=0|train_small=0|part=1|test=0,0,1,ineligible,singleton_speaker,5c237d82608315694b24ae94c0ca12b4536930d3dc11f7b158f0549eeed84c68,20260729,v2
2097,train,2,6.000000,train=0|train_small=0|part=2|test=0,0,2-19,eligible_train,at_least_2_utterances,7f281d8e2f9914eb1f84c93be798635440d7af462563b066c3a6b7ecadae51ee,20260729,v2
2098,train,3,9.000000,train=0|train_small=0|part=3|test=0,0,2-19,eligible_train,at_least_2_utterances,755f78053117ac198397a03f2d18a705ce84009949c5b3a42cfb5563dbade5ba,20260729,v2
2099,validation,95,285.000000,train=0|train_small=0|part=95|test=0,0,50-99,eligible_evaluation,at_least_20_utterances,103bb995d83d5f1e99e3db2bfa5ddfcf3007f5a335e8cb659097dd21c9964437,20260729,v2
2100,train,2,6.000000,train=0|train_small=0|part=2|test=0,0,2-19,eligible_train,at_least_2_utterances,32927ecc1c3be2e08711afdb4ae8e34af0466924fc8b8e849065b612fb2e57fe,20260729,v2
2101,train,2,6.000000,train=0|train_small=0|part=2|test=0,0,2-19,eligible_train,at_least_2_utterances,3a3d86126b64d5b2f5722862b886e4b31d3a5b543481b532d8d1f26c7a3be9d9,20260729,v2
2102,train,4,12.000000,train=0|train_small=0|part=4|test=0,0,2-19,eligible_train,at_least_2_utterances,176661b28db2754331df869d29634eafef59eb1147b1734b468e2c6378455c59,20260729,v2
2103,train,5,15.000000,train=0|train_small=0|part=5|test=0,0,2-19,eligible_train,at_least_2_utterances,73d901c5b858d7895702b39d5b778390d83d8853ade8e4d504dc125a5a7f94f6,20260729,v2
2104,validation,43,129.000000,train=0|train_small=0|part=43|test=0,0,20-49,eligible_evaluation,at_least_20_utterances,0679a5e5338854fe98064ade592816d68384ef5b5f5ef0a5681b5f33dfbb5727,20260729,v2
2105,validation,49,147.000000,train=0|train_small=0|part=49|test=0,0,20-49,eligible_evaluation,at_least_20_utterances,03e72d1d181e16e6afcfa57caa9883b0ac98dc6290838e3a66b23ce80043e7fd,20260729,v2
2106,train,4,12.000000,train=0|train_small=0|part=4|test=0,0,2-19,eligible_train,at_least_2_utterances,adee3009d0d80711e1bd3551f0950bc27ee2d2c605a0e3252c0b9e4f7c74808f,20260729,v2
2107,train,8,24.000000,train=0|train_small=0|part=8|test=0,0,2-19,eligible_train,at_least_2_utterances,5e200e250e18af1e73c83ed73b7df3b87e605134f7f93a28d4a83dc307b42ff0,20260729,v2
2108,train,12,36.000000,train=0|train_small=0|part=12|test=0,0,2-19,eligible_train,at_least_2_utterances,4680056f6cd8443a491b7e9ac313df791cdf9d4f6f135b8f97872c7d58e510bb,20260729,v2
2109,train,15,45.000000,train=0|train_small=0|part=15|test=0,0,2-19,eligible_train,at_least_2_utterances,7b827c776b97ff471f314957712b4d04005d5ef9f8de8e2fe0f15f177b942c9d,20260729,v2
2110,validation,97,291.000000,train=0|train_small=0|part=97|test=0,0,50-99,eligible_evaluation,at_least_20_utterances,1ff9c519647e16045b112396d09e5bf1a20cd5f45577e812f5a0c68850e64b25,20260729,v2
2111,train,7,21.000000,train=0|train_small=0|part=7|test=0,0,2-19,eligible_train,at_least_2_utterances,ee0d06ec3ef1a6bf6638060ddb2ce164663747f4becf7fe546895b2964c55369,20260729,v2
2112,train,6,18.000000,train=0|train_small=0|part=6|test=0,0,2-19,eligible_train,at_least_2_utterances,9564bcde9eeaa026fdf0f2e248d1cc199493f8fd5dee2eaf9ca99a395f338bd7,20260729,v2
2113,validation,124,372.000000,train=0|train_small=0|part=124|test=0,0,100-199,eligible_evaluation,at_least_20_utterances,2623655110547976fbafd088b0940a7e75fc547ff90f56ae0a0fa5f444ec37cb,20260729,v2
2114,train,5,15.000000,train=0|train_small=0|part=5|test=0,0,2-19,eligible_train,at_least_2_utterances,1ddf9938875c0dd7c8ec7a7a74dc9024a9dd5421bae5f3961e04efeec3c0f949,20260729,v2
2115,train,163,489.000000,train=0|train_small=0|part=163|test=0,0,100-199,eligible_train,at_least_2_utterances,c71637e6e7c3d59bc0315d11f95c6d5c71aedd0458205edae748248e52e896cc,20260729,v2
2116,train,5,15.000000,train=0|train_small=0|part=5|test=0,0,2-19,eligible_train,at_least_2_utterances,d6af2c581404211e160e2f54f03977ad9d4e1d3cb94248c855eea491f44cfea3,20260729,v2
2117,train,2,6.000000,train=0|train_small=0|part=2|test=0,0,2-19,eligible_train,at_least_2_utterances,518bf2a8b01fc39b0ffc6a43a2c5c0e8086a017b74f79ccc47a4fddf657294a1,20260729,v2
2118,train,9,27.000000,train=0|train_small=0|part=9|test=0,0,2-19,eligible_train,at_least_2_utterances,eb821ccc414a785b6ae33fb06d60107b7b57ed12441292a7da9746e1af6aa129,20260729,v2
2119,train,8,24.000000,train=0|train_small=0|part=8|test=0,0,2-19,eligible_train,at_least_2_utterances,7c00e8f778bf05a6ed5597f3ea43a9a900b2f5978829bf19e26d73b7a35020a3,20260729,v2
2120,train,10,30.000000,train=0|train_small=0|part=10|test=0,0,2-19,eligible_train,at_least_2_utterances,1f188c1211b009908aadd3e6d31a2af51a5383678085a66babd5849e60a457f6,20260729,v2
2121,train,6,18.000000,train=0|train_small=0|part=6|test=0,0,2-19,eligible_train,at_least_2_utterances,574dde4dd072aa6fb1dc746522eb2f42e0d75234ee5653a5a111e72185f15fbc,20260729,v2
2122,train,7,21.000000,train=0|train_small=0|part=7|test=0,0,2-19,eligible_train,at_least_2_utterances,08e8fd0ed751769237622280a2ffb15c8cda1928c38d986d348e7a89532d13af,20260729,v2
2123,train,9,27.000000,train=0|train_small=0|part=9|test=0,0,2-19,eligible_train,at_least_2_utterances,d4d911fae6bb089f1616ccecaa390d631e52928e3f245251c90095b5032c1a58,20260729,v2
2124,train,7,21.000000,train=0|train_small=0|part=7|test=0,0,2-19,eligible_train,at_least_2_utterances,953d4aa2aeb43f86aeb4c48d67b85543105eb1c2663287638ea3426c6d113804,20260729,v2
2125,train,18,54.000000,train=0|train_small=0|part=18|test=0,0,2-19,eligible_train,at_least_2_utterances,2a844538ca7ca089612bf5b5563e86ba5565cae72acc476c4d43a946874ff3c9,20260729,v2
2126,train,2,6.000000,train=0|train_small=0|part=2|test=0,0,2-19,eligible_train,at_least_2_utterances,3035593827e0ed261a994ffb20bca84cb2909a218f36d5a3ab43379cb0806359,20260729,v2
2127,train,2,6.000000,train=0|train_small=0|part=2|test=0,0,2-19,eligible_train,at_least_2_utterances,a94c9df763971ccfab16d7de80324617594caa0ec5bcdfed115b146c90e322dc,20260729,v2
2128,validation,78,234.000000,train=0|train_small=0|part=78|test=0,0,50-99,eligible_evaluation,at_least_20_utterances,1acfbebe034eddd3f8d6cb630f8b9c03e80b25c2d9268926c5ae08e35bed6fb1,20260729,v2
2129,train,9,27.000000,train=0|train_small=0|part=9|test=0,0,2-19,eligible_train,at_least_2_utterances,1a6e97c104e998167d12fc63e88958e086cab523dfb462294cfc4100681e91a7,20260729,v2
2130,train,2,6.000000,train=0|train_small=0|part=2|test=0,0,2-19,eligible_train,at_least_2_utterances,e4d382d1d1e179c9e939898bd899c43a400bb42110e029f47867be7fc97622e7,20260729,v2
2131,test,178,534.000000,train=0|train_small=0|part=178|test=0,0,100-199,eligible_evaluation,at_least_20_utterances,34a20ded49b6fb2682caa94b1ef320fc46231b80b69d3d86fc8fdd68d5d0ec38,20260729,v2
2132,excluded,1,3.000000,train=0|train_small=0|part=1|test=0,0,1,ineligible,singleton_speaker,58b08ffb3dc1bf55f17fe70c387f81fa9fc7224d19e8767bdde6899f84146125,20260729,v2
2133,train,8,24.000000,train=0|train_small=0|part=8|test=0,0,2-19,eligible_train,at_least_2_utterances,2fb1e51fa873413404bfd8a84045dc65e3d8695e8ad64a801260094ae339b7d4,20260729,v2
2134,train,6,18.000000,train=0|train_small=0|part=6|test=0,0,2-19,eligible_train,at_least_2_utterances,11a8e5d316aa9676fed7c6e65be5d880daecedb10b9fa098c3ecae11f7cf492f,20260729,v2
2135,train,128,384.000000,train=0|train_small=0|part=128|test=0,0,100-199,eligible_train,at_least_2_utterances,7ba5f2035a532afd794be4bff047149ea28b9df7a51220b519168976ef7108c9,20260729,v2
2136,test,28,84.000000,train=0|train_small=0|part=28|test=0,0,20-49,eligible_evaluation,at_least_20_utterances,33afdb2cbf32b5688c0652d008b9a2314589aacbd321f1e3cd2abe7ad868493f,20260729,v2
2137,train,107,321.000000,train=0|train_small=0|part=107|test=0,0,100-199,eligible_train,at_least_2_utterances,c7f9434e1fe314b277d2cc21aa02dcb48a36272e0e9b8d6f4c5eee64719276e5,20260729,v2
2138,train,62,186.000000,train=0|train_small=0|part=62|test=0,0,50-99,eligible_train,at_least_2_utterances,aef08a94e0c373855ed813b3d2f278bb563c14d6e68e132ec4ccfc365179a503,20260729,v2
2139,train,10,30.000000,train=0|train_small=0|part=10|test=0,0,2-19,eligible_train,at_least_2_utterances,c189955cd5f1dbb103e2954b2ba6dc89c36ddc7c2173d9ef050dda6b81119bd5,20260729,v2
2141,train,7,21.000000,train=0|train_small=0|part=7|test=0,0,2-19,eligible_train,at_least_2_utterances,8f6c5b05dd80c6241129e94c603659f98c5e4999cd5a6990b6aa084dac27b8f2,20260729,v2
2142,train,9,27.000000,train=0|train_small=0|part=9|test=0,0,2-19,eligible_train,at_least_2_utterances,375797ea8f8e433ef6599dbbe7724852f47192519753a46f572f7eeb0503e256,20260729,v2
2143,train,85,255.000000,train=0|train_small=0|part=85|test=0,0,50-99,eligible_train,at_least_2_utterances,e49af57f937f9cb4c10aa37a20107da3dddd88f62d57de7fa48b42063ebec342,20260729,v2
2144,excluded,1,3.000000,train=0|train_small=0|part=1|test=0,0,1,ineligible,singleton_speaker,07d11efdc4f60b12bb84bbe295701cc30eaf4ef17edba6d9ba54d6c6e5dacf86,20260729,v2
2145,excluded,1,3.000000,train=0|train_small=0|part=1|test=0,0,1,ineligible,singleton_speaker,a2757e8973006d54a00ca5de5c2c6b184a644d88daac3629788bcbcae50c9826,20260729,v2
2146,train,89,267.000000,train=0|train_small=0|part=89|test=0,0,50-99,eligible_train,at_least_2_utterances,c1b20b0701d0fe6183f55c27b56eb5de0e2da6bac3c869c5de0ea36c34b84a2f,20260729,v2
2147,train,19,57.000000,train=0|train_small=0|part=19|test=0,0,2-19,eligible_train,at_least_2_utterances,8e4d76d09f7a38902501da3c2259391f8f2ccca8ab1873038ecc6346996187d5,20260729,v2
2148,train,12,36.000000,train=0|train_small=0|part=12|test=0,0,2-19,eligible_train,at_least_2_utterances,db1236b83bddca89e5aa875455605f32b2ebf0cd51a42dca06f314fd6e6e5bb6,20260729,v2
2149,excluded,1,3.000000,train=0|train_small=0|part=1|test=0,0,1,ineligible,singleton_speaker,63f5c964763a8371d263e1f4746fff7e3de567abd68a3566cc94e79a7a259ed0,20260729,v2
2150,train,169,507.000000,train=0|train_small=0|part=169|test=0,0,100-199,eligible_train,at_least_2_utterances,7d8ddbca69c53560c8118d4490a09c2a5819046ed14f3a5d47d0644c9e5dcb73,20260729,v2
2151,train,21,63.000000,train=0|train_small=0|part=21|test=0,0,20-49,eligible_train,at_least_2_utterances,8a9a59af93627186d2320c8d85bdd1400d5ee99e02ec6a0b0528f70448002665,20260729,v2
2152,test,21,63.000000,train=0|train_small=0|part=21|test=0,0,20-49,eligible_evaluation,at_least_20_utterances,3b11455c84a764d9bc89af38a82dabe00f2d8ea100aea4ff8b8392fc010d5854,20260729,v2
2153,train,10,30.000000,train=0|train_small=0|part=10|test=0,0,2-19,eligible_train,at_least_2_utterances,dc74499e491604f26e8246118e76d59dcdf8f738ac7f9fd85a2ea5614aa6bb17,20260729,v2
2154,train,190,570.000000,train=0|train_small=0|part=190|test=0,0,100-199,eligible_train,at_least_2_utterances,e42e5613da85186202a27389943c42ffaddcd7c14e529b830342db3a3abb3d69,20260729,v2
2155,train,88,264.000000,train=0|train_small=0|part=88|test=0,0,50-99,eligible_train,at_least_2_utterances,8d7298626c35a9d057221ce11ea8242b2bb0c7d88d3ce9cd226cd7e733c44ca3,20260729,v2
2156,train,256,768.000000,train=0|train_small=0|part=256|test=0,0,200-499,eligible_train,at_least_2_utterances,c52bdcdcdfce6a519dd12e80809bc2946f408de5d6d613df8c54c60459e0c9cd,20260729,v2
2157,train,25,75.000000,train=0|train_small=0|part=25|test=0,0,20-49,eligible_train,at_least_2_utterances,71e6de29f7091371766376a1bd0f2046fb8e20892d1c260ae65338b0b214bdc9,20260729,v2
2158,train,134,402.000000,train=0|train_small=0|part=134|test=0,0,100-199,eligible_train,at_least_2_utterances,dc56c3fc54d6c76214f6dc22d34408152fd898e93a85b04d41c8eef616c81db9,20260729,v2
2159,train,12,36.000000,train=0|train_small=0|part=12|test=0,0,2-19,eligible_train,at_least_2_utterances,74c4b40e601d49e78ef2cf2d8d07cbe001398d97842ac46d10d3b498601618d3,20260729,v2
2160,train,8,24.000000,train=0|train_small=0|part=8|test=0,0,2-19,eligible_train,at_least_2_utterances,998e56842aca989fa060cd4db0155f46dacbe8a7eb608f0680006a285273d54e,20260729,v2
2161,train,11,33.000000,train=0|train_small=0|part=11|test=0,0,2-19,eligible_train,at_least_2_utterances,9d2d7bcec8e2c0cb04bb0bb82bca381c7f35aa0e55ba3408cf4fc6f05fb41a33,20260729,v2
2162,train,114,342.000000,train=0|train_small=0|part=114|test=0,0,100-199,eligible_train,at_least_2_utterances,74bd83c8181b7d2416b7e56358cea1239fb356ade1620fccecf8c39ef3e9eae9,20260729,v2
2163,train,7,21.000000,train=0|train_small=0|part=7|test=0,0,2-19,eligible_train,at_least_2_utterances,db75f236711a04c5ff2ae7485322ee18d9805c2f0a51f6292fad9da0c731704f,20260729,v2
2164,validation,389,1167.000000,train=0|train_small=0|part=389|test=0,0,200-499,eligible_evaluation,at_least_20_utterances,115672d1e0e7c4b767169a62490dd8560efb6ff5fc52786b3c4f753ecbe59b3f,20260729,v2
2165,train,34,102.000000,train=0|train_small=0|part=34|test=0,0,20-49,eligible_train,at_least_2_utterances,c0c6a217759499a93d7895d1688cd0fb8e6bfe80ee81209edb6cf14d1a2c4c1d,20260729,v2
2166,train,8,24.000000,train=0|train_small=0|part=8|test=0,0,2-19,eligible_train,at_least_2_utterances,217ea99a0e72fe7d0f2d4e72e4e227b079d451d0ed296afebab8ff151b0a8704,20260729,v2
2167,train,9,27.000000,train=0|train_small=0|part=9|test=0,0,2-19,eligible_train,at_least_2_utterances,b2c0311206d0a35b23de5b2775ec7fbabd6cef898b504f23765f823d56cbf965,20260729,v2
2168,train,155,465.000000,train=0|train_small=0|part=155|test=0,0,100-199,eligible_train,at_least_2_utterances,bbde896cedeb74870e0bbec34024d1e43015231f7ac77d81e0d520048ff98159,20260729,v2
2169,train,6,18.000000,train=0|train_small=0|part=6|test=0,0,2-19,eligible_train,at_least_2_utterances,1b8d52102edf413c323e40c41a62d4c4a84b347d230f33b6792b8e415c3c1009,20260729,v2
2170,train,118,354.000000,train=0|train_small=0|part=118|test=0,0,100-199,eligible_train,at_least_2_utterances,b5e65684ae8c3a4a23e5a90cd6c74dff3146bb80e42e76d741a18f567ad0e971,20260729,v2
2171,train,15,45.000000,train=0|train_small=0|part=15|test=0,0,2-19,eligible_train,at_least_2_utterances,cd42696b7305e5ccd091d5d98df9711da734986905c9e3a34e09e9bc139f5d96,20260729,v2
2172,validation,188,564.000000,train=0|train_small=0|part=188|test=0,0,100-199,eligible_evaluation,at_least_20_utterances,0d95d927f361f923c755feb4d374e56981f07118e1b85dddd92e9b2b70286628,20260729,v2
2173,train,17,51.000000,train=0|train_small=0|part=17|test=0,0,2-19,eligible_train,at_least_2_utterances,bc84c215ba5089b8d074629200305712dd62768f99dc795889a946fa5686c242,20260729,v2
2174,excluded,1,3.000000,train=0|train_small=0|part=1|test=0,0,1,ineligible,singleton_speaker,c5f3f34de185490964c1b876b6387da394189d85e272a46cbb2f805912c96ada,20260729,v2
2175,train,4,12.000000,train=0|train_small=0|part=4|test=0,0,2-19,eligible_train,at_least_2_utterances,12f61d83a9c4cced2f154f8594106f5d182961687e7854ef7eef0d86e6e16c2a,20260729,v2
2176,train,32,96.000000,train=0|train_small=0|part=32|test=0,0,20-49,eligible_train,at_least_2_utterances,4ead652bed01e1b925b62bcd6c3c9af4535880c32df0168747442c29c503e2c8,20260729,v2
2177,train,11,33.000000,train=0|train_small=0|part=11|test=0,0,2-19,eligible_train,at_least_2_utterances,2b0a681c1df96b28f9de922deadc523f8ab29967ed67f24701747c362d9bc985,20260729,v2
2178,excluded,1,3.000000,train=0|train_small=0|part=1|test=0,0,1,ineligible,singleton_speaker,988b44dec8e87a9d5c5266b80f07757006ff199d68fe97a33956fc08874396b4,20260729,v2
2180,validation,38,114.000000,train=0|train_small=0|part=38|test=0,0,20-49,eligible_evaluation,at_least_20_utterances,116d6a0755023924f44d1b644434085ed281d1912d52afa8fb87161bdb335cb8,20260729,v2
2181,validation,22,66.000000,train=0|train_small=0|part=22|test=0,0,20-49,eligible_evaluation,at_least_20_utterances,13c00e0bade562b0a9729d64c940e18ba8ace248208e491310d80d34cf27b961,20260729,v2
2182,train,6,18.000000,train=0|train_small=0|part=6|test=0,0,2-19,eligible_train,at_least_2_utterances,d6033ff98d48a00be19b62ce95c3779f77338368c92287d57d1c794c1763e291,20260729,v2
2183,train,6,18.000000,train=0|train_small=0|part=6|test=0,0,2-19,eligible_train,at_least_2_utterances,bdeb067d3ac879bd503ece64cc9fca0770b5957b79615cc57d85cef7f7ba7a8d,20260729,v2
2184,train,2,6.000000,train=0|train_small=0|part=2|test=0,0,2-19,eligible_train,at_least_2_utterances,6f5921463a1ab8efdd1d6a9b3b0e0ad85719c0c10eb1231f43f6f22c6cdbfe08,20260729,v2
2185,train,9,27.000000,train=0|train_small=0|part=9|test=0,0,2-19,eligible_train,at_least_2_utterances,850ba85ce6a663fcb772e96dfe785760660251f53d5b3594c457ef312e60c674,20260729,v2
2186,excluded,1,3.000000,train=0|train_small=0|part=1|test=0,0,1,ineligible,singleton_speaker,3f4ffe6e8614594307a57592ff164ebbf7ea12161b5417826e06cb7e4e2bb574,20260729,v2
2187,train,10,30.000000,train=0|train_small=0|part=10|test=0,0,2-19,eligible_train,at_least_2_utterances,3ca10b80be2e54ce5bc8d8db3fdcf37b0c892b0cbf7e1464312c53d619b50d37,20260729,v2
2188,train,14,42.000000,train=0|train_small=0|part=14|test=0,0,2-19,eligible_train,at_least_2_utterances,4579985def2140f2000c40e4d14168d0c8f7e53f885607f545a3881d786a49b8,20260729,v2
2189,test,76,228.000000,train=0|train_small=0|part=76|test=0,0,50-99,eligible_evaluation,at_least_20_utterances,2764f37a0036e4716039831f97bbd19d38d67b913cbb58da3fdbbf817cbc8efd,20260729,v2
2190,train,53,159.000000,train=0|train_small=0|part=53|test=0,0,50-99,eligible_train,at_least_2_utterances,430d135b346a1d67acddbe596ac63cb90e44b0c0cc80fdd750327eba2b1f1788,20260729,v2
2191,train,33,99.000000,train=0|train_small=0|part=33|test=0,0,20-49,eligible_train,at_least_2_utterances,a8e636efd42454d02a33871a3e658fba5c90a5878a1e6b04407c811419cd0fcf,20260729,v2
2192,train,4,12.000000,train=0|train_small=0|part=4|test=0,0,2-19,eligible_train,at_least_2_utterances,52f74f0e50cb2950ec43194a2c1e07fc7ab6608350ac09a15ddcd8b1ac25e81a,20260729,v2
2193,train,2,6.000000,train=0|train_small=0|part=2|test=0,0,2-19,eligible_train,at_least_2_utterances,c8a2780f704bb1657686900baf18599bfd423c7b63d9af3bbf168c2d2cd33041,20260729,v2
2194,test,20,60.000000,train=0|train_small=0|part=20|test=0,0,20-49,eligible_evaluation,at_least_20_utterances,34864d62df3c1f4758359c882c926a2b7e9d36b257a718fec46ee1e6fd509083,20260729,v2
2195,train,11,33.000000,train=0|train_small=0|part=11|test=0,0,2-19,eligible_train,at_least_2_utterances,cc09bff9c7c774c4fd72d21f84bc1bd3cc2b1a238d1d154af07386c6e7d68b6e,20260729,v2
2196,train,6,18.000000,train=0|train_small=0|part=6|test=0,0,2-19,eligible_train,at_least_2_utterances,1690897a06c95810a8cf66eed5c4f10268b3dfb545b9e30566c7da9aa570c7fe,20260729,v2
2197,train,22,66.000000,train=0|train_small=0|part=22|test=0,0,20-49,eligible_train,at_least_2_utterances,805ebe220808b76ed8bbe62388f8b44109b4536eca4990dfa1ddf29191448da3,20260729,v2
2198,train,4,12.000000,train=0|train_small=0|part=4|test=0,0,2-19,eligible_train,at_least_2_utterances,552546a61947d621a2969f659c8a119e843b8a3c962013f35896cbedb4c35b8b,20260729,v2
2199,train,121,363.000000,train=0|train_small=0|part=121|test=0,0,100-199,eligible_train,at_least_2_utterances,971330a85b247d5146cc1748999fd605f049074c19f94cfb748a82119fc47be2,20260729,v2
2200,train,13,39.000000,train=0|train_small=0|part=13|test=0,0,2-19,eligible_train,at_least_2_utterances,b72e7a94a7b246f305fc55fd10d487faa914867b088d64d1dbd451ea91528a34,20260729,v2
2201,test,269,807.000000,train=0|train_small=0|part=269|test=0,0,200-499,eligible_evaluation,at_least_20_utterances,2df4aba53dd46da62e878518ad09d593c50cb00edcf79f22b802d41a601eae1c,20260729,v2
2202,train,13,39.000000,train=0|train_small=0|part=13|test=0,0,2-19,eligible_train,at_least_2_utterances,49b84c35328c88689198a0ebff98f11bfb7081acaec468718175d248472c8ff2,20260729,v2
2203,train,19,57.000000,train=0|train_small=0|part=19|test=0,0,2-19,eligible_train,at_least_2_utterances,d7559a125c23f3b6bf52f34b8e55d55f3ab19dee97382202cc1c998b4996882b,20260729,v2
2204,train,15,45.000000,train=0|train_small=0|part=15|test=0,0,2-19,eligible_train,at_least_2_utterances,a013431fd55b244018a76ed981c1c515e37f64239a9eede30c61c0c779049af7,20260729,v2
2205,train,3,9.000000,train=0|train_small=0|part=3|test=0,0,2-19,eligible_train,at_least_2_utterances,6e08fcac638dad7806b4b88ba8dcdf3d78042d1df7e7d63353ed840664510468,20260729,v2
2206,train,73,219.000000,train=0|train_small=0|part=73|test=0,0,50-99,eligible_train,at_least_2_utterances,448e2bcd3daf226f8213ae8a75e3d5652b3d2c4dc4625ff68ec78ff6bddc6f38,20260729,v2
2207,train,41,123.000000,train=0|train_small=0|part=41|test=0,0,20-49,eligible_train,at_least_2_utterances,85b8abacc3bd3a75470de7a720e5a687eaddc7d542bfc30bdbf8e4a462c27eeb,20260729,v2
2208,train,6,18.000000,train=0|train_small=0|part=6|test=0,0,2-19,eligible_train,at_least_2_utterances,17ca9a513d16b8544123cdb031d24c110bbecbe8d0a818bbba4f2054225ec799,20260729,v2
2209,train,8,24.000000,train=0|train_small=0|part=8|test=0,0,2-19,eligible_train,at_least_2_utterances,9948470376c7c03f688dd7fd4814827410e73347a09829031685160abc021fd0,20260729,v2
2210,train,17,51.000000,train=0|train_small=0|part=17|test=0,0,2-19,eligible_train,at_least_2_utterances,5b8b9ce8b4ba8eea78ac90cde0c97b930276d2951b2d1ed71a1d1afb009a039b,20260729,v2
2211,train,4,12.000000,train=0|train_small=0|part=4|test=0,0,2-19,eligible_train,at_least_2_utterances,3f76e129a0bb069e52ba21a68f2689a974f6f0ea93e553460f44537e25cf9a9b,20260729,v2
2212,train,15,45.000000,train=0|train_small=0|part=15|test=0,0,2-19,eligible_train,at_least_2_utterances,af434fc04d2b6b10ebea2b80bac8ad993a284cc4b2bd60e0a303b2993f36def7,20260729,v2
2213,train,12,36.000000,train=0|train_small=0|part=12|test=0,0,2-19,eligible_train,at_least_2_utterances,ccbfccc0c06adeee671940827dbd72690db2191769fc4edad0d52ad122154455,20260729,v2
2214,train,34,102.000000,train=0|train_small=0|part=34|test=0,0,20-49,eligible_train,at_least_2_utterances,b6d34747521de9fc9e4967a261e14265346cb4a46618aa1bde3825b47e74a236,20260729,v2
2215,train,4,12.000000,train=0|train_small=0|part=4|test=0,0,2-19,eligible_train,at_least_2_utterances,13e660a64b35037eb3d2a4fa13696b3cece1fccec53beb5a853a928d9db83a3d,20260729,v2
2216,train,8,24.000000,train=0|train_small=0|part=8|test=0,0,2-19,eligible_train,at_least_2_utterances,5ddf6b3cd2133c129c66be860e946e8e84596a93877ca586160bd588634023c1,20260729,v2
2217,train,35,105.000000,train=0|train_small=0|part=35|test=0,0,20-49,eligible_train,at_least_2_utterances,846eb3447608980f81e029a651d78eb26c8c1e1608261c2284cd760f05588761,20260729,v2
2218,test,62,186.000000,train=0|train_small=0|part=62|test=0,0,50-99,eligible_evaluation,at_least_20_utterances,241acb204c22f1f50beafd1791a408574d03a4736351776a4a224c269426b0e5,20260729,v2
2219,train,2,6.000000,train=0|train_small=0|part=2|test=0,0,2-19,eligible_train,at_least_2_utterances,954ab7865428fbb2010f83c10e452888becee60f8f7d4031d6701b742d4a2617,20260729,v2
2220,train,219,657.000000,train=0|train_small=0|part=219|test=0,0,200-499,eligible_train,at_least_2_utterances,dad1d0b0a8254f101bb2c8198e503b4288f8449b5e1c71947b53e36556bc27a9,20260729,v2
2221,validation,104,312.000000,train=0|train_small=0|part=104|test=0,0,100-199,eligible_evaluation,at_least_20_utterances,224dc504a41cff1f618fc5d512fd23360dbf51cf6935b5c0c1354ff795b6c601,20260729,v2
2222,train,52,156.000000,train=0|train_small=0|part=52|test=0,0,50-99,eligible_train,at_least_2_utterances,5c7f72c27eb9b90776b2321c9cfbfdec57a1ef936a4ef6845a5230a9cddd138b,20260729,v2
2223,test,54,162.000000,train=0|train_small=0|part=54|test=0,0,50-99,eligible_evaluation,at_least_20_utterances,337c25cb896d570fef6e62be0e93f0e2689d1da57b6677e4ea440b4145444213,20260729,v2
2224,train,211,633.000000,train=0|train_small=0|part=211|test=0,0,200-499,eligible_train,at_least_2_utterances,63a7992b41de8296bf71577e64351513b69ed8e712a5333d07b9e4a3c5d10058,20260729,v2
2225,train,5,15.000000,train=0|train_small=0|part=5|test=0,0,2-19,eligible_train,at_least_2_utterances,f13c86feac11ecc525835213df1741fdc5b179c4c07d66359a0d43b05d0f05f4,20260729,v2
2226,train,3,9.000000,train=0|train_small=0|part=3|test=0,0,2-19,eligible_train,at_least_2_utterances,5121c1044d4a1f093b1276b66754c32a2c022a36f866dc3473e9753c844f4c9f,20260729,v2
2227,train,3,9.000000,train=0|train_small=0|part=3|test=0,0,2-19,eligible_train,at_least_2_utterances,8dd9b493bda681ea517b752cd478083c756b14d3cd01b38fa257d9635f009409,20260729,v2
2228,train,2,6.000000,train=0|train_small=0|part=2|test=0,0,2-19,eligible_train,at_least_2_utterances,0dc87e059c8a043494186237a62199160b72be387f8a7844ce1643ad34b5397c,20260729,v2
2229,train,3,9.000000,train=0|train_small=0|part=3|test=0,0,2-19,eligible_train,at_least_2_utterances,d3a42f5bff0e10ebef9ce98ff19c37b56e70330dc7cec298b4a802116d4829bb,20260729,v2
2230,excluded,1,3.000000,train=0|train_small=0|part=1|test=0,0,1,ineligible,singleton_speaker,7e44d6ca9b4b14cad48249a74b44b4bc72d8b66f48191274daf05d25319fb4fd,20260729,v2
2231,train,5,15.000000,train=0|train_small=0|part=5|test=0,0,2-19,eligible_train,at_least_2_utterances,087ff3a703f6860741a4edcc431c8fac6b953d5a5e934f0a12bfff81065410cd,20260729,v2
2232,excluded,1,3.000000,train=0|train_small=0|part=1|test=0,0,1,ineligible,singleton_speaker,87a7f1f0c2b2d513d4048b142f20c9df3cc7b9a60375a3c6860dd1295d14301d,20260729,v2
2233,excluded,1,3.000000,train=0|train_small=0|part=1|test=0,0,1,ineligible,singleton_speaker,1e8109f06a2e0acdcbdd3594d7761f7e9d3c48f0e3c4089bb3bd230d89e5b508,20260729,v2
2234,train,4,12.000000,train=0|train_small=0|part=4|test=0,0,2-19,eligible_train,at_least_2_utterances,949c868ac42d2036fc6eb8697926236a245fc63dc65728f25fe793cd200461d0,20260729,v2
2235,excluded,1,3.000000,train=0|train_small=0|part=1|test=0,0,1,ineligible,singleton_speaker,e14fbea05b6d507c0005f598e9f820e5b74b7e8f9f1027b5be9eecfad9263b9f,20260729,v2
2236,excluded,1,3.000000,train=0|train_small=0|part=1|test=0,0,1,ineligible,singleton_speaker,5410ca705a42728d09c7a272e1b000c5d4fa70984888e31e152464b573d34b6a,20260729,v2
2237,train,4,12.000000,train=0|train_small=0|part=4|test=0,0,2-19,eligible_train,at_least_2_utterances,0686673fb743500a050469e31b0551176eaffc10ca5c9007eee2301fed81c979,20260729,v2
2238,train,3,9.000000,train=0|train_small=0|part=3|test=0,0,2-19,eligible_train,at_least_2_utterances,ec287f64ec228f94a6fdf12f221a2047557a54ad685d3bc343981b1a56abb384,20260729,v2
2239,train,2,6.000000,train=0|train_small=0|part=2|test=0,0,2-19,eligible_train,at_least_2_utterances,e242d019d6b86d929aecba5c657e5f7c4d1def0f375efa88185ff18d75970fad,20260729,v2
2240,train,2,6.000000,train=0|train_small=0|part=2|test=0,0,2-19,eligible_train,at_least_2_utterances,83245a5ee3e699fd2b9b4b3a8e4b38597a11f9ddcaa0a331dd9179e18a382831,20260729,v2
2241,excluded,1,3.000000,train=0|train_small=0|part=1|test=0,0,1,ineligible,singleton_speaker,4644eb4df5820bf13475d9b43b90618c29ca1caa48e374673b52ccab09c6a3f5,20260729,v2
2242,train,4,12.000000,train=0|train_small=0|part=4|test=0,0,2-19,eligible_train,at_least_2_utterances,6cbe78370ccf40657baa7367d94a40a505649239c77f7a8da1c40604fb181718,20260729,v2
2243,train,2,6.000000,train=0|train_small=0|part=2|test=0,0,2-19,eligible_train,at_least_2_utterances,84521c39663bff20efe629482f4539b722380565266dde11f563dd95faefb7a2,20260729,v2
2244,train,3,9.000000,train=0|train_small=0|part=3|test=0,0,2-19,eligible_train,at_least_2_utterances,f7e913c7fe221fc15b0a1eb22bda14233abd4ae8a31e9a1d24656d612f502790,20260729,v2
2245,train,2,6.000000,train=0|train_small=0|part=2|test=0,0,2-19,eligible_train,at_least_2_utterances,1832956caa8f2e1b5a9a93009080732083c4bae4216a7b687e1d274f3f2878d0,20260729,v2
2246,train,4,12.000000,train=0|train_small=0|part=4|test=0,0,2-19,eligible_train,at_least_2_utterances,846de1ae963faaf9df2a75243468177af9036453aa85f773d673b8a0af45fc3c,20260729,v2
2247,excluded,1,3.000000,train=0|train_small=0|part=1|test=0,0,1,ineligible,singleton_speaker,9e933048252a726f42b3a2ae5327faeebade9640ec0b56f60b734dfacbf3d046,20260729,v2
2248,train,3,9.000000,train=0|train_small=0|part=3|test=0,0,2-19,eligible_train,at_least_2_utterances,39f9088f2099bfc9d84d8a06cebf43b8661eb22f99501575176eb2218749f752,20260729,v2
2249,train,93,279.000000,train=0|train_small=0|part=93|test=0,0,50-99,eligible_train,at_least_2_utterances,d4788511fb80c4918256c87776ba7f771870a371f99f669c780b2223d8b3dc6e,20260729,v2
2250,train,160,480.000000,train=0|train_small=0|part=160|test=0,0,100-199,eligible_train,at_least_2_utterances,5c6914660274a0856d96ca5886c83accb184c9ecf03b141e2305afe451fe2805,20260729,v2
2251,test,50,150.000000,train=0|train_small=0|part=50|test=0,0,50-99,eligible_evaluation,at_least_20_utterances,40063310d9abf3224ab3ddd489e88930885f0af8cceca8e8ded96a24a190641b,20260729,v2
2252,train,4,12.000000,train=0|train_small=0|part=4|test=0,0,2-19,eligible_train,at_least_2_utterances,12096c6b917ae6abc28a86af40c37646c5877188c0ec106615d3efa1f2c9937a,20260729,v2
2253,validation,45,135.000000,train=0|train_small=0|part=45|test=0,0,20-49,eligible_evaluation,at_least_20_utterances,1e5e42ca5748f794c9fea72fcb904ebe275978407ed1389d8b10725c074fe4f7,20260729,v2
2254,validation,104,312.000000,train=0|train_small=0|part=104|test=0,0,100-199,eligible_evaluation,at_least_20_utterances,1e8dc75ffe547ff49146f4c4dece688db4edff66ae2d95c8d46e410ea67e92b4,20260729,v2
2255,train,2,6.000000,train=0|train_small=0|part=2|test=0,0,2-19,eligible_train,at_least_2_utterances,43f4045981e33faf740d77a340e8512f5fea8b24b248fe39d93454e95d132321,20260729,v2
2256,train,127,381.000000,train=0|train_small=0|part=127|test=0,0,100-199,eligible_train,at_least_2_utterances,ad4ccdce09ed9e699c6a36a64203dee72b55fc944b2ccd9c15c820f238bb89c6,20260729,v2
2257,train,9,27.000000,train=0|train_small=0|part=9|test=0,0,2-19,eligible_train,at_least_2_utterances,99ca5e8e60c4c6a0254fd70f53e32c5454f07a30296aa8805d5a4140f1549dc1,20260729,v2
2258,train,4,12.000000,train=0|train_small=0|part=4|test=0,0,2-19,eligible_train,at_least_2_utterances,82492511e76751d2f383bf3d2a760c93882828b9d853d1c33a5b7cedb55fd6a3,20260729,v2
2259,train,21,63.000000,train=0|train_small=0|part=21|test=0,0,20-49,eligible_train,at_least_2_utterances,56e3714ec44a91adee8d03f9442ca75480cf935bf7d6f7fcf6a4e67d2ef6b254,20260729,v2
2260,train,81,243.000000,train=0|train_small=0|part=81|test=0,0,50-99,eligible_train,at_least_2_utterances,c967fdb5a8b0072e9013fdf0470362347c47b7da30b7d42b50822667e27f3a96,20260729,v2
2261,validation,28,84.000000,train=0|train_small=0|part=28|test=0,0,20-49,eligible_evaluation,at_least_20_utterances,1da7af48a19cc10865aded09076a4bd8007dd76edf627ffa5f23aed56d06ddd0,20260729,v2
2262,train,10,30.000000,train=0|train_small=0|part=10|test=0,0,2-19,eligible_train,at_least_2_utterances,ce6720dceabb0d5a26abc5ce113b3355a3df543942454824a4298cadc069587a,20260729,v2
2263,train,9,27.000000,train=0|train_small=0|part=9|test=0,0,2-19,eligible_train,at_least_2_utterances,76ced07af1c85271084488cab7072f7abb148f5a471fe315a80f7a0aa3844a47,20260729,v2
2264,train,14,42.000000,train=0|train_small=0|part=14|test=0,0,2-19,eligible_train,at_least_2_utterances,98edfb19a9d059d75dad0428a5351c1459b3a4381235840d98db4853285a7b95,20260729,v2
2265,train,99,297.000000,train=0|train_small=0|part=99|test=0,0,50-99,eligible_train,at_least_2_utterances,85d551e2590c628e89a7cbcd49f1aeb88f4c3843410bd25d2339eafd1eedaab6,20260729,v2
2266,train,14,42.000000,train=0|train_small=0|part=14|test=0,0,2-19,eligible_train,at_least_2_utterances,15abb0fffacd59b15b7552816715722950e4fdb88c1dc8a2c81f225fb711a2a2,20260729,v2
2267,train,3,9.000000,train=0|train_small=0|part=3|test=0,0,2-19,eligible_train,at_least_2_utterances,7f464606fb4946eb07104a2879b98b33fd5e2b6ba339d7da744696f51d5fbcae,20260729,v2
2268,train,18,54.000000,train=0|train_small=0|part=18|test=0,0,2-19,eligible_train,at_least_2_utterances,13b55e373ebfadd35fee555fe3bd3117f491ffb25a53f566e17f07327f3fb97e,20260729,v2
2269,train,40,120.000000,train=0|train_small=0|part=40|test=0,0,20-49,eligible_train,at_least_2_utterances,f4c88223385e0ca078d83cbed4510521b997ec9c66d5b5ca4229dd3ab454bbce,20260729,v2
2270,train,8,24.000000,train=0|train_small=0|part=8|test=0,0,2-19,eligible_train,at_least_2_utterances,551612ef7ca0380e28a690bf267b01873869044486e6190f1ca32bdacb16f67e,20260729,v2
2271,train,81,243.000000,train=0|train_small=0|part=81|test=0,0,50-99,eligible_train,at_least_2_utterances,aed17827b933db8218bd968fcc44a1d954ed86fa2a199629025fdb57e1ed26da,20260729,v2
2272,train,17,51.000000,train=0|train_small=0|part=17|test=0,0,2-19,eligible_train,at_least_2_utterances,718e4dec9cfe8501fd9fbe63eead8160098dc7efdac304a6df859f47073c415a,20260729,v2
2273,train,42,126.000000,train=0|train_small=0|part=42|test=0,0,20-49,eligible_train,at_least_2_utterances,4b12b9b394ef3aebb52a1cccb470d1de521009a932e80c58af172e5384fbbc4a,20260729,v2
2274,train,96,288.000000,train=0|train_small=0|part=96|test=0,0,50-99,eligible_train,at_least_2_utterances,ed41dfab00ecf912454411b7fa3a1a72cc34fee0cf57d5394db2f168b9e92550,20260729,v2
2275,train,7,21.000000,train=0|train_small=0|part=7|test=0,0,2-19,eligible_train,at_least_2_utterances,f594cae0a3000393b453c809fb89ef03335cf8cd46950a4fb938b2d9e9c54142,20260729,v2
2276,validation,77,231.000000,train=0|train_small=0|part=77|test=0,0,50-99,eligible_evaluation,at_least_20_utterances,002c1018f2a7e04c214e3943ff7508cded3120800fa51e58d6ab0a1d1a43d1db,20260729,v2
2277,train,50,150.000000,train=0|train_small=0|part=50|test=0,0,50-99,eligible_train,at_least_2_utterances,c04802e970ae992ad20d34a72aafc03aac804f7d3f7ffb2567258b7f5134e19f,20260729,v2
2278,train,40,120.000000,train=0|train_small=0|part=40|test=0,0,20-49,eligible_train,at_least_2_utterances,70deed63b8246c3af36ea87814cf213cf2a14d4d2731daefb4d492f0375d2b40,20260729,v2
2279,train,9,27.000000,train=0|train_small=0|part=9|test=0,0,2-19,eligible_train,at_least_2_utterances,af36f7abd159da633d5de0ce3f74a96ae280a19f5b0e51f5a4d2e41f943568f9,20260729,v2
2280,train,43,129.000000,train=0|train_small=0|part=43|test=0,0,20-49,eligible_train,at_least_2_utterances,b344e836da9b8de1ceef3d2cb1b0345e55ea06665728160901f2666aaff1ae89,20260729,v2
2281,train,34,102.000000,train=0|train_small=0|part=34|test=0,0,20-49,eligible_train,at_least_2_utterances,93844a4650defd13d44644d6146586ead0391aa6ddbd12021db6254aa08c725c,20260729,v2
2282,train,27,81.000000,train=0|train_small=0|part=27|test=0,0,20-49,eligible_train,at_least_2_utterances,cc900de1728d9296dbdaf672381ba0323662ff4c3680d25b0181ce521ffe3534,20260729,v2
2283,validation,22,66.000000,train=0|train_small=0|part=22|test=0,0,20-49,eligible_evaluation,at_least_20_utterances,08e7f042a61391da5411e6fbd4d02337089299ffe1e913d76d0da64d6a6a2092,20260729,v2
2284,train,10,30.000000,train=0|train_small=0|part=10|test=0,0,2-19,eligible_train,at_least_2_utterances,cb69b0baa9a94ccd44963eb1d7e32b983d9b3d3ec4e47c14ddf0cc553ecf9f6f,20260729,v2
2385,excluded,1,3.000000,train=0|train_small=0|part=1|test=0,0,1,ineligible,singleton_speaker,f3aa9e8b3b7cd40aa29b9e877e26b641f9540138c65fdd7cca21ab50d9868c26,20260729,v2
2388,excluded,1,3.000000,train=0|train_small=0|part=1|test=0,0,1,ineligible,singleton_speaker,f692b2e594954774046eecb1ab5a77e2ae47e279d8c8d4e0a08b64a55bfa1f55,20260729,v2
2437,excluded,1,3.000000,train=0|train_small=0|part=1|test=0,0,1,ineligible,singleton_speaker,54f5a46bb722bb711f2154fefa2be48c1fab40148c3ebad03bce3632ddea6194,20260729,v2
2439,excluded,1,3.000000,train=0|train_small=0|part=1|test=0,0,1,ineligible,singleton_speaker,7445f13f370ef49527ee5978894d9b12a2eb6d072bb1ae25cf49b8f88bb689eb,20260729,v2
2444,excluded,1,3.000000,train=0|train_small=0|part=1|test=0,0,1,ineligible,singleton_speaker,0aac114539b7515758bfab11f42d004717b857a85d5c1607e7186f278ecbc0ae,20260729,v2
2487,excluded,1,3.000000,train=0|train_small=0|part=1|test=0,0,1,ineligible,singleton_speaker,9dc36c173a410e4137a12afe8613fdb9fb6f89b35fca3bfad6015102f873c81e,20260729,v2
2490,excluded,1,3.000000,train=0|train_small=0|part=1|test=0,0,1,ineligible,singleton_speaker,c2612b001d9a9d24d040ff527d221f56fd8d5f582a9ae8ffc3c494e9c1004d5d,20260729,v2
2491,excluded,1,3.000000,train=0|train_small=0|part=1|test=0,0,1,ineligible,singleton_speaker,a8b1c1f74a04db50aab676872d36a4a9050e7b9539d40b4beae2699654713b01,20260729,v2
2493,excluded,1,3.000000,train=0|train_small=0|part=1|test=0,0,1,ineligible,singleton_speaker,e2ab3729085bc205ec6226431fccff7f967fa19790d3ce3684f6c61463dace96,20260729,v2
2495,excluded,1,3.000000,train=0|train_small=0|part=1|test=0,0,1,ineligible,singleton_speaker,0e6524632010a6356a24df1b463a06f5915db3d8196fb1de0b9f12e06f5ee5fc,20260729,v2
